#,DATETIME,T2,U2,RH2,PRES,RRR,N
1,2014-10-01 00:00,0.3,2.08,95.09,687.58,0.1138,1
2,2014-10-01 01:00,-0.2,2.8,93.44,687.48,0.0569,1
3,2014-10-01 02:00,-0.9,3.36,93.1,687.28,0,1
4,2014-10-01 03:00,-1.3,3.36,93.08,687.08,0,1
5,2014-10-01 04:00,-2,2.8,92.12,686.88,0,1
6,2014-10-01 05:00,-2.1,5.44,90.57,686.88,0,1
7,2014-10-01 06:00,-2.1,4.56,90.55,686.88,0,1
8,2014-10-01 07:00,-1.5,4.88,90.57,686.88,0,0.73
9,2014-10-01 08:00,-1.5,4.16,90.57,687.08,0,0.81
10,2014-10-01 09:00,-0.7,1.28,89.66,687.48,0,0.79
11,2014-10-01 10:00,-0.5,4.16,89.96,687.58,0,0.92
12,2014-10-01 11:00,-0.1,3.36,89.64,687.68,0,0.97
13,2014-10-01 12:00,-0.7,5.44,85.66,687.38,0,0.97
14,2014-10-01 13:00,-0.2,4.16,85.95,687.28,0,0.97
15,2014-10-01 14:00,-0.1,1.28,86.51,687.38,0,0.96
16,2014-10-01 15:00,-0.2,0.5,86.17,687.18,0,0.88
17,2014-10-01 16:00,0,4.64,89.09,687.18,0,0.85
18,2014-10-01 17:00,-0.5,8.08,88.49,687.18,0,0.38
19,2014-10-01 18:00,-0.9,7.44,92.11,687.38,0,0
20,2014-10-01 19:00,-1.4,7.12,90.54,687.58,0,0
21,2014-10-01 20:00,-1.6,8.8,88.43,687.68,0,0.86
22,2014-10-01 21:00,-1.6,8.32,83.97,687.58,0,1
23,2014-10-01 22:00,-1.5,7.84,77.09,687.68,0,1
24,2014-10-01 23:00,-1.6,8.16,80.52,687.48,0,1
25,2014-10-02 00:00,-1.8,7.12,66.74,687.58,0,1
26,2014-10-02 01:00,-1.7,7.28,58.6,687.38,0,1
27,2014-10-02 02:00,-1.4,6.72,46.81,687.38,0.0569,1
28,2014-10-02 03:00,-1.1,6.48,31.68,687.28,0,0.89
29,2014-10-02 04:00,-0.8,7.36,23.54,687.18,0,0
30,2014-10-02 05:00,-1.1,6.24,24.94,687.08,0,0
31,2014-10-02 06:00,-1.1,6.16,19.37,687.28,0,1
32,2014-10-02 07:00,-1,4.96,15.9,687.58,0,0.41
33,2014-10-02 08:00,-0.9,4.48,15.82,687.68,0,0.11
34,2014-10-02 09:00,0.8,2.08,21.31,687.88,0,0
35,2014-10-02 10:00,1.6,2.16,24.66,687.98,0,0
36,2014-10-02 11:00,1.6,1.68,51.89,687.98,0,0
37,2014-10-02 12:00,1.6,1.84,55.3,687.88,0,0
38,2014-10-02 13:00,0.5,4.48,56.31,687.88,0,0
39,2014-10-02 14:00,0.4,5.92,61.63,687.68,0,0
40,2014-10-02 15:00,0.3,6.88,59.66,687.48,0,0
41,2014-10-02 16:00,0,7.04,71.77,687.58,0,0.94
42,2014-10-02 17:00,-0.5,7.44,84.91,687.58,0,0
43,2014-10-02 18:00,-0.9,8,86.63,687.68,0,0
44,2014-10-02 19:00,-0.8,5.52,87.44,687.98,0,0
45,2014-10-02 20:00,-1.1,5.28,84.62,687.98,0,0
46,2014-10-02 21:00,-0.9,6.24,92.46,687.78,0,0
47,2014-10-02 22:00,-0.9,5.44,92.46,687.68,0,0.3
48,2014-10-02 23:00,-0.8,7.36,90.89,687.38,0,0.61
49,2014-10-03 00:00,-1,7.2,86,687.18,0,0.88
50,2014-10-03 01:00,-1.1,6.72,66.46,686.88,0,0.96
51,2014-10-03 02:00,-1.2,6.32,42.59,686.58,0,0.9
52,2014-10-03 03:00,-1.2,6.8,30.26,686.38,0,0
53,2014-10-03 04:00,-1.2,6.4,29.84,686.38,0,0
54,2014-10-03 05:00,-1.3,5.28,30.25,686.28,0,0
55,2014-10-03 06:00,-1.3,5.84,25.7,686.18,0,1
56,2014-10-03 07:00,-1.1,3.68,23.38,686.38,0,0.42
57,2014-10-03 08:00,-0.8,4.16,25.11,686.48,0,0.11
58,2014-10-03 09:00,0.1,2,28.53,686.38,0,0
59,2014-10-03 10:00,0.7,1.6,27.81,686.28,0,0
60,2014-10-03 11:00,0.8,1.6,33.82,686.18,0,0
61,2014-10-03 12:00,0.6,1.28,54.69,685.98,0,0.25
62,2014-10-03 13:00,0.5,1.76,44.44,685.68,0,0.11
63,2014-10-03 14:00,-0.4,1.68,45.72,685.48,0,0.18
64,2014-10-03 15:00,-1.3,2.88,56.49,685.28,0,0.29
65,2014-10-03 16:00,-1.5,2.64,67.58,685.08,0,0.92
66,2014-10-03 17:00,-1.9,2,79.04,685.08,0,0
67,2014-10-03 18:00,-2.2,1.84,81.13,684.98,0,0
68,2014-10-03 19:00,-2.5,4,85.47,684.88,0,0
69,2014-10-03 20:00,-2.6,3.92,90.92,684.78,0.0569,0
70,2014-10-03 21:00,-2.5,3.76,92.16,684.58,0,0
71,2014-10-03 22:00,-2.5,3.36,89.4,684.28,0,0
72,2014-10-03 23:00,-2.4,4.24,88.52,683.98,0,0.25
73,2014-10-04 00:00,-2.2,5.28,87.93,683.68,0,0.88
74,2014-10-04 01:00,-2.4,5.76,87.62,683.18,0,1
75,2014-10-04 02:00,-2.8,5.12,89.96,682.88,0,1
76,2014-10-04 03:00,-2.7,6.16,92.11,682.58,0,1
77,2014-10-04 04:00,-2.6,4.24,91.15,682.38,0.0569,1
78,2014-10-04 05:00,-2.5,4.08,86.15,682.18,0.0569,1
79,2014-10-04 06:00,-2.2,2.4,86.79,682.18,0,1
80,2014-10-04 07:00,-1.1,5.2,80.69,682.18,0,0.39
81,2014-10-04 08:00,-0.2,1.04,76.24,682.38,0.0569,0
82,2014-10-04 09:00,0.6,1.92,73.14,682.48,0,0
83,2014-10-04 10:00,1,2.8,71.06,682.38,0,0
84,2014-10-04 11:00,1.6,2.96,74.75,682.38,0,0
85,2014-10-04 12:00,1.8,1.36,73.68,682.08,0,0
86,2014-10-04 13:00,2,0.96,69.41,681.88,0,0
87,2014-10-04 14:00,1.1,0.5,67.32,681.58,0,0
88,2014-10-04 15:00,0.6,0.96,79.84,681.38,0,0
89,2014-10-04 16:00,-0.9,1.28,82.35,681.18,0,0.81
90,2014-10-04 17:00,-2.8,0.88,83.52,681.18,0,0.79
91,2014-10-04 18:00,-3.7,1.68,84.47,681.18,0,1
92,2014-10-04 19:00,-3.7,0.5,84.99,681.18,0.0569,0.76
93,2014-10-04 20:00,-4.2,0.88,90.05,681.18,0.1138,0
94,2014-10-04 21:00,-4.1,1.76,89.4,681.08,0.1706,0.93
95,2014-10-04 22:00,-2.9,0.8,90.59,680.98,0,0.92
96,2014-10-04 23:00,-3.4,0.5,93.1,680.68,0.7964,1
97,2014-10-05 00:00,-3.5,1.38,95.41,680.48,2.3322,1
98,2014-10-05 01:00,-2.6,0.5,83.51,680.38,1.1945,1
99,2014-10-05 02:00,-3.1,0.5,82.45,680.08,0.2275,1
100,2014-10-05 03:00,-3.2,4.16,87.46,679.88,0.0569,0.37
101,2014-10-05 04:00,-5.5,1.76,90.09,679.58,0.2275,0.76
102,2014-10-05 05:00,-6.5,0.56,95.65,679.38,0.0569,0.96
103,2014-10-05 06:00,-5.5,0.5,86.54,679.38,0,0.29
104,2014-10-05 07:00,-2.5,1.44,91.05,679.48,0.0569,0.93
105,2014-10-05 08:00,-0.3,0.5,77.04,679.58,0.0569,0.9
106,2014-10-05 09:00,2.2,0.5,87.44,679.78,0.0569,0.9
107,2014-10-05 10:00,2.7,0.5,80.82,679.78,0.1706,0.45
108,2014-10-05 11:00,4,0.8,77.84,679.68,0,0
109,2014-10-05 12:00,1,0.5,78.03,679.48,0.3413,0.16
110,2014-10-05 13:00,0.4,1.04,72.76,679.28,1.0239,0.73
111,2014-10-05 14:00,0.5,0.5,68.38,679.18,0.1138,0.64
112,2014-10-05 15:00,-0.8,0.5,78.91,678.98,0.2844,0.96
113,2014-10-05 16:00,-1.7,0.5,91.54,678.88,0.3982,0.81
114,2014-10-05 17:00,-2.8,0.5,90.62,678.88,0.3413,0.66
115,2014-10-05 18:00,-2.9,0.5,89.99,678.78,2.2184,1
116,2014-10-05 19:00,-3.5,0.5,94.05,678.68,1.0239,1
117,2014-10-05 20:00,-5.9,4.48,93.37,678.48,0.8532,0.91
118,2014-10-05 21:00,-5.1,3.44,95.35,678.38,0.1706,0.54
119,2014-10-05 22:00,-4.9,2.16,93.01,678.38,0.3982,0.7
120,2014-10-05 23:00,-4,6.72,91.4,677.98,1.0239,0.85
121,2014-10-06 00:00,-4.1,4.56,88.96,677.78,1.1945,0.99
122,2014-10-06 01:00,-4.2,5.44,88.96,677.48,0.6257,1
123,2014-10-06 02:00,-4.6,0.5,88.96,677.08,1.2798,1
124,2014-10-06 03:00,-5.5,1.2,88.59,677.08,0.9386,1
125,2014-10-06 04:00,-5.2,1.6,89.16,676.88,1.1092,1
126,2014-10-06 05:00,-5.1,1.44,85.12,676.88,1.9624,1
127,2014-10-06 06:00,-5.5,0.5,64.9,676.88,1.3652,1
128,2014-10-06 07:00,-3.9,0.56,75.82,676.88,0.3413,0.42
129,2014-10-06 08:00,-3.8,0.72,77.32,677.18,0.7679,0.37
130,2014-10-06 09:00,-5.1,2.08,62.97,677.38,1.5358,0.02
131,2014-10-06 10:00,-2.9,1.6,64.91,677.48,2.1046,0
132,2014-10-06 11:00,-1.3,0.72,83.71,677.58,0.5688,0
133,2014-10-06 12:00,-2,1.12,73.2,677.58,0.3982,0
134,2014-10-06 13:00,-2.1,4.32,68.48,677.58,0.2844,0
135,2014-10-06 14:00,-1.2,2,73.55,677.68,0.2844,0
136,2014-10-06 15:00,-0.5,1.12,74.33,677.68,0.2844,0
137,2014-10-06 16:00,-1.1,3.92,79.14,677.88,0.1706,0.93
138,2014-10-06 17:00,-1.8,0.88,69.86,678.08,0.1138,0
139,2014-10-06 18:00,-2.6,0.5,65.51,678.38,0.1138,0
140,2014-10-06 19:00,-2.5,0.5,66.5,678.48,0,0
141,2014-10-06 20:00,-2.5,2.24,56.65,678.58,0,0
142,2014-10-06 21:00,-2.4,5.04,52.81,678.48,0,0.51
143,2014-10-06 22:00,-3.5,2.72,55.53,678.08,0.1138,0
144,2014-10-06 23:00,-4.3,7.44,55.73,677.78,0.0569,0
145,2014-10-07 00:00,-4.8,6,82.04,677.38,0.0569,0.84
146,2014-10-07 01:00,-3,1.6,75.26,677.58,0.1706,0.94
147,2014-10-07 02:00,-1.8,0.8,86.06,677.58,0,0.98
148,2014-10-07 03:00,-2.1,0.56,90.13,677.48,0.0569,0.95
149,2014-10-07 04:00,-2,0.96,93.99,677.58,0.1138,0.98
150,2014-10-07 05:00,-2,0.5,93.02,677.78,0,0.93
151,2014-10-07 06:00,-1.6,0.8,91.14,677.88,0,0.37
152,2014-10-07 07:00,-1.4,0.88,90.34,678.38,0.1706,0.82
153,2014-10-07 08:00,-1.3,0.8,89.43,678.28,0.1706,0.51
154,2014-10-07 09:00,-0.9,1.04,89.73,679.08,0.1138,0.8
155,2014-10-07 10:00,-0.7,2.24,89.81,679.28,0.0569,0.8
156,2014-10-07 11:00,-0.3,1.28,88.79,679.68,0,0.77
157,2014-10-07 12:00,-0.6,6.72,94.63,679.48,0.0569,0.79
158,2014-10-07 13:00,-1.1,5.44,88.85,679.28,0,0.87
159,2014-10-07 14:00,-1.5,4.56,86.38,679.68,0.0569,0.96
160,2014-10-07 15:00,-1.8,10.08,89.24,679.68,0,0.96
161,2014-10-07 16:00,-1.8,0.5,88.48,679.58,0.1138,0.93
162,2014-10-07 17:00,-2.1,12.96,87.21,679.88,0.0569,0.97
163,2014-10-07 18:00,-2,9.36,95.02,680.18,0.1138,0.93
164,2014-10-07 19:00,-1.8,9.36,90.4,680.38,0.1706,0.98
165,2014-10-07 20:00,-2.1,7.84,86.16,680.78,0.1138,1
166,2014-10-07 21:00,-1.8,8.24,88.2,680.78,0.0569,0.97
167,2014-10-07 22:00,-1.9,9.36,87.4,680.98,0.1138,0.98
168,2014-10-07 23:00,-1.8,7.52,92.16,680.98,0.0569,1
169,2014-10-08 00:00,-1.2,9.36,93.42,680.98,0.967,1
170,2014-10-08 01:00,-1.8,6.72,93.09,680.78,0.1706,1
171,2014-10-08 02:00,-2.4,0.5,88.68,680.38,0.0569,1
172,2014-10-08 03:00,-2.3,0.5,80.32,680.48,0.0569,0.86
173,2014-10-08 04:00,-2.5,0.5,67.85,680.38,0,0.59
174,2014-10-08 05:00,-3.8,0.5,50.2,680.88,0,0.63
175,2014-10-08 06:00,-3.7,0.5,46,680.98,0,0.44
176,2014-10-08 07:00,-3.5,0.5,38.24,681.48,0.0569,0.98
177,2014-10-08 08:00,-3.3,0.5,45.47,681.68,0,0.98
178,2014-10-08 09:00,-2.7,0.5,66.28,681.88,0,0.98
179,2014-10-08 10:00,-3.2,0.5,48.96,682.18,0,0.98
180,2014-10-08 11:00,-2.7,0.5,46.99,682.08,0,0.98
181,2014-10-08 12:00,0.2,0.5,60.15,681.78,0.0569,0.96
182,2014-10-08 13:00,0.7,0.5,61.71,681.78,0,0.95
183,2014-10-08 14:00,-0.4,0.5,84.41,682.08,0,0.96
184,2014-10-08 15:00,-0.6,0.5,72.83,682.18,0,0.88
185,2014-10-08 16:00,-0.6,0.64,76.77,682.18,0,0.87
186,2014-10-08 17:00,-1.6,0.88,59.97,682.48,0.1706,0
187,2014-10-08 18:00,-2.5,1.76,53.85,682.48,0,0
188,2014-10-08 19:00,-2.3,3.92,72.82,682.38,0.0569,0
189,2014-10-08 20:00,-2.4,4.32,69.88,682.48,0,0
190,2014-10-08 21:00,-2.4,8,61.37,682.38,0.0569,0
191,2014-10-08 22:00,-2.2,7.52,37.95,682.38,0,0
192,2014-10-08 23:00,-2,4.08,40.56,682.28,0,0
193,2014-10-09 00:00,-2.1,7.36,40.28,682.08,0,0
194,2014-10-09 01:00,-1.9,9.2,48.75,681.68,0,0
195,2014-10-09 02:00,-2.2,4.56,49.45,681.88,0,0
196,2014-10-09 03:00,-1.9,5.04,43.67,681.48,0,0
197,2014-10-09 04:00,-2.1,3.28,47.73,681.58,0,0
198,2014-10-09 05:00,-1.7,5.76,63.1,681.38,0.0569,0
199,2014-10-09 06:00,-1.3,7.52,63.13,681.58,0,1
200,2014-10-09 07:00,-1.7,10.56,63.41,681.68,0,0.55
201,2014-10-09 08:00,-2.8,10.08,65.03,681.58,0,0
202,2014-10-09 09:00,-2.7,14.56,70.49,681.18,0,0
203,2014-10-09 10:00,-3,14.24,60.15,681.18,0,0
204,2014-10-09 11:00,-2.8,10.32,55.69,681.58,0,0
205,2014-10-09 12:00,-2.2,4.64,64.66,682.08,0,0
206,2014-10-09 13:00,-1.2,4.56,63.24,681.88,0,0
207,2014-10-09 14:00,-1.4,6.48,66.7,681.98,0,0
208,2014-10-09 15:00,-1,4.48,77.1,682.08,0,0.18
209,2014-10-09 16:00,-0.8,2.8,87.75,682.18,0,0.46
210,2014-10-09 17:00,-1.2,4.56,95.34,681.98,0,0.25
211,2014-10-09 18:00,-1,3.04,94.07,682.18,0,0.85
212,2014-10-09 19:00,-0.7,2.64,93.09,682.48,0.0569,0.74
213,2014-10-09 20:00,-0.8,2,90.82,682.58,0.1138,0.96
214,2014-10-09 21:00,-0.6,1.2,91.22,682.78,0,0.71
215,2014-10-09 22:00,-0.5,1.76,90.9,682.68,0.0569,0.82
216,2014-10-09 23:00,-0.4,12.16,91.23,682.68,0.0569,0.99
217,2014-10-10 00:00,-0.5,12.16,91.38,682.98,0.2844,0.98
218,2014-10-10 01:00,-0.5,15.2,90.78,682.88,0.2275,1
219,2014-10-10 02:00,-0.8,5.44,88.91,682.38,1.4221,1
220,2014-10-10 03:00,-1.8,10.56,89.51,682.28,0.4551,1
221,2014-10-10 04:00,-2.6,9.76,85.47,682.18,0.3413,0.96
222,2014-10-10 05:00,-3.3,6.72,82.69,681.88,0.1138,0.7
223,2014-10-10 06:00,-2.9,6.72,84.85,681.88,0.0569,0.43
224,2014-10-10 07:00,-3.2,7.52,79.85,682.18,0.2844,0.98
225,2014-10-10 08:00,-3.2,9.36,69.09,682.58,0.3982,0.8
226,2014-10-10 09:00,-2.3,9.36,57.26,682.78,0,0.6
227,2014-10-10 10:00,-3.5,9.36,56.41,682.58,0,0
228,2014-10-10 11:00,-2.7,9.36,58.19,682.68,0,0.26
229,2014-10-10 12:00,-2.9,7.84,61.27,682.48,0,0.88
230,2014-10-10 13:00,-1.8,2.08,64.25,682.48,0,0.82
231,2014-10-10 14:00,-1.5,9.36,69.28,682.58,0,0.96
232,2014-10-10 15:00,-1.4,12.16,74.24,682.58,0.0569,0.95
233,2014-10-10 16:00,-1.6,19.2,74.21,682.78,0.2844,0.93
234,2014-10-10 17:00,-1.8,16.56,74.59,682.58,0.1138,0.92
235,2014-10-10 18:00,-1.9,16.56,81.43,682.78,0.0569,0.73
236,2014-10-10 19:00,-2.2,15.2,80.83,682.48,0.2275,0.81
237,2014-10-10 20:00,-2.3,12.16,82.41,682.48,0,0.72
238,2014-10-10 21:00,-2,9.36,87.61,682.48,0,0.75
239,2014-10-10 22:00,-2.7,12.16,83.7,682.08,0,0.8
240,2014-10-10 23:00,-2.9,10.56,80.6,681.88,0,0.68
241,2014-10-11 00:00,-3,6.72,83.12,681.88,0,0.63
242,2014-10-11 01:00,-3.7,12.16,72.49,681.38,0.0569,0.63
243,2014-10-11 02:00,-2.2,9.36,84.52,681.48,0.0569,0.46
244,2014-10-11 03:00,-2.1,12.16,91.95,680.98,0.2844,0.59
245,2014-10-11 04:00,-2.7,15.2,86.45,679.98,1.0239,1
246,2014-10-11 05:00,-2.7,12.16,89.91,680.18,0.4551,1
247,2014-10-11 06:00,-2.3,13.28,89.93,680.48,1.0239,0.91
248,2014-10-11 07:00,-1.9,15.2,91.16,680.58,0.6826,0.98
249,2014-10-11 08:00,-1.3,12.16,85.51,681.18,0.1706,0.97
250,2014-10-11 09:00,-1.9,9.36,85.53,681.48,0,0.98
251,2014-10-11 10:00,-1.7,2.8,88.33,681.68,0,0.88
252,2014-10-11 11:00,0.3,4.16,87.31,681.58,0,0.8
253,2014-10-11 12:00,0.1,2.08,85.27,681.58,0,0.8
254,2014-10-11 13:00,-0.5,2.8,81.19,681.38,0,0.91
255,2014-10-11 14:00,-2,2.08,79.31,681.58,0,0.96
256,2014-10-11 15:00,-2.9,0.8,70.46,681.68,0,0.96
257,2014-10-11 16:00,-3.5,1.28,83.27,681.58,0,0.92
258,2014-10-11 17:00,-4.2,1.28,82.97,681.68,0,0
259,2014-10-11 18:00,-5,1.04,84.11,681.98,0,0
260,2014-10-11 19:00,-4.8,0.64,84.6,682.18,0,0
261,2014-10-11 20:00,-4.4,1.04,88.47,682.28,0,0
262,2014-10-11 21:00,-4.2,0.5,85.95,682.18,0,0
263,2014-10-11 22:00,-4.2,0.5,91.48,682.18,0,0
264,2014-10-11 23:00,-5.1,1.08,85.82,681.88,0,0
265,2014-10-12 00:00,-4.8,1,74.93,681.98,0,0
266,2014-10-12 01:00,-4.8,1.58,67.52,681.68,0,0
267,2014-10-12 02:00,-4.3,2.74,64.36,681.58,0,0
268,2014-10-12 03:00,-4.3,0.8,76.99,681.18,0,0
269,2014-10-12 04:00,-3.9,0.5,64.88,681.48,0,0
270,2014-10-12 05:00,-3.7,0.64,65.7,681.18,0,0
271,2014-10-12 06:00,-2.4,0.5,60.03,681.38,0.0569,0
272,2014-10-12 07:00,-2.5,0.5,48.88,681.38,0,0.02
273,2014-10-12 08:00,-2.2,0.5,49.32,681.78,0,0.45
274,2014-10-12 09:00,-1.4,0.5,50.57,681.68,0,0.18
275,2014-10-12 10:00,0.2,0.5,69.52,681.88,0,0
276,2014-10-12 11:00,0,0.5,85.45,681.78,0,0.84
277,2014-10-12 12:00,0.1,9.36,75.28,681.68,0.1138,0.97
278,2014-10-12 13:00,0.3,7.04,82.29,681.48,0.3413,0.97
279,2014-10-12 14:00,0.3,6.72,85.67,681.28,1.4221,0.96
280,2014-10-12 15:00,0,9.36,87.27,681.28,1.4789,0.95
281,2014-10-12 16:00,-0.3,7.04,92.54,681.28,2.1615,0.92
282,2014-10-12 17:00,-0.8,6.72,91.63,681.38,0.5119,1
283,2014-10-12 18:00,-0.6,6.72,92.43,681.38,0.7395,0.88
284,2014-10-12 19:00,-1.2,6.72,92.37,680.98,1.7065,0.94
285,2014-10-12 20:00,-0.9,5.44,92.46,681.18,0.3413,0.88
286,2014-10-12 21:00,-1,4.16,92.15,681.08,1.3083,0.89
287,2014-10-12 22:00,-0.7,6.72,91.52,680.88,0.3982,0.89
288,2014-10-12 23:00,-0.8,6.72,91.03,680.18,0.4551,1
289,2014-10-13 00:00,-0.6,7.52,92.11,680.28,0.1706,0.73
290,2014-10-13 01:00,-0.5,5.44,90.62,680.48,0.7395,0.13
291,2014-10-13 02:00,-1.8,6.72,91.8,679.48,0.5119,0.64
292,2014-10-13 03:00,-1.1,12.16,90.74,678.48,0.1138,0
293,2014-10-13 04:00,-1.1,15.2,91.52,679.18,0.0569,0
294,2014-10-13 05:00,-1.4,12.16,91.51,679.08,0.6826,0.73
295,2014-10-13 06:00,-1.4,9.36,91.51,678.88,1.934,1
296,2014-10-13 07:00,-1.2,9.36,91.49,678.88,0.3413,0.98
297,2014-10-13 08:00,-1.1,6.72,91.49,678.98,1.1945,0.97
298,2014-10-13 09:00,-1,6.72,91.49,678.58,1.0239,0.97
299,2014-10-13 10:00,-1.2,6.72,91.52,678.58,0.3413,0.97
300,2014-10-13 11:00,-1.2,5.44,89.42,677.68,1.5358,0.97
301,2014-10-13 12:00,-1,4.16,85.52,678.18,0.1706,0.97
302,2014-10-13 13:00,-0.7,2.8,81.46,677.78,0.1138,0.94
303,2014-10-13 14:00,-1.1,1.28,88.05,677.18,0.5688,0.96
304,2014-10-13 15:00,-1.5,2.08,89.12,677.08,0.2275,0.95
305,2014-10-13 16:00,-1.6,0.8,87.38,676.78,2.1046,1
306,2014-10-13 17:00,-2.5,0.8,89.96,676.48,1.1945,1
307,2014-10-13 18:00,-4.7,1.28,90.55,676.28,0.1706,1
308,2014-10-13 19:00,-2.5,0.8,90.54,676.08,2.4459,1
309,2014-10-13 20:00,-2.8,1.04,90.5,675.98,0.967,1
310,2014-10-13 21:00,-4.9,1.6,88.08,675.88,0.967,1
311,2014-10-13 22:00,-4.8,1.04,85.51,676.08,0.6826,1
312,2014-10-13 23:00,-6,0.64,81.6,675.98,0,1
313,2014-10-14 00:00,-7.8,0.5,81.56,676.38,0,1
314,2014-10-14 01:00,-8,0.64,83.55,676.38,0,1
315,2014-10-14 02:00,-7.2,0.8,78.64,676.18,0,1
316,2014-10-14 03:00,-6.5,0.8,79.09,675.88,0,1
317,2014-10-14 04:00,-6.4,0.64,82.78,675.88,0.0569,1
318,2014-10-14 05:00,-6.5,0.64,75.23,675.88,0,1
319,2014-10-14 06:00,-6.2,0.5,77.34,676.18,0,0.64
320,2014-10-14 07:00,-5.4,2.8,54.48,676.48,0,0
321,2014-10-14 08:00,-5,2.08,55.02,676.78,0,0.35
322,2014-10-14 09:00,-4.3,0.8,59.71,676.98,0,0.37
323,2014-10-14 10:00,-4.7,5.44,47.67,676.98,0.0569,0.46
324,2014-10-14 11:00,-4.9,2.8,63.81,676.98,0.0569,0.4
325,2014-10-14 12:00,-4.6,0.8,56.66,676.98,0,0
326,2014-10-14 13:00,-4.1,0.64,61.9,676.78,0,0.4
327,2014-10-14 14:00,-2.8,1.28,86.16,676.88,0,0.79
328,2014-10-14 15:00,-2.6,1.28,90.53,676.88,0.1706,0.66
329,2014-10-14 16:00,-2.8,1.04,92.38,676.88,1.0239,1
330,2014-10-14 17:00,-2.9,1.6,91.44,676.88,1.0808,0.93
331,2014-10-14 18:00,-2.9,1.28,91.1,676.88,0.5688,0.95
332,2014-10-14 19:00,-3.1,1.28,90.17,676.78,0.1138,0.93
333,2014-10-14 20:00,-3.1,0.64,92.05,676.88,0.7395,0.96
334,2014-10-14 21:00,-3.1,2.8,90.17,676.88,0.7964,1
335,2014-10-14 22:00,-3.2,2.08,88.96,676.58,1.2514,1
336,2014-10-14 23:00,-3.7,2.8,88.95,676.48,1.2514,1
337,2014-10-15 00:00,-3.8,4.16,89.55,676.28,0.3413,1
338,2014-10-15 01:00,-3.6,2.8,90.47,676.18,0.2844,1
339,2014-10-15 02:00,-3.1,1.28,90.16,676.08,0.0569,1
340,2014-10-15 03:00,-3,0.64,89.55,676.28,0,1
341,2014-10-15 04:00,-3.2,0.5,88.69,676.08,0,1
342,2014-10-15 05:00,-3.4,0.5,86.12,675.98,0,1
343,2014-10-15 06:00,-3.4,0.5,83.65,676.08,0,1
344,2014-10-15 07:00,-2.2,0.8,77.16,676.38,0,0.09
345,2014-10-15 08:00,-1.4,0.5,70.69,676.48,0,0.17
346,2014-10-15 09:00,-1.3,0.8,69.35,676.68,0,0.68
347,2014-10-15 10:00,-1.4,0.8,69.8,676.88,0,0.7
348,2014-10-15 11:00,-1.4,2.8,72.22,676.78,0,0.54
349,2014-10-15 12:00,-1.2,0.5,80.26,676.78,0,0.57
350,2014-10-15 13:00,-1.5,0.5,75.46,676.78,0,0.87
351,2014-10-15 14:00,-2.1,0.5,79.96,676.58,0,0.96
352,2014-10-15 15:00,-2.6,0.5,85.83,676.78,0,0.95
353,2014-10-15 16:00,-3,0.5,88.15,676.68,0,1
354,2014-10-15 17:00,-3.4,0.5,88.15,676.58,0,0.92
355,2014-10-15 18:00,-3.2,2.08,88.14,676.88,0,0.93
356,2014-10-15 19:00,-2.8,2.8,89,676.98,0,0.95
357,2014-10-15 20:00,-2.4,4.16,91.1,676.78,0,0.95
358,2014-10-15 21:00,-1.9,4.16,89.91,676.98,0,0.9
359,2014-10-15 22:00,-2.4,2.8,86.45,677.08,0.0569,0.93
360,2014-10-15 23:00,-3.3,2.8,83.99,677.48,0,0.88
361,2014-10-16 00:00,-4.6,1.04,79.8,677.78,0,0.72
362,2014-10-16 01:00,-5.1,0.8,62.89,677.88,0,0
363,2014-10-16 02:00,-5.4,1.04,57.41,678.18,0,0
364,2014-10-16 03:00,-5.6,2.08,39.9,678.68,0,0
365,2014-10-16 04:00,-5.7,0.5,39.02,678.58,0,0
366,2014-10-16 05:00,-4.4,5.44,62.56,678.78,0,0
367,2014-10-16 06:00,-2.9,3.04,67.37,678.78,0,0.57
368,2014-10-16 07:00,-2.5,2.08,62.63,679.28,0,0.98
369,2014-10-16 08:00,-2.2,4.16,68.62,679.48,0,0.98
370,2014-10-16 09:00,-0.9,4.16,91.16,679.68,0,0.97
371,2014-10-16 10:00,0.4,2.8,90.15,679.88,0.1138,0.86
372,2014-10-16 11:00,1,1.28,91.77,680.08,0,0.97
373,2014-10-16 12:00,1.3,0.5,88.42,679.98,0,0.95
374,2014-10-16 13:00,1.7,0.8,86.95,680.08,0.0569,0.77
375,2014-10-16 14:00,1.8,0.5,88.26,680.28,0.0569,0.83
376,2014-10-16 15:00,1.5,4.16,84.65,680.48,0,0.95
377,2014-10-16 16:00,0.8,4.16,90.61,680.38,0.0569,0.99
378,2014-10-16 17:00,0.4,5.44,92.15,680.48,0.0569,0.95
379,2014-10-16 18:00,0.4,0.8,93.44,680.58,0,1
380,2014-10-16 19:00,1,0.96,93.13,680.98,0.1138,1
381,2014-10-16 20:00,1.1,0.5,93.13,680.98,0.0569,1
382,2014-10-16 21:00,1.1,0.5,93.12,681.08,0.1706,1
383,2014-10-16 22:00,0.6,0.5,92.49,680.88,0.0569,1
384,2014-10-16 23:00,-0.5,0.5,90.03,680.48,0.0569,1
385,2014-10-17 00:00,-1.2,0.5,89.12,680.28,0.1138,0.83
386,2014-10-17 01:00,-1.8,0.72,87.94,680.08,0.0569,0.31
387,2014-10-17 02:00,-2,1.28,88.39,679.78,0,0
388,2014-10-17 03:00,-1.6,0.5,87.88,679.58,0,0
389,2014-10-17 04:00,-1,0.5,86.45,679.48,0,0
390,2014-10-17 05:00,-0.4,0.5,87.64,679.88,0,0.82
391,2014-10-17 06:00,-0.3,0.5,85.53,680.18,0,0.92
392,2014-10-17 07:00,0,0.72,83.63,680.98,0.1138,0.97
393,2014-10-17 08:00,0.3,0.64,87.42,681.58,0,0.95
394,2014-10-17 09:00,0.3,1.28,81.67,681.98,0,0.65
395,2014-10-17 10:00,-0.1,1.04,73.09,682.78,0,0
396,2014-10-17 11:00,-1.8,0.8,55.69,682.98,0,0.04
397,2014-10-17 12:00,-1.6,0.88,40.86,683.08,0,0.11
398,2014-10-17 13:00,-1.7,2.24,42.99,683.08,0,0.18
399,2014-10-17 14:00,-2,0.5,37.93,683.38,0,0.27
400,2014-10-17 15:00,-1.6,1.04,30.89,683.68,0,0.4
401,2014-10-17 16:00,-1.3,0.56,24.88,683.88,0,0.65
402,2014-10-17 17:00,-1.8,0.64,22.8,684.28,0,0
403,2014-10-17 18:00,-2.3,0.72,20.23,685.08,0,0
404,2014-10-17 19:00,-2.5,1.52,22.52,685.38,0,0
405,2014-10-17 20:00,-3.4,1.04,25.59,685.98,0,0
406,2014-10-17 21:00,-3.5,0.5,18.88,686.48,0,0
407,2014-10-17 22:00,-3.3,1.68,16.9,686.68,0,0
408,2014-10-17 23:00,-2.7,0.5,18.89,686.98,0,0
409,2014-10-18 00:00,-2.1,1.2,19.4,687.08,0,0
410,2014-10-18 01:00,-1.7,2.88,19.76,687.18,0,0
411,2014-10-18 02:00,-1.6,2.08,20.83,687.38,0,0
412,2014-10-18 03:00,-1.3,0.56,19.3,687.68,0,0
413,2014-10-18 04:00,-1,0.5,19.71,687.98,0,0
414,2014-10-18 05:00,-0.8,0.5,20.01,687.98,0,0
415,2014-10-18 06:00,-0.9,1.04,16.27,688.08,0,0
416,2014-10-18 07:00,0.2,1.36,12.09,688.68,0,0
417,2014-10-18 08:00,1.8,0.56,13.94,689.18,0,0
418,2014-10-18 09:00,2.4,4.32,16.36,689.48,0,0
419,2014-10-18 10:00,3.2,0.5,17.56,689.88,0,0.05
420,2014-10-18 11:00,3.1,0.88,21.42,689.98,0,0.1
421,2014-10-18 12:00,2.9,1.28,24.39,689.98,0,0.15
422,2014-10-18 13:00,2.9,0.5,28.36,690.08,0,0.2
423,2014-10-18 14:00,2.7,0.72,42.51,690.28,0,0.26
424,2014-10-18 15:00,2.8,0.88,37.72,690.38,0,0.39
425,2014-10-18 16:00,2.5,0.5,45.09,690.58,0,0.67
426,2014-10-18 17:00,1.4,0.5,42.13,690.78,0,0
427,2014-10-18 18:00,1.5,1.6,36.92,691.18,0,0
428,2014-10-18 19:00,1.4,2.56,28.43,691.28,0,0
429,2014-10-18 20:00,1.1,0.5,13.11,691.68,0,0
430,2014-10-18 21:00,1.2,0.88,9.67,691.78,0,0
431,2014-10-18 22:00,1.3,3.68,12.01,691.58,0,0
432,2014-10-18 23:00,1.7,0.5,13.45,691.68,0,0
433,2014-10-19 00:00,1.9,0.5,14.18,691.58,0,0
434,2014-10-19 01:00,2.1,1.52,15.4,691.38,0,0
435,2014-10-19 02:00,2.1,2,17.8,691.18,0,0
436,2014-10-19 03:00,2,0.64,18.1,690.98,0,0
437,2014-10-19 04:00,1.9,1.28,17.37,690.98,0.0569,0
438,2014-10-19 05:00,1.6,0.5,16.12,690.78,0,0
439,2014-10-19 06:00,1.5,3.04,14.21,690.68,0,0
440,2014-10-19 07:00,2.2,3.6,12.2,690.88,0,0.87
441,2014-10-19 08:00,2.7,2.88,13.29,691.08,0,0.03
442,2014-10-19 09:00,3.2,3.52,14.23,691.18,0,0
443,2014-10-19 10:00,4.3,1.92,14.46,691.48,0,0
444,2014-10-19 11:00,4.5,1.6,15.19,691.48,0,0
445,2014-10-19 12:00,4.7,1.04,16.81,691.18,0,0
446,2014-10-19 13:00,3.8,2.96,18.7,690.98,0,0
447,2014-10-19 14:00,3.7,1.04,20.4,690.88,0,0
448,2014-10-19 15:00,3.3,1.04,21.32,690.58,0,0.45
449,2014-10-19 16:00,2,0.72,22.95,690.58,0,0.92
450,2014-10-19 17:00,1.9,2.48,24.83,690.98,0,0
451,2014-10-19 18:00,1.8,0.72,24.12,690.88,0,0
452,2014-10-19 19:00,1.1,0.8,22.84,690.78,0,0
453,2014-10-19 20:00,0.8,1.04,18.87,690.78,0,0
454,2014-10-19 21:00,1,3.84,18.74,690.68,0,0
455,2014-10-19 22:00,1,1.36,23.92,690.68,0,0
456,2014-10-19 23:00,1.2,1.52,28.11,690.68,0,0
457,2014-10-20 00:00,0.9,1.12,27.43,690.48,0,0
458,2014-10-20 01:00,0.9,0.5,28.6,690.38,0,0
459,2014-10-20 02:00,0.9,0.5,28.1,690.08,0,0
460,2014-10-20 03:00,0.3,1.36,23.96,689.58,0,0.26
461,2014-10-20 04:00,0,0.5,23.14,689.48,0,0.31
462,2014-10-20 05:00,0.5,1.04,25.22,689.38,0,0
463,2014-10-20 06:00,0,0.5,33.87,688.98,0,0
464,2014-10-20 07:00,-0.2,0.5,41.75,688.98,0,0.91
465,2014-10-20 08:00,0.3,0.96,47.32,689.08,0,0.75
466,2014-10-20 09:00,1.6,1.2,48.55,689.08,0,0.69
467,2014-10-20 10:00,2.3,0.56,42.18,688.98,0,0.83
468,2014-10-20 11:00,2.9,0.5,37.13,688.88,0,0
469,2014-10-20 12:00,2.8,1.84,40.85,688.28,0,0
470,2014-10-20 13:00,2.3,1.04,44.97,687.58,0,0.19
471,2014-10-20 14:00,1.5,0.5,50.1,687.08,0,0.03
472,2014-10-20 15:00,0.9,0.5,57.69,686.68,0,0.42
473,2014-10-20 16:00,0.8,0.8,66.9,686.38,0,0
474,2014-10-20 17:00,-0.4,1.52,72.18,686.18,0,0
475,2014-10-20 18:00,-0.4,0.5,73.68,685.88,0,0
476,2014-10-20 19:00,-0.7,0.64,74.25,685.38,0,0
477,2014-10-20 20:00,-0.9,0.56,75.04,685.08,0,0
478,2014-10-20 21:00,-0.9,0.5,73.38,684.58,0,0
479,2014-10-20 22:00,-1.1,0.72,81.38,683.58,0,0
480,2014-10-20 23:00,-0.9,0.5,91.56,683.18,0,0.54
481,2014-10-21 00:00,-0.9,1.12,88.88,682.68,0.0569,1
482,2014-10-21 01:00,-0.9,0.5,95.1,681.78,0.5119,1
483,2014-10-21 02:00,-1.4,1.68,90.67,681.38,0.1706,1
484,2014-10-21 03:00,-1.8,1.76,83.15,680.48,0,1
485,2014-10-21 04:00,-1.7,2.16,84.15,680.28,0,0.93
486,2014-10-21 05:00,-1.9,1.84,89.4,680.18,0.1138,0.84
487,2014-10-21 06:00,-2,0.72,92.45,680.18,0,1
488,2014-10-21 07:00,-2.6,0.72,94.69,680.18,0,0.98
489,2014-10-21 08:00,-1.6,1.84,77.58,680.48,0,0.98
490,2014-10-21 09:00,-1.8,1.68,78.21,680.38,0,0.97
491,2014-10-21 10:00,-3.4,0.96,66.03,680.68,0,0.98
492,2014-10-21 11:00,-2.3,0.5,49.66,680.38,0,0.79
493,2014-10-21 12:00,-1.6,0.5,57.18,679.88,0,0.71
494,2014-10-21 13:00,-1.5,0.5,60.5,679.48,0,0.72
495,2014-10-21 14:00,-1,0.5,63.34,679.08,0,0.69
496,2014-10-21 15:00,-1.6,0.5,66.4,678.28,0,0.95
497,2014-10-21 16:00,-2.8,0.5,70.63,677.48,0,1
498,2014-10-21 17:00,-4.1,0.96,69.62,676.28,0,0.29
499,2014-10-21 18:00,-5.1,1.68,72.3,675.38,0,0
500,2014-10-21 19:00,-5,2.16,82.66,674.38,0,0
501,2014-10-21 20:00,-5.4,1.52,92.64,673.28,0,0.59
502,2014-10-21 21:00,-5.5,1.36,91.04,672.78,1.0808,1
503,2014-10-21 22:00,-7.4,1.52,93.56,671.28,1.0239,1
504,2014-10-21 23:00,-11.2,1.52,90.2,669.08,0.5119,1
505,2014-10-22 00:00,-13.6,1.04,90.07,667.08,0.5119,1
506,2014-10-22 01:00,-14.4,1.12,88.03,667.08,0.5119,1
507,2014-10-22 02:00,-15.1,0.56,90.23,666.28,0.1706,1
508,2014-10-22 03:00,-16.1,1.04,89.52,665.68,0.3413,1
509,2014-10-22 04:00,-16.5,0.5,89.14,665.88,0,1
510,2014-10-22 05:00,-16.6,0.5,89.78,665.38,0,1
511,2014-10-22 06:00,-17,0.5,89.77,665.08,0,1
512,2014-10-22 07:00,-16.9,10.56,94.11,666.38,0,0.99
513,2014-10-22 08:00,-16.8,12.16,93.74,666.48,0,0.98
514,2014-10-22 09:00,-16.6,12.16,88.47,666.88,0,0.98
515,2014-10-22 10:00,-16.3,0.5,88.47,667.48,0,0.98
516,2014-10-22 11:00,-15.9,12.16,88.47,667.38,0,0.95
517,2014-10-22 12:00,-16.5,26.64,88.47,666.98,0,0.97
518,2014-10-22 13:00,-16.9,19.2,88.47,667.08,0,0.98
519,2014-10-22 14:00,-17.2,19.2,88.16,667.68,0,0.97
520,2014-10-22 15:00,-17.3,1.6,88.14,667.38,0,0.96
521,2014-10-22 16:00,-17,2.24,88.14,667.38,0,1
522,2014-10-22 17:00,-16.8,5.52,88.14,667.28,0,0.94
523,2014-10-22 18:00,-15.3,6.4,88.07,667.88,0,0.89
524,2014-10-22 19:00,-14.8,9.68,88.12,667.68,0,0.98
525,2014-10-22 20:00,-12.1,15.44,88.14,669.58,0,1
526,2014-10-22 21:00,-10.6,18.64,88.5,670.78,0,1
527,2014-10-22 22:00,-9.8,25.2,88.5,671.18,0,1
528,2014-10-22 23:00,-9.4,26.32,88.52,672.28,0,0.94
529,2014-10-23 00:00,-8.7,25.2,88.55,672.78,0,0.94
530,2014-10-23 01:00,-8.1,26.8,88.59,672.98,0,0.85
531,2014-10-23 02:00,-7.4,26.24,88.97,673.58,0,0.82
532,2014-10-23 03:00,-7,26.88,89,673.58,0,0.96
533,2014-10-23 04:00,-6.2,30.4,89.67,673.08,0,0.95
534,2014-10-23 05:00,-4.7,30.56,89.68,673.28,0,0.94
535,2014-10-23 06:00,-4.6,28.96,89.71,674.58,0,0.91
536,2014-10-23 07:00,-4.4,25.84,81.78,674.78,0,0.98
537,2014-10-23 08:00,-4.3,22.8,31.58,675.18,0,0.12
538,2014-10-23 09:00,-4.2,18.72,23.34,676.58,0,0.03
539,2014-10-23 10:00,-3.9,15.36,19.91,676.28,0,0
540,2014-10-23 11:00,-3.1,20.24,20.59,676.58,0,0
541,2014-10-23 12:00,-3.4,10,20.55,676.18,0,0
542,2014-10-23 13:00,-3.1,11.04,20.98,676.98,0,0
543,2014-10-23 14:00,-2.9,11.6,18.96,676.98,0,0.26
544,2014-10-23 15:00,-3.1,10.8,18.9,676.28,0,0.12
545,2014-10-23 16:00,-2.7,9.6,21.42,677.58,0,1
546,2014-10-23 17:00,-2.4,9.52,22.17,677.98,0,0
547,2014-10-23 18:00,-2.6,9.68,21.59,678.48,0,0
548,2014-10-23 19:00,-2.2,10.16,19.7,678.98,0,0
549,2014-10-23 20:00,-2.3,8.48,18.34,679.68,0,0
550,2014-10-23 21:00,-2.2,11.84,17.94,679.88,0,0
551,2014-10-23 22:00,-2.1,12.8,17.94,680.28,0,0
552,2014-10-23 23:00,-2.5,12,17.55,679.98,0,0
553,2014-10-24 00:00,-2.4,12.32,17.43,679.68,0,0
554,2014-10-24 01:00,-2.7,13.76,16.75,679.88,0,0
555,2014-10-24 02:00,-3.1,12.16,14.31,679.68,0,0
556,2014-10-24 03:00,-2.9,11.2,16.45,679.68,0,0
557,2014-10-24 04:00,-3,10.8,16.51,679.68,0,0
558,2014-10-24 05:00,-2.9,10.8,16.67,679.68,0,0
559,2014-10-24 06:00,-2.4,10.48,15.71,680.18,0,0
560,2014-10-24 07:00,-1.7,8,12.96,680.58,0,0.99
561,2014-10-24 08:00,-1.3,6.32,16.86,680.98,0,0.11
562,2014-10-24 09:00,-1.1,6.56,17.55,681.08,0,0.01
563,2014-10-24 10:00,-0.9,4.72,18.26,681.48,0,0
564,2014-10-24 11:00,-0.4,3.44,20.45,681.48,0,0
565,2014-10-24 12:00,-0.4,3.68,22.86,681.18,0,0
566,2014-10-24 13:00,-1,4.08,25.03,681.08,0,0
567,2014-10-24 14:00,-1.2,4.8,29.04,681.08,0,0
568,2014-10-24 15:00,-1.4,6.48,32.24,681.08,0,0.27
569,2014-10-24 16:00,-1.7,5.6,36.07,680.98,0,1
570,2014-10-24 17:00,-1.5,3.92,34.9,681.28,0,0
571,2014-10-24 18:00,-1.6,2.72,41.07,681.38,0,0
572,2014-10-24 19:00,-2.2,2,43.18,681.58,0,0
573,2014-10-24 20:00,-1.2,6.64,45.35,681.68,0,0
574,2014-10-24 21:00,-1.4,7.04,47.56,681.78,0,0
575,2014-10-24 22:00,-1.6,5.6,52.57,681.68,0,0.38
576,2014-10-24 23:00,-1.5,4.24,60.11,681.68,0,0.56
577,2014-10-25 00:00,-1.4,2.72,77.8,681.58,0,0.21
578,2014-10-25 01:00,-1.6,3.28,82.94,681.28,0,0
579,2014-10-25 02:00,-2.2,1.76,90.88,680.98,0,0.14
580,2014-10-25 03:00,-2.4,2.88,92.96,680.78,0,1
581,2014-10-25 04:00,-4.2,4.48,86.05,680.58,0,1
582,2014-10-25 05:00,-3.4,1.92,86.61,680.68,0,1
583,2014-10-25 06:00,-3.6,1.68,90.1,680.68,0,1
584,2014-10-25 07:00,-1.9,3.28,93.08,681.08,0,0.98
585,2014-10-25 08:00,-1.5,4.88,94.64,681.28,0,0.03
586,2014-10-25 09:00,-1.1,3.84,92.64,681.68,0,0
587,2014-10-25 10:00,-1.7,5.28,92.64,681.78,0,0
588,2014-10-25 11:00,-1.6,3.92,89.82,681.78,0,0
589,2014-10-25 12:00,-1.4,2.32,88.53,681.58,0,0.77
590,2014-10-25 13:00,-0.9,1.12,84.36,681.58,0,0.73
591,2014-10-25 14:00,-1.6,1.84,85.71,681.68,0,0.52
592,2014-10-25 15:00,-2.8,2.8,82.54,681.48,0,0.86
593,2014-10-25 16:00,-2.8,0.72,85.04,681.58,0,0
594,2014-10-25 17:00,-3.5,1.28,90.14,681.48,0,0.96
595,2014-10-25 18:00,-4,2.48,88.89,681.78,0,1
596,2014-10-25 19:00,-4.6,0.72,91.66,681.88,0.1706,0.96
597,2014-10-25 20:00,-5.2,0.88,91.98,682.08,0,0.98
598,2014-10-25 21:00,-4.1,1.52,92.96,682.08,0,1
599,2014-10-25 22:00,-4.3,0.5,92.63,682.08,0,1
600,2014-10-25 23:00,-4.5,2.16,92.63,682.18,0,0.99
601,2014-10-26 00:00,-4.5,0.64,91.97,682.18,0,1
602,2014-10-26 01:00,-4.8,3.36,91.66,682.08,0,1
603,2014-10-26 02:00,-5,4.8,91.02,681.88,0,1
604,2014-10-26 03:00,-5.3,5.92,91,681.78,0,1
605,2014-10-26 04:00,-5.5,6.88,90.66,681.88,0,1
606,2014-10-26 05:00,-5.3,6.08,81.59,681.98,0,1
607,2014-10-26 06:00,-4.4,4.72,80.09,682.18,0,1
608,2014-10-26 07:00,-3.3,7.2,67.31,682.68,0,0.98
609,2014-10-26 08:00,-2.6,4.24,50.56,682.88,0,0
610,2014-10-26 09:00,-2.4,4.8,41.16,683.38,0,0
611,2014-10-26 10:00,-2.4,3.92,41.1,683.68,0,0
612,2014-10-26 11:00,-2.4,3.44,44.72,683.58,0,0
613,2014-10-26 12:00,-2,2.48,42.88,683.48,0,0
614,2014-10-26 13:00,-2.7,4.48,38.48,683.48,0,0
615,2014-10-26 14:00,-3,5.68,34.75,683.58,0,0
616,2014-10-26 15:00,-3.3,5.52,32.2,683.58,0,0.34
617,2014-10-26 16:00,-3.6,6.48,54.77,683.58,0,1
618,2014-10-26 17:00,-3.9,6.56,68.58,683.68,0,0
619,2014-10-26 18:00,-4.9,9.28,57.27,683.58,0,0
620,2014-10-26 19:00,-4.8,8.56,31,683.58,0,0
621,2014-10-26 20:00,-5.2,7.36,31.07,683.78,0,0
622,2014-10-26 21:00,-4.9,9.04,16.47,683.88,0,0
623,2014-10-26 22:00,-4.4,9.44,16.84,683.78,0,0
624,2014-10-26 23:00,-4.6,10.08,15.04,683.78,0,0
625,2014-10-27 00:00,-4.4,8.96,13.15,683.78,0,0
626,2014-10-27 01:00,-4.6,10,13.21,683.58,0,0
627,2014-10-27 02:00,-4.4,10.56,13.32,683.28,0,0
628,2014-10-27 03:00,-3.9,11.76,12.38,683.28,0,0
629,2014-10-27 04:00,-3.9,12.56,12.65,683.38,0,0
630,2014-10-27 05:00,-3.8,11.6,12.8,683.28,0,0
631,2014-10-27 06:00,-4.4,11.28,11.18,683.08,0,0
632,2014-10-27 07:00,-4.6,8.24,9.61,683.38,0,0.99
633,2014-10-27 08:00,-4.4,7.52,12.91,683.58,0,0.04
634,2014-10-27 09:00,-3.6,9.36,14.6,683.68,0,0
635,2014-10-27 10:00,-3.8,7.84,14.56,683.78,0,0
636,2014-10-27 11:00,-2.7,5.36,14.48,683.58,0,0
637,2014-10-27 12:00,-2.8,6.48,17.99,683.28,0,0
638,2014-10-27 13:00,-2.2,8.8,19.85,683.28,0,0
639,2014-10-27 14:00,-1.6,5.68,20.17,683.08,0,0
640,2014-10-27 15:00,-2.1,7.36,21.42,683.08,0,0.37
641,2014-10-27 16:00,-2.5,4.08,20.4,683.08,0,1
642,2014-10-27 17:00,-2.7,7.36,22.06,683.08,0,0
643,2014-10-27 18:00,-3,7.12,20.21,682.98,0,0
644,2014-10-27 19:00,-2.8,10.08,18.57,682.78,0,0
645,2014-10-27 20:00,-3.2,9.04,15.87,682.78,0,0
646,2014-10-27 21:00,-3.3,6.8,14.81,682.58,0,0
647,2014-10-27 22:00,-3.4,7.76,15.22,682.18,0,0
648,2014-10-27 23:00,-3.3,8.56,15.48,681.98,0,0
649,2014-10-28 00:00,-3.6,9.52,14.16,681.28,0,0
650,2014-10-28 01:00,-4.7,9.2,14.89,680.88,0,0
651,2014-10-28 02:00,-5,6.24,15.15,680.98,0,0
652,2014-10-28 03:00,-3.8,8.48,14.01,680.58,0,0
653,2014-10-28 04:00,-4.2,5.44,14.51,680.68,0,0
654,2014-10-28 05:00,-4.3,5.76,14.67,680.48,0,0
655,2014-10-28 06:00,-4.2,6.56,15.57,680.28,0,0
656,2014-10-28 07:00,-4.2,5.2,14.59,680.28,0,0.99
657,2014-10-28 08:00,-3.5,7.52,15.82,680.18,0,0.05
658,2014-10-28 09:00,-3.1,5.6,16.55,680.28,0,0
659,2014-10-28 10:00,-3.5,2.24,18.37,680.28,0,0
660,2014-10-28 11:00,-2.2,1.84,20.01,679.98,0,0
661,2014-10-28 12:00,-2.6,1.52,20.25,679.68,0,0
662,2014-10-28 13:00,-2.6,2.08,39.03,679.48,0,0
663,2014-10-28 14:00,-3.5,2.48,38.79,679.28,0,0
664,2014-10-28 15:00,-4.1,2.4,40.02,679.18,0,0.48
665,2014-10-28 16:00,-4.5,2.8,40.41,678.98,0,1
666,2014-10-28 17:00,-5.1,5.12,37.93,678.98,0,0
667,2014-10-28 18:00,-5.4,5.04,34.68,678.98,0,0
668,2014-10-28 19:00,-5.3,5.76,32.36,678.78,0,0
669,2014-10-28 20:00,-5.3,5.28,32.65,678.78,0,0
670,2014-10-28 21:00,-5.5,5.6,35.78,678.68,0,0
671,2014-10-28 22:00,-5.6,5.68,33.53,678.48,0,0
672,2014-10-28 23:00,-5.7,6.16,30.95,678.48,0,0
673,2014-10-29 00:00,-5.6,6.32,27.66,678.28,0,0
674,2014-10-29 01:00,-5.5,6.4,27.47,678.08,0,0
675,2014-10-29 02:00,-5.1,5.04,25.57,677.98,0,0
676,2014-10-29 03:00,-5.9,6.08,24.28,677.88,0,0
677,2014-10-29 04:00,-5.8,6.32,22.86,677.88,0,0
678,2014-10-29 05:00,-6.2,7.28,21.45,677.58,0,0
679,2014-10-29 06:00,-5.7,8.88,18.88,677.78,0,0
680,2014-10-29 07:00,-5.5,8.16,15.46,678.18,0,0.99
681,2014-10-29 08:00,-5.5,6.32,16.79,678.48,0,0.05
682,2014-10-29 09:00,-5.2,5.52,16.76,678.88,0,0
683,2014-10-29 10:00,-4.7,4.72,16.69,679.08,0,0
684,2014-10-29 11:00,-4.8,2.88,17.23,679.08,0,0
685,2014-10-29 12:00,-4.9,2.56,17.72,678.98,0,0
686,2014-10-29 13:00,-5.2,6.24,19.55,678.98,0,0
687,2014-10-29 14:00,-5,7.2,18.58,679.08,0,0
688,2014-10-29 15:00,-5.1,8.4,19.17,679.08,0,0.54
689,2014-10-29 16:00,-5,6.96,24.75,679.08,0,1
690,2014-10-29 17:00,-5.2,9.52,26.99,679.48,0,0
691,2014-10-29 18:00,-5.1,10.56,27.75,679.68,0,0
692,2014-10-29 19:00,-5,11.6,25.52,679.88,0,0
693,2014-10-29 20:00,-4.7,10.96,24.24,680.38,0,0
694,2014-10-29 21:00,-4.7,11.52,17.32,680.58,0,0
695,2014-10-29 22:00,-4.5,9.6,13.27,680.78,0,0
696,2014-10-29 23:00,-4.8,9.36,14.29,681.08,0,0
697,2014-10-30 00:00,-4.9,10.4,15.27,681.08,0,0
698,2014-10-30 01:00,-5,9.28,25.9,681.28,0,0
699,2014-10-30 02:00,-4.8,8.64,51.95,681.48,0,0
700,2014-10-30 03:00,-4.8,3.92,60.4,681.48,0,0
701,2014-10-30 04:00,-4.6,4.96,78.43,681.48,0,0
702,2014-10-30 05:00,-4.5,6.08,78.57,681.58,0,0.1
703,2014-10-30 06:00,-4.9,2.96,91.02,681.98,0,0.83
704,2014-10-30 07:00,-4.6,4.64,91.4,682.58,0,0
705,2014-10-30 08:00,-4.6,5.6,91.17,682.88,0,0.91
706,2014-10-30 09:00,-4.7,6.8,85.05,683.18,0,0.44
707,2014-10-30 10:00,-4.1,2.32,80.08,683.48,0,0.78
708,2014-10-30 11:00,-4.3,2.64,75.83,683.68,0,0.47
709,2014-10-30 12:00,-4.4,3.36,72.76,683.78,0,0.29
710,2014-10-30 13:00,-5.6,6,66.58,683.88,0,0
711,2014-10-30 14:00,-4.3,5.52,64.13,684.08,0,0
712,2014-10-30 15:00,-3.5,4.4,62.29,684.18,0,0.56
713,2014-10-30 16:00,-3.3,7.84,70.53,684.38,0,1
714,2014-10-30 17:00,-4,4.48,75.93,684.68,0,0
715,2014-10-30 18:00,-3.6,6.08,81.94,684.98,0,0
716,2014-10-30 19:00,-3.2,5.84,84,685.08,0,0
717,2014-10-30 20:00,-2.9,6.08,84.58,685.28,0,0
718,2014-10-30 21:00,-2.9,5.68,77.81,685.28,0,0
719,2014-10-30 22:00,-3.2,3.76,74.37,685.28,0,0
720,2014-10-30 23:00,-3.7,4.96,71.65,685.18,0,0
721,2014-10-31 00:00,-5.9,7.76,68.45,684.88,0,0
722,2014-10-31 01:00,-5.8,10.4,66.9,684.68,0,0
723,2014-10-31 02:00,-5.8,8.32,67.55,684.58,0,0
724,2014-10-31 03:00,-3.7,5.84,64.84,685.18,0,0
725,2014-10-31 04:00,-1,6.4,70.02,685.28,0,0
726,2014-10-31 05:00,-0.9,4.64,64.69,685.28,0,0
727,2014-10-31 06:00,-0.4,7.52,60.55,685.38,0,0
728,2014-10-31 07:00,-0.5,5.52,50.48,685.58,0,1
729,2014-10-31 08:00,-0.7,6.08,48.7,685.78,0,0.05
730,2014-10-31 09:00,-0.7,8.72,45.5,686.08,0,0
731,2014-10-31 10:00,-1.3,6.8,45.7,686.18,0,0
732,2014-10-31 11:00,-1.7,4.16,47.14,686.08,0,0
733,2014-10-31 12:00,-1.8,2.48,46.53,685.98,0,0
734,2014-10-31 13:00,-2.4,2.32,47.31,685.78,0,0
735,2014-10-31 14:00,-0.6,3.68,44.76,685.88,0,0
736,2014-10-31 15:00,0.3,3.76,46.69,685.98,0,0.58
737,2014-10-31 16:00,-0.1,2.96,53.96,685.88,0,1
738,2014-10-31 17:00,-0.3,5.2,58.13,685.98,0,0
739,2014-10-31 18:00,-0.5,5.28,61.29,686.18,0,0
740,2014-10-31 19:00,-0.2,6.32,65.15,686.18,0,0
741,2014-10-31 20:00,0,7.6,65.24,686.28,0,0
742,2014-10-31 21:00,0,7.12,64.5,686.28,0,0
743,2014-10-31 22:00,-0.1,6.08,66.68,686.18,0,0
744,2014-10-31 23:00,-1.1,6,68.04,686.08,0,0
745,2014-11-01 00:00,-0.5,5.12,75.03,685.88,0,0
746,2014-11-01 01:00,-0.6,4.24,77.57,685.88,0,0
747,2014-11-01 02:00,-1.1,1.44,77.88,685.58,0,0
748,2014-11-01 03:00,0.4,3.68,78.56,685.28,0,0
749,2014-11-01 04:00,0.6,3.36,78.51,685.18,0,0
750,2014-11-01 05:00,0.6,3.76,77.88,685.08,0,0
751,2014-11-01 06:00,0.5,4.64,76.99,685.18,0,0
752,2014-11-01 07:00,0.3,3.52,59.32,685.48,0,1
753,2014-11-01 08:00,1.4,1.44,57.46,685.68,0,0.02
754,2014-11-01 09:00,2,1.44,55.71,685.68,0,0
755,2014-11-01 10:00,2.2,1.04,53.73,685.68,0,0
756,2014-11-01 11:00,1.7,0.5,53.39,685.58,0,0
757,2014-11-01 12:00,2.1,0.5,54.77,685.48,0,0
758,2014-11-01 13:00,2.4,0.5,57.35,685.28,0,0
759,2014-11-01 14:00,2.6,0.5,55.18,685.18,0,0
760,2014-11-01 15:00,1.9,1.52,61.6,685.18,0,0.72
761,2014-11-01 16:00,0.7,1.52,71.6,685.08,0,0
762,2014-11-01 17:00,-0.9,1.28,76.91,685.28,0,0
763,2014-11-01 18:00,-1.1,0.5,79.69,685.18,0,0
764,2014-11-01 19:00,-0.9,1.52,81.62,685.28,0,0
765,2014-11-01 20:00,-2.8,0.5,82.6,685.18,0,0
766,2014-11-01 21:00,-2.8,0.5,83.61,685.08,0,0
767,2014-11-01 22:00,-2.4,0.88,84.08,684.68,0,0
768,2014-11-01 23:00,-2.6,1.44,85.16,684.38,0,0
769,2014-11-02 00:00,-2.1,3.04,84.06,684.08,0,0
770,2014-11-02 01:00,-2.4,3.44,82.99,683.88,0,0
771,2014-11-02 02:00,-3,5.36,84.02,683.28,0,0
772,2014-11-02 03:00,-3.5,2.8,83.49,682.98,0,0
773,2014-11-02 04:00,-3.3,1.6,78.13,682.78,0,0
774,2014-11-02 05:00,-3.3,0.5,79.69,682.58,0,0
775,2014-11-02 06:00,-3.6,1.84,40.68,682.58,0,0
776,2014-11-02 07:00,-2.2,1.68,29.39,682.58,0,1
777,2014-11-02 08:00,-0.8,3.12,29.22,682.68,0,0.21
778,2014-11-02 09:00,0,3.04,30.68,682.48,0,0
779,2014-11-02 10:00,0,3.04,29.96,682.58,0,0
780,2014-11-02 11:00,-0.2,3.68,29,682.18,0,0.27
781,2014-11-02 12:00,-1.4,4.08,46.86,681.78,0,0.21
782,2014-11-02 13:00,-1.1,3.04,51.11,681.38,0,0.34
783,2014-11-02 14:00,-2,1.92,47.83,681.28,0,0
784,2014-11-02 15:00,-1.8,0.5,57.79,681.08,0,0.66
785,2014-11-02 16:00,-3.8,0.5,64.67,680.88,0,0
786,2014-11-02 17:00,-4.7,1.68,63.56,680.88,0,0
787,2014-11-02 18:00,-5,0.5,81,680.88,0,0
788,2014-11-02 19:00,-4.8,1.84,71.45,680.68,0,0
789,2014-11-02 20:00,-4.9,2.32,63.81,680.48,0,0
790,2014-11-02 21:00,-5.3,2.24,56.23,680.18,0,0
791,2014-11-02 22:00,-5.5,3.2,60.66,679.88,0,0
792,2014-11-02 23:00,-6.4,7.52,61.5,679.18,0,0
793,2014-11-03 00:00,-5.2,8.32,64.27,678.98,0,0
794,2014-11-03 01:00,-4.8,8.4,68.62,678.48,0,0
795,2014-11-03 02:00,-5.2,8.64,69.11,677.98,0,0
796,2014-11-03 03:00,-4.7,7.36,62.14,677.58,0,0
797,2014-11-03 04:00,-5.2,7.92,71.13,677.08,0,0
798,2014-11-03 05:00,-4.8,7.68,78.82,676.58,0,0
799,2014-11-03 06:00,-5.1,8.16,72.63,676.48,0,0
800,2014-11-03 07:00,-5.9,6.48,71.49,676.38,0,1
801,2014-11-03 08:00,-5.7,9.44,65.32,676.28,0,0
802,2014-11-03 09:00,-5.7,10,59.02,676.18,0,0
803,2014-11-03 10:00,-5.8,6.8,68.8,675.88,0,0
804,2014-11-03 11:00,-6.8,7.28,68.25,675.58,0,0
805,2014-11-03 12:00,-6.2,7.44,76.54,675.18,0,0.93
806,2014-11-03 13:00,-5.6,10.56,83.77,674.88,0.0853,0.97
807,2014-11-03 14:00,-5.8,12.16,90.18,674.18,0,0.96
808,2014-11-03 15:00,-5.8,12.16,98.45,673.98,0.0853,0.94
809,2014-11-03 16:00,-6.1,13.68,95.93,673.68,0,0.3
810,2014-11-03 17:00,-6.6,12.48,83.82,673.18,0,0.37
811,2014-11-03 18:00,-7.3,13.68,79.64,672.78,0,0.52
812,2014-11-03 19:00,-7.2,12.96,93.79,672.98,0,0
813,2014-11-03 20:00,-8.1,12.16,90.02,671.98,0,0
814,2014-11-03 21:00,-7.9,12.96,87.78,672.08,0,0.57
815,2014-11-03 22:00,-7.4,15.2,93.52,671.58,0.0853,0.4
816,2014-11-03 23:00,-6.4,13.28,93.07,669.98,0,0.51
817,2014-11-04 00:00,-7,19.92,90.67,670.58,0.0853,0.96
818,2014-11-04 01:00,-7.3,19.2,87.85,669.98,0.1706,0.99
819,2014-11-04 02:00,-7.8,22.88,90.7,669.88,0,0.87
820,2014-11-04 03:00,-7,16.56,93,668.68,0,0.87
821,2014-11-04 04:00,-6.6,16.56,90.16,667.98,0,0.79
822,2014-11-04 05:00,-6.8,15.2,92.2,668.38,0,0.94
823,2014-11-04 06:00,-6.8,12.16,89.7,667.98,0,0.81
824,2014-11-04 07:00,-6.7,12.48,86.7,667.28,0,0.76
825,2014-11-04 08:00,-6.7,8.24,85.85,667.48,0,0.98
826,2014-11-04 09:00,-6.2,9.36,91.53,668.48,0,0.98
827,2014-11-04 10:00,-6.9,9.76,92.9,667.88,0,0.98
828,2014-11-04 11:00,-7.3,9.36,92.9,667.78,0.1706,0.97
829,2014-11-04 12:00,-7.2,7.04,92.91,667.58,0.1706,0.97
830,2014-11-04 13:00,-7.1,12.16,93.57,666.68,0.1706,0.97
831,2014-11-04 14:00,-7.2,10.56,93.58,666.78,0.5119,0.96
832,2014-11-04 15:00,-7.3,10.56,92.91,666.38,0.3413,0.95
833,2014-11-04 16:00,-7.5,9.36,92.9,666.08,0,1
834,2014-11-04 17:00,-7.9,12.96,92.89,665.68,0.1706,1
835,2014-11-04 18:00,-8.1,4.56,92.89,665.68,0.3413,1
836,2014-11-04 19:00,-7.7,4.16,92.89,664.68,0.1706,1
837,2014-11-04 20:00,-7.2,0.5,92.89,664.58,0.1706,1
838,2014-11-04 21:00,-7.2,9.76,92.9,664.78,0.1706,1
839,2014-11-04 22:00,-7,7.52,92.91,664.98,0.8532,1
840,2014-11-04 23:00,-6.8,9.36,92.91,665.08,0.3413,1
841,2014-11-05 00:00,-6.5,10.56,92.94,664.98,0.5119,1
842,2014-11-05 01:00,-6.5,9.36,92.93,665.38,0.3413,1
843,2014-11-05 02:00,-6,8.24,92.95,664.98,0.5119,1
844,2014-11-05 03:00,-5.9,0.5,92.96,664.68,0.8532,1
845,2014-11-05 04:00,-5.9,0.5,92.96,664.98,0.5119,1
846,2014-11-05 05:00,-5.6,0.5,92.95,664.98,0.3413,1
847,2014-11-05 06:00,-5.8,0.5,92.95,665.08,0.3413,1
848,2014-11-05 07:00,-5.8,0.5,93.62,665.18,0.1706,1
849,2014-11-05 08:00,-5.9,0.5,93.61,665.38,0.3413,0.98
850,2014-11-05 09:00,-5.8,0.5,93.62,664.88,0.3413,0.98
851,2014-11-05 10:00,-5.6,0.5,93.68,665.68,0,0.98
852,2014-11-05 11:00,-5.2,4.56,93.65,665.78,0.0853,0.97
853,2014-11-05 12:00,-5.1,4.16,93.64,665.78,0,0.97
854,2014-11-05 13:00,-5.2,4.16,92.98,665.78,0,0.97
855,2014-11-05 14:00,-5.1,0.5,92.97,665.68,0.0569,0.96
856,2014-11-05 15:00,-5.5,0.5,93.64,665.98,0,0.94
857,2014-11-05 16:00,-5.7,0.5,93.63,665.48,0.0569,1
858,2014-11-05 17:00,-6.5,0.5,92.75,665.88,0.0853,1
859,2014-11-05 18:00,-6.5,0.5,92.56,665.98,0.6826,1
860,2014-11-05 19:00,-6.7,0.5,92.6,666.28,2.7304,1
861,2014-11-05 20:00,-6.8,0.5,92.58,666.68,2.901,1
862,2014-11-05 21:00,-7,0.5,91.94,666.88,1.7918,1
863,2014-11-05 22:00,-7,0.5,91.94,666.98,1.0239,1
864,2014-11-05 23:00,-7.3,0.5,91.6,666.88,1.0239,1
865,2014-11-06 00:00,-7.8,0.5,91.62,667.08,1.8771,1
866,2014-11-06 01:00,-8.4,0.5,91.17,666.78,1.1945,1
867,2014-11-06 02:00,-9.6,0.5,87.12,666.78,0,1
868,2014-11-06 03:00,-10.5,0.5,81.31,666.68,0,1
869,2014-11-06 04:00,-10.5,0.5,88.11,666.88,0,1
870,2014-11-06 05:00,-10.8,0.5,89.96,667.08,0,0.99
871,2014-11-06 06:00,-10.1,0.5,88.68,667.28,1.0239,1
872,2014-11-06 07:00,-9.8,0.5,88.57,667.68,1.1945,0.59
873,2014-11-06 08:00,-9,0.5,86.91,668.28,0.5119,0.66
874,2014-11-06 09:00,-8.2,0.5,78.17,668.08,0,0.81
875,2014-11-06 10:00,-7.9,0.5,76.56,668.98,0,0.42
876,2014-11-06 11:00,-8.3,0.5,75.51,668.98,0,0.64
877,2014-11-06 12:00,-8.9,0.5,78.31,669.08,0,0.66
878,2014-11-06 13:00,-8.9,0.5,85.65,669.28,0.1706,0.65
879,2014-11-06 14:00,-8.8,0.5,82.78,669.68,0.256,0.8
880,2014-11-06 15:00,-8.8,0.5,78.26,670.18,0,0.39
881,2014-11-06 16:00,-9,0.5,81.04,670.48,0,0
882,2014-11-06 17:00,-9.3,0.5,79.23,671.08,0,0
883,2014-11-06 18:00,-9.9,0.5,79.2,671.48,0,0
884,2014-11-06 19:00,-9.8,0.5,78.3,671.28,0,0
885,2014-11-06 20:00,-9.7,0.5,77.16,671.58,0,0
886,2014-11-06 21:00,-9.7,0.5,76.62,671.98,0,0
887,2014-11-06 22:00,-9.8,2.1,76.52,671.88,0,0
888,2014-11-06 23:00,-10.3,4.16,73.81,672.18,0,0
889,2014-11-07 00:00,-10.2,1.28,71.32,672.18,0,0
890,2014-11-07 01:00,-10.1,0.5,72.68,672.18,0,0
891,2014-11-07 02:00,-9.9,0.5,73.87,672.08,0,0
892,2014-11-07 03:00,-9.3,0.5,72.55,671.78,0,0
893,2014-11-07 04:00,-8.7,0.5,76.18,671.88,0,0
894,2014-11-07 05:00,-8.6,0.5,75.52,671.88,0,0
895,2014-11-07 06:00,-8.7,0.5,62.92,672.08,0,0
896,2014-11-07 07:00,-8.9,0.5,44.43,672.58,0,0.55
897,2014-11-07 08:00,-7.6,0.5,30.92,672.98,0,0.62
898,2014-11-07 09:00,-8.2,0.5,36.86,673.18,0.1706,0.73
899,2014-11-07 10:00,-8.2,1.44,36.29,673.38,0.7395,0.79
900,2014-11-07 11:00,-7.8,2.08,33.44,672.98,1.5927,0.85
901,2014-11-07 12:00,-7.5,1.92,24.62,672.98,1.6496,0.91
902,2014-11-07 13:00,-6.8,0.8,24.68,673.18,1.0808,0.98
903,2014-11-07 14:00,-6.5,0.5,28.28,673.28,0.2275,0.97
904,2014-11-07 15:00,-5.2,0.5,27.09,673.18,0.0853,0.95
905,2014-11-07 16:00,-5.1,0.88,33.61,673.48,0,0
906,2014-11-07 17:00,-6.8,0.72,64.15,673.88,0,0
907,2014-11-07 18:00,-7,0.64,65.34,674.18,0,0
908,2014-11-07 19:00,-7,0.5,72.41,674.08,0,0
909,2014-11-07 20:00,-6.6,0.5,71.03,674.28,0,0.48
910,2014-11-07 21:00,-6.3,0.64,67.16,674.08,0,0.59
911,2014-11-07 22:00,-6.6,1.04,80.46,673.88,0,1
912,2014-11-07 23:00,-6.8,0.5,86.06,673.58,0,0.14
913,2014-11-08 00:00,-7.9,0.5,87.5,673.68,0,0
914,2014-11-08 01:00,-9.7,0.8,87.5,673.68,0,0
915,2014-11-08 02:00,-10.3,0.5,86.6,673.48,0,0
916,2014-11-08 03:00,-10.3,0.56,84.03,673.58,0,0
917,2014-11-08 04:00,-10.4,0.8,86.4,673.68,0,0
918,2014-11-08 05:00,-9.9,0.5,63.93,673.68,0,0
919,2014-11-08 06:00,-9.6,0.88,31.7,674.08,0,0
920,2014-11-08 07:00,-9.7,0.96,28.1,674.48,0,0.93
921,2014-11-08 08:00,-8.2,0.96,15.95,674.88,0,0
922,2014-11-08 09:00,-5.6,0.88,12.18,675.18,0.1138,0
923,2014-11-08 10:00,-5.4,0.8,10.2,675.38,0.7395,0
924,2014-11-08 11:00,-6.2,1.52,9.72,675.28,1.4221,0.34
925,2014-11-08 12:00,-5.8,1.12,10.07,674.98,1.5927,0.98
926,2014-11-08 13:00,-6.4,3.28,9.92,674.68,1.0239,0.98
927,2014-11-08 14:00,-6.9,4.16,10.29,674.48,0.2275,0.97
928,2014-11-08 15:00,-6.2,3.6,31.78,674.38,0.0853,0.95
929,2014-11-08 16:00,-6.9,5.2,44.22,674.28,0,0
930,2014-11-08 17:00,-7.2,4.64,50.56,674.18,0,0
931,2014-11-08 18:00,-7.4,5.6,27.04,674.18,0,0
932,2014-11-08 19:00,-8.1,5.92,22.53,673.98,0,0
933,2014-11-08 20:00,-9.1,7.28,28.05,673.88,0,0
934,2014-11-08 21:00,-9.6,10,35.12,673.68,0,0
935,2014-11-08 22:00,-9.6,11.2,50.2,673.28,0,0
936,2014-11-08 23:00,-9.4,11.52,43.43,673.18,0,0.39
937,2014-11-09 00:00,-7.9,10.32,44.77,672.98,0,0.5
938,2014-11-09 01:00,-7.3,8.72,40.31,672.78,0,0.41
939,2014-11-09 02:00,-7.8,8.32,46.67,672.78,0,0.24
940,2014-11-09 03:00,-7.9,6.88,42.31,672.68,0,0
941,2014-11-09 04:00,-8.3,2.08,39.81,672.68,0,0
942,2014-11-09 05:00,-8.8,6.56,33.65,672.48,0,0
943,2014-11-09 06:00,-8.7,10.4,28.08,672.58,0,0
944,2014-11-09 07:00,-7.8,8.72,33.25,672.98,0,0.68
945,2014-11-09 08:00,-5.9,6.64,39.93,673.38,0,0.81
946,2014-11-09 09:00,-5.5,3.92,67.89,673.28,0.0853,0.63
947,2014-11-09 10:00,-5.9,3.04,64.78,673.48,0.3413,0.81
948,2014-11-09 11:00,-5.4,0.5,78.23,673.18,0.4266,0.88
949,2014-11-09 12:00,-5.2,0.5,86.21,672.88,0.3413,0.91
950,2014-11-09 13:00,-6.2,0.5,85.77,672.38,0.3413,0.97
951,2014-11-09 14:00,-5.6,1.28,90.5,672.68,0.256,0.96
952,2014-11-09 15:00,-5.9,7.04,89.95,672.38,0.256,0.94
953,2014-11-09 16:00,-6.1,9.76,89.62,672.58,0,0.89
954,2014-11-09 17:00,-6.7,4.16,89.98,672.88,0.1706,0.91
955,2014-11-09 18:00,-6.5,4.56,91.03,672.98,0.3413,1
956,2014-11-09 19:00,-7.2,2.8,92.39,673.18,0.3413,1
957,2014-11-09 20:00,-7.7,2.8,92.53,672.98,0.3413,1
958,2014-11-09 21:00,-7.4,2.08,92.79,673.38,0.5119,1
959,2014-11-09 22:00,-7.1,8.24,95.96,673.48,0.256,1
960,2014-11-09 23:00,-6.4,9.36,95.72,673.48,0.3413,1
961,2014-11-10 00:00,-6.2,12.16,95.67,673.58,0.3413,1
962,2014-11-10 01:00,-6.5,4.16,94.88,673.68,0.1706,1
963,2014-11-10 02:00,-6.5,7.52,92,673.98,0.1706,1
964,2014-11-10 03:00,-6.3,12.16,91.19,673.98,0.3413,1
965,2014-11-10 04:00,-6.2,12.16,90.06,673.98,0.4266,1
966,2014-11-10 05:00,-6,9.76,91.95,673.68,0.5119,1
967,2014-11-10 06:00,-6.4,6.72,91.63,673.68,0.3413,1
968,2014-11-10 07:00,-6.6,1.04,91.62,673.78,0.4266,1
969,2014-11-10 08:00,-6.4,2.8,90.98,673.98,0.256,0.98
970,2014-11-10 09:00,-6,2.8,91.62,673.78,0.4266,0.98
971,2014-11-10 10:00,-5.6,3.36,91.85,674.28,0.1706,0.97
972,2014-11-10 11:00,-5.2,4.16,91.63,674.08,0.3982,0.97
973,2014-11-10 12:00,-4.7,0.88,91.63,673.88,0.5688,0.97
974,2014-11-10 13:00,-4.9,0.5,91.63,673.68,0.5119,0.97
975,2014-11-10 14:00,-5.2,6.72,92.59,673.68,0.4266,0.96
976,2014-11-10 15:00,-5.2,6.72,92.59,673.58,0.3413,0.94
977,2014-11-10 16:00,-5.3,6.72,92.6,674.38,0.3413,1
978,2014-11-10 17:00,-5.5,9.36,92.3,674.68,0.3413,1
979,2014-11-10 18:00,-5.9,6.72,90.97,674.88,0.1706,0.81
980,2014-11-10 19:00,-6,5.44,89.66,674.88,0.256,0.58
981,2014-11-10 20:00,-6.2,4.56,89.82,674.98,0.1706,0.79
982,2014-11-10 21:00,-6.4,5.44,89.1,674.88,0.256,0.61
983,2014-11-10 22:00,-6.6,6.72,87.03,675.08,0.1706,0
984,2014-11-10 23:00,-6.3,6.72,86.62,674.98,0.3413,0
985,2014-11-11 00:00,-6.1,7.84,88.8,674.78,0.3413,0.32
986,2014-11-11 01:00,-6.1,7.84,86.88,674.58,0.256,0.52
987,2014-11-11 02:00,-6.1,8.24,89.72,674.28,0.4266,0.82
988,2014-11-11 03:00,-6,7.04,90.32,673.98,0.4266,0.99
989,2014-11-11 04:00,-6.2,10.08,91.92,673.98,0.4266,1
990,2014-11-11 05:00,-6.2,5.44,90.65,673.68,0.3413,1
991,2014-11-11 06:00,-6.5,1.28,91.93,673.38,0.3413,1
992,2014-11-11 07:00,-7,6.72,91.58,673.38,0.1706,1
993,2014-11-11 08:00,-7,5.44,90.93,673.48,0.3413,0.98
994,2014-11-11 09:00,-6.6,9.36,89.09,673.38,0.3413,0.98
995,2014-11-11 10:00,-6,5.44,90.02,672.98,0.1706,0.97
996,2014-11-11 11:00,-5.9,9.36,90.97,673.18,0.3413,0.97
997,2014-11-11 12:00,-5.6,9.36,90.97,672.98,0.3413,0.97
998,2014-11-11 13:00,-5.4,8.24,86.49,671.88,0.5119,0.97
999,2014-11-11 14:00,-5.8,7.04,89.1,672.18,0.6826,0.96
1000,2014-11-11 15:00,-6.1,9.36,91.58,671.98,0.3413,0.94
1001,2014-11-11 16:00,-6.6,5.44,92.55,671.88,0.1706,0.78
1002,2014-11-11 17:00,-6.6,7.84,93.55,671.58,0.0853,0.75
1003,2014-11-11 18:00,-6.8,6.72,93.55,671.58,0.0853,0.69
1004,2014-11-11 19:00,-6.7,10.08,93.55,671.58,0.0853,0.95
1005,2014-11-11 20:00,-6.2,7.52,93.56,671.18,0,0.86
1006,2014-11-11 21:00,-6.1,5.44,93.9,671.08,0.1706,0.6
1007,2014-11-11 22:00,-6.2,6.72,92.91,670.58,0,0.64
1008,2014-11-11 23:00,-5.9,10.56,92.91,670.08,0.1706,0.9
1009,2014-11-12 00:00,-5.8,9.36,92.92,669.58,0.1706,1
1010,2014-11-12 01:00,-5.8,5.44,92.59,669.28,0,1
1011,2014-11-12 02:00,-6,6.72,92.91,669.08,0.1706,1
1012,2014-11-12 03:00,-6.2,5.44,91.6,668.18,0,1
1013,2014-11-12 04:00,-6,9.36,91.6,667.78,0.1706,1
1014,2014-11-12 05:00,-6.1,7.52,89.09,668.18,0,0.98
1015,2014-11-12 06:00,-6.2,6.72,88.48,668.38,0,0.91
1016,2014-11-12 07:00,-6.2,0.64,88.18,668.88,0.1706,1
1017,2014-11-12 08:00,-6.2,8.24,89.09,668.98,0.1706,0.98
1018,2014-11-12 09:00,-5.8,4.16,88.2,668.98,0,0.98
1019,2014-11-12 10:00,-5.3,1.6,90.98,669.58,0.1706,0.97
1020,2014-11-12 11:00,-4.9,7.84,90.99,669.38,0.5119,0.87
1021,2014-11-12 12:00,-4.6,8.24,91,669.08,0.4266,0.91
1022,2014-11-12 13:00,-4.6,2.08,89.16,668.98,0.3413,0.94
1023,2014-11-12 14:00,-4.9,4.16,89.46,668.68,0,0.96
1024,2014-11-12 15:00,-5.3,5.44,89.12,669.08,0.256,0.94
1025,2014-11-12 16:00,-5.6,5.44,90.05,669.18,0.1706,1
1026,2014-11-12 17:00,-6,1.28,89.12,669.08,0,1
1027,2014-11-12 18:00,-6,1.28,89.13,669.08,0.1706,1
1028,2014-11-12 19:00,-5.9,0.64,89.12,669.38,0,1
1029,2014-11-12 20:00,-6,2.08,92.51,669.58,0,1
1030,2014-11-12 21:00,-6.1,2.8,94.18,669.78,0,1
1031,2014-11-12 22:00,-6.2,5.44,92.49,669.78,0,1
1032,2014-11-12 23:00,-6.2,6.72,92.48,669.88,0,1
1033,2014-11-13 00:00,-6.2,6.72,93.41,670.08,0,1
1034,2014-11-13 01:00,-6.2,5.44,93.45,670.28,0,1
1035,2014-11-13 02:00,-6.2,7.52,93.11,670.58,0,1
1036,2014-11-13 03:00,-6.3,6.72,93.09,670.68,0,1
1037,2014-11-13 04:00,-6.2,6.72,93.09,670.98,0.1706,1
1038,2014-11-13 05:00,-6.2,5.44,93.1,671.38,0,1
1039,2014-11-13 06:00,-6.4,1.28,93.11,671.68,0,1
1040,2014-11-13 07:00,-6.4,0.64,91.15,672.18,0,0.88
1041,2014-11-13 08:00,-4.8,0.5,93.15,672.58,0.1706,0
1042,2014-11-13 09:00,-2.8,0.8,93.88,673.18,0.1706,0
1043,2014-11-13 10:00,-1.8,0.5,93.89,673.68,0.4266,0
1044,2014-11-13 11:00,-1.5,1.04,93.48,673.88,2.0478,0
1045,2014-11-13 12:00,-1.5,0.64,88.36,673.98,3.1285,0.13
1046,2014-11-13 13:00,-2,0.64,86.17,673.98,2.2753,0.16
1047,2014-11-13 14:00,-3,0.5,80.52,673.98,0.7964,0.3
1048,2014-11-13 15:00,-4,0.64,72.67,674.48,0.1706,0.5
1049,2014-11-13 16:00,-4.5,1.28,80.79,674.88,0,0
1050,2014-11-13 17:00,-6.9,1.28,81.27,675.18,0.1706,0
1051,2014-11-13 18:00,-7.8,1.28,79.84,675.58,0,0
1052,2014-11-13 19:00,-8.1,0.8,80.77,675.88,0,0
1053,2014-11-13 20:00,-7.7,0.64,69.73,676.18,0,0
1054,2014-11-13 21:00,-7.8,2.36,61.05,676.38,0,0
1055,2014-11-13 22:00,-7.5,0.5,61.57,676.38,0,0
1056,2014-11-13 23:00,-7.5,2.08,52.79,676.58,0,0
1057,2014-11-14 00:00,-7.7,2.8,43.18,676.58,0,0
1058,2014-11-14 01:00,-7.7,2.08,31.71,676.48,0,0
1059,2014-11-14 02:00,-7.5,2.08,29.09,676.38,0.1706,0
1060,2014-11-14 03:00,-6.4,2.8,33.55,676.38,0,0
1061,2014-11-14 04:00,-5.5,4.16,33.53,676.48,0.1706,0
1062,2014-11-14 05:00,-5.6,4.16,33.26,676.48,0.1706,0.36
1063,2014-11-14 06:00,-5.9,2.8,34.88,676.38,0.1706,0.42
1064,2014-11-14 07:00,-6.1,4.16,33.93,676.48,0.1706,0.96
1065,2014-11-14 08:00,-4.3,0.8,31.15,676.48,0.1706,0.83
1066,2014-11-14 09:00,-3.1,1.28,32.34,676.48,0.5119,0.98
1067,2014-11-14 10:00,-4.7,2,29.74,676.08,0.7679,0.98
1068,2014-11-14 11:00,-4.8,2.32,35.09,675.78,1.3652,0.98
1069,2014-11-14 12:00,-4.1,3.68,58.93,675.18,1.6212,0.97
1070,2014-11-14 13:00,-4.2,4.64,63.51,674.88,0.9386,0.86
1071,2014-11-14 14:00,-4.5,4.08,66.07,674.68,0.7679,0.87
1072,2014-11-14 15:00,-4.2,4.24,73.18,674.58,0.8532,0.94
1073,2014-11-14 16:00,-4.5,4.88,87.38,674.08,0.1706,0
1074,2014-11-14 17:00,-4.4,5.52,90,673.78,0,0.53
1075,2014-11-14 18:00,-4.7,4,92.55,673.68,0.1706,0.99
1076,2014-11-14 19:00,-4.4,0.8,92.2,673.58,0,1
1077,2014-11-14 20:00,-4.7,5.44,92.53,673.48,0,1
1078,2014-11-14 21:00,-4.7,4.16,92.21,673.58,0,1
1079,2014-11-14 22:00,-4.8,0.5,92.55,672.88,0,1
1080,2014-11-14 23:00,-5.2,6.72,92.56,672.08,0,0.95
1081,2014-11-15 00:00,-5.1,6.72,92.57,671.98,0,0.92
1082,2014-11-15 01:00,-5.3,5.44,91.6,671.88,0,0.93
1083,2014-11-15 02:00,-5.6,4.16,91.58,670.98,0,0.93
1084,2014-11-15 03:00,-6,4.16,91.56,670.48,0,1
1085,2014-11-15 04:00,-6,9.36,92.56,670.78,0,1
1086,2014-11-15 05:00,-6,10.56,92.8,669.98,0,1
1087,2014-11-15 06:00,-5.7,9.36,92.57,669.18,0,1
1088,2014-11-15 07:00,-6.1,4.16,92.69,669.88,0,1
1089,2014-11-15 08:00,-6.6,2.08,90.37,670.08,0,0.98
1090,2014-11-15 09:00,-6.7,9.36,90.01,669.68,0.1706,0.98
1091,2014-11-15 10:00,-6.3,12.16,87.6,669.18,0.1706,0.97
1092,2014-11-15 11:00,-5.8,9.36,89.1,668.38,0.3413,0.97
1093,2014-11-15 12:00,-6.3,9.36,88.48,666.78,0,0.97
1094,2014-11-15 13:00,-6.8,12.16,88.44,665.78,0,0.97
1095,2014-11-15 14:00,-7.5,12.16,88.44,665.28,0,0.96
1096,2014-11-15 15:00,-8,4.16,88.11,665.58,0,0.93
1097,2014-11-15 16:00,-8,9.36,88.11,664.48,0,1
1098,2014-11-15 17:00,-8,2.08,88.68,664.58,0,1
1099,2014-11-15 18:00,-7.6,2.08,89.02,664.68,0,1
1100,2014-11-15 19:00,-7.7,12.16,89.02,664.28,0,1
1101,2014-11-15 20:00,-7.5,6.72,91.1,663.98,0,1
1102,2014-11-15 21:00,-7.7,6.72,91.08,663.78,0,1
1103,2014-11-15 22:00,-8.6,4.16,91.71,663.38,0,1
1104,2014-11-15 23:00,-10.1,4.16,91.65,662.48,0,1
1105,2014-11-16 00:00,-11.5,4.16,90.98,662.48,0,1
1106,2014-11-16 01:00,-11.7,4.16,90.98,662.78,0,1
1107,2014-11-16 02:00,-11.8,2.8,90.98,663.18,0,1
1108,2014-11-16 03:00,-12,2.8,90.98,663.28,0,1
1109,2014-11-16 04:00,-12.3,2.8,90.65,663.68,0,1
1110,2014-11-16 05:00,-12.8,2.08,90.65,664.08,0,1
1111,2014-11-16 06:00,-13.1,2.08,90.64,664.48,0,1
1112,2014-11-16 07:00,-13.5,0.64,89.97,664.88,0,0.82
1113,2014-11-16 08:00,-13.3,0.64,89.97,665.08,0,0.06
1114,2014-11-16 09:00,-11.8,0.64,87.38,665.18,0,0
1115,2014-11-16 10:00,-10.8,1.04,85.64,665.38,0,0.3
1116,2014-11-16 11:00,-10.6,1.28,87.1,665.08,0,0.19
1117,2014-11-16 12:00,-10.8,2.08,87.72,664.88,0,0
1118,2014-11-16 13:00,-11,4.16,85.79,664.68,0,0
1119,2014-11-16 14:00,-11.2,2.08,82.2,664.68,0,0
1120,2014-11-16 15:00,-11.5,2.08,81.75,664.68,0,0.67
1121,2014-11-16 16:00,-12.5,1.28,86.15,664.58,0,0.81
1122,2014-11-16 17:00,-13.1,2.8,88.3,664.58,0,0.87
1123,2014-11-16 18:00,-13.3,6.72,89.58,664.78,0,0.95
1124,2014-11-16 19:00,-13.3,6.72,88.97,664.78,0,0.99
1125,2014-11-16 20:00,-13.6,2.08,80.47,664.68,0,0.99
1126,2014-11-16 21:00,-13.5,2.08,81,664.98,0,0.95
1127,2014-11-16 22:00,-13.4,2.08,85.71,664.78,0,0.94
1128,2014-11-16 23:00,-13.3,5.44,85.04,664.68,0,0.86
1129,2014-11-17 00:00,-13.1,6.72,88.1,664.78,0,0.97
1130,2014-11-17 01:00,-13.1,6.72,88.72,664.58,0,0.66
1131,2014-11-17 02:00,-13.1,6.72,89.05,664.48,0,0.64
1132,2014-11-17 03:00,-13,5.44,88.8,664.38,0,0.69
1133,2014-11-17 04:00,-12.8,7.52,90,664.48,0,0.81
1134,2014-11-17 05:00,-12.8,9.36,90,664.38,0,0.54
1135,2014-11-17 06:00,-12.7,6.72,90,664.28,0,0.84
1136,2014-11-17 07:00,-12.5,9.36,90.65,664.38,0,0.75
1137,2014-11-17 08:00,-12.3,6.72,89.79,664.48,0,0.98
1138,2014-11-17 09:00,-11.8,1.28,89.53,664.68,0,0.77
1139,2014-11-17 10:00,-11.1,1.28,82.73,664.48,0,0.89
1140,2014-11-17 11:00,-10.8,2.08,85.89,664.28,0,0.83
1141,2014-11-17 12:00,-10.3,1.28,88.93,663.98,0,0.9
1142,2014-11-17 13:00,-10,0.64,87.51,663.78,0,0.81
1143,2014-11-17 14:00,-9.9,0.64,87.46,663.68,0,0.94
1144,2014-11-17 15:00,-10.3,0.5,88.04,663.58,0,0.94
1145,2014-11-17 16:00,-11.1,0.5,87.45,663.38,0,0.94
1146,2014-11-17 17:00,-11.7,0.5,87.73,663.38,0,1
1147,2014-11-17 18:00,-12,0.5,88.57,663.48,0,1
1148,2014-11-17 19:00,-12,0.64,88.57,663.58,0,1
1149,2014-11-17 20:00,-12.1,0.64,89.11,663.68,0,1
1150,2014-11-17 21:00,-12.2,0.5,91.68,663.78,0,1
1151,2014-11-17 22:00,-12.4,0.5,91.64,663.78,0,1
1152,2014-11-17 23:00,-12.8,2.08,91.96,663.88,0,1
1153,2014-11-18 00:00,-13.1,2.08,91.96,663.88,0,1
1154,2014-11-18 01:00,-13.4,4.16,91.62,663.68,0,1
1155,2014-11-18 02:00,-14.1,4.16,91.62,663.78,0,1
1156,2014-11-18 03:00,-14.8,4.16,91.61,663.68,0,1
1157,2014-11-18 04:00,-15.2,2.08,90.93,663.88,0,1
1158,2014-11-18 05:00,-15.6,1.04,90.9,664.08,0,1
1159,2014-11-18 06:00,-15.5,3.36,90.56,664.38,0,1
1160,2014-11-18 07:00,-15.4,4.16,90.55,664.68,0,1
1161,2014-11-18 08:00,-13.4,2.8,90.07,664.88,0,0.59
1162,2014-11-18 09:00,-12,2.08,79.24,665.08,0,0
1163,2014-11-18 10:00,-10.7,4.16,75.05,665.38,0.8532,0
1164,2014-11-18 11:00,-10.4,2.08,77.79,665.38,0,0.05
1165,2014-11-18 12:00,-10.3,0.8,78.04,665.48,0,0.07
1166,2014-11-18 13:00,-10.2,0.5,72.48,665.48,0,0.18
1167,2014-11-18 14:00,-10.6,0.5,69.64,665.48,0,0.34
1168,2014-11-18 15:00,-11.2,0.5,86.24,665.58,0,0.9
1169,2014-11-18 16:00,-12.2,0.5,89.13,665.68,0,1
1170,2014-11-18 17:00,-13.3,0.5,85.16,665.68,1.5358,0.9
1171,2014-11-18 18:00,-13.6,0.5,87.18,666.08,2.0478,0.98
1172,2014-11-18 19:00,-13.8,0.5,87.47,666.48,1.7065,1
1173,2014-11-18 20:00,-14.1,0.5,87.79,666.38,2.2184,1
1174,2014-11-18 21:00,-14.5,0.5,87.47,666.68,1.7065,1
1175,2014-11-18 22:00,-14.7,2.08,87.79,666.78,2.0478,1
1176,2014-11-18 23:00,-14.8,0.5,88.73,667.08,1.5358,1
1177,2014-11-19 00:00,-14.7,4.16,88.97,667.28,1.7065,1
1178,2014-11-19 01:00,-14.8,5.44,90.26,667.68,1.0239,1
1179,2014-11-19 02:00,-14.7,2.8,89.29,667.98,0.8532,1
1180,2014-11-19 03:00,-14.6,0.64,88.03,668.18,0.3413,1
1181,2014-11-19 04:00,-14.5,2.08,87.72,668.78,0.3413,1
1182,2014-11-19 05:00,-14.6,4.16,81.25,669.28,0.1706,1
1183,2014-11-19 06:00,-14.3,4.16,72.21,670.38,0,1
1184,2014-11-19 07:00,-13.6,6.72,48.14,671.28,0,0.64
1185,2014-11-19 08:00,-11.8,9.36,29.7,672.18,0.5119,0
1186,2014-11-19 09:00,-10.5,9.36,26.47,672.88,1.1945,0
1187,2014-11-19 10:00,-9.6,6.72,25.06,673.78,0.7679,0
1188,2014-11-19 11:00,-9,6.72,24.51,674.28,0.7679,0
1189,2014-11-19 12:00,-8.5,4.16,19.11,674.88,0.5973,0.19
1190,2014-11-19 13:00,-8.9,1.28,18.24,675.28,0,0.36
1191,2014-11-19 14:00,-8.9,2.8,17.39,675.88,0,0.53
1192,2014-11-19 15:00,-8.7,3.36,19.07,676.18,0,0.79
1193,2014-11-19 16:00,-9.2,2.8,18.71,676.68,0,0
1194,2014-11-19 17:00,-9.1,0.8,16.08,677.18,0,0.21
1195,2014-11-19 18:00,-8.4,0.5,13.56,677.98,0,0.4
1196,2014-11-19 19:00,-8.2,0.72,11.71,678.38,0,0
1197,2014-11-19 20:00,-7.8,0.88,9.96,679.18,0,0
1198,2014-11-19 21:00,-7.6,0.64,11.1,679.38,0,0
1199,2014-11-19 22:00,-7.6,1.12,10.35,679.88,0,0
1200,2014-11-19 23:00,-7.6,1.92,11.46,680.18,0,0
1201,2014-11-20 00:00,-7.4,3.92,11.08,680.38,0,0
1202,2014-11-20 01:00,-7.3,2.56,12.5,680.78,0,0
1203,2014-11-20 02:00,-7.4,2.24,14.84,680.78,0,0
1204,2014-11-20 03:00,-7.4,1.92,18.01,680.88,0,0
1205,2014-11-20 04:00,-7.5,2.16,20.41,681.08,0,0
1206,2014-11-20 05:00,-7.3,1.36,20.41,681.18,0,0
1207,2014-11-20 06:00,-7.7,1.36,20.04,681.28,0,0
1208,2014-11-20 07:00,-7.7,1.28,17.14,681.58,0,0.96
1209,2014-11-20 08:00,-6.3,1.36,12.94,682.18,0,0.99
1210,2014-11-20 09:00,-5.3,0.88,13.64,682.38,0.4266,0.98
1211,2014-11-20 10:00,-3.8,0.64,13.02,682.68,0.5973,0.59
1212,2014-11-20 11:00,-4.1,0.64,15.15,682.58,0.5119,0.67
1213,2014-11-20 12:00,-3.2,0.5,19.88,682.38,0.7964,0.7
1214,2014-11-20 13:00,-2.8,0.5,31.12,682.08,0.1706,0.91
1215,2014-11-20 14:00,-3.1,0.5,38.53,681.98,0,0
1216,2014-11-20 15:00,-3.8,1.6,50.11,682.18,0,1
1217,2014-11-20 16:00,-4.4,2.8,60.79,681.98,0,0
1218,2014-11-20 17:00,-4.4,3.6,62.01,682.18,0,0
1219,2014-11-20 18:00,-4,2.72,62.46,682.18,0,0
1220,2014-11-20 19:00,-3.9,3.2,69.73,682.28,0,0
1221,2014-11-20 20:00,-3.8,4,71.39,682.48,0,0
1222,2014-11-20 21:00,-3.6,2.32,68.56,682.48,0,0
1223,2014-11-20 22:00,-3.4,1.84,69.95,682.58,0,0
1224,2014-11-20 23:00,-3.1,0.72,73.71,682.48,0,0.29
1225,2014-11-21 00:00,-3.8,0.5,80.14,682.28,0,0
1226,2014-11-21 01:00,-3.9,0.72,86.22,681.88,0,0
1227,2014-11-21 02:00,-4.1,0.5,85.81,681.98,0,0
1228,2014-11-21 03:00,-4.3,1.04,88.65,681.68,0,0
1229,2014-11-21 04:00,-4.3,1.04,91.09,681.38,0,0.36
1230,2014-11-21 05:00,-4.5,0.56,85.47,681.28,0,0.86
1231,2014-11-21 06:00,-4.6,0.5,88.09,681.28,0,0.94
1232,2014-11-21 07:00,-4.9,0.5,81.41,681.28,0.0569,0
1233,2014-11-21 08:00,-4,0.5,70.63,681.38,0.1138,0.66
1234,2014-11-21 09:00,-3.9,0.56,63.19,681.48,0.3413,0.8
1235,2014-11-21 10:00,-4.2,1.92,61.99,681.58,0.6257,0.69
1236,2014-11-21 11:00,-4.4,2,61.51,681.28,0.7395,0.67
1237,2014-11-21 12:00,-4,0.64,59.89,680.98,1.7065,0.77
1238,2014-11-21 13:00,-4.6,1.76,59.22,680.78,0.967,0.51
1239,2014-11-21 14:00,-5.4,2.4,57.99,680.38,0.3413,0.16
1240,2014-11-21 15:00,-6.3,5.04,63.48,680.58,0.1706,0.89
1241,2014-11-21 16:00,-6.3,1.36,66.84,680.58,0.1138,0
1242,2014-11-21 17:00,-6.3,0.8,70.18,680.78,0,0
1243,2014-11-21 18:00,-6.5,2.8,67.1,680.88,0.0569,0
1244,2014-11-21 19:00,-6.6,3.28,68.19,680.98,0,0
1245,2014-11-21 20:00,-7.1,1.04,68.54,681.08,0,0
1246,2014-11-21 21:00,-6.8,3.04,75.15,681.28,0,0
1247,2014-11-21 22:00,-6.7,2,79.72,681.28,0,0
1248,2014-11-21 23:00,-6.3,5.28,84.37,681.08,0,0
1249,2014-11-22 00:00,-6.4,2.48,89.43,681.18,0,0
1250,2014-11-22 01:00,-6.4,4.48,87.34,680.98,0,0
1251,2014-11-22 02:00,-6.5,4.24,87.98,681.08,0,0
1252,2014-11-22 03:00,-6.5,0.5,88.89,681.38,0,0
1253,2014-11-22 04:00,-6.4,1.12,90.1,681.38,0,0
1254,2014-11-22 05:00,-6.5,0.5,89.18,681.38,0,0
1255,2014-11-22 06:00,-6.1,1.2,83.61,681.48,0,0
1256,2014-11-22 07:00,-5.6,1.2,62.13,681.88,0,0.98
1257,2014-11-22 08:00,-3.5,3.36,46.82,682.28,0.1706,0.26
1258,2014-11-22 09:00,-2.7,3.28,50.05,682.58,0.6257,0
1259,2014-11-22 10:00,-1.9,1.84,50.7,682.88,0.7395,0
1260,2014-11-22 11:00,-1.2,0.72,46.33,682.78,1.1376,0.07
1261,2014-11-22 12:00,-1,0.8,42.16,682.68,1.3652,0
1262,2014-11-22 13:00,-1.5,0.72,35.87,682.68,0.5119,0
1263,2014-11-22 14:00,-2.3,0.72,35.06,682.88,0.1138,0
1264,2014-11-22 15:00,-2.7,2,31.47,682.98,0.0569,1
1265,2014-11-22 16:00,-3.3,0.5,33.41,683.08,0,0
1266,2014-11-22 17:00,-3.6,0.5,36.45,683.18,0.0569,0
1267,2014-11-22 18:00,-3.8,0.64,37.89,683.38,0,0
1268,2014-11-22 19:00,-3.8,0.56,38.23,683.48,0.0569,0
1269,2014-11-22 20:00,-3.6,0.5,39.3,683.68,0,0
1270,2014-11-22 21:00,-3.5,1.2,38.06,683.88,0,0
1271,2014-11-22 22:00,-3.3,1.68,37.86,683.98,0,0
1272,2014-11-22 23:00,-3.5,2.16,38.71,684.08,0,0
1273,2014-11-23 00:00,-3.6,0.5,41.75,684.18,0,0.19
1274,2014-11-23 01:00,-3.9,0.5,44.27,684.18,0,0.24
1275,2014-11-23 02:00,-3.8,0.5,48.24,684.28,0,0
1276,2014-11-23 03:00,-4.1,0.5,48,684.08,0,0
1277,2014-11-23 04:00,-4.1,0.5,47.5,683.98,0,0
1278,2014-11-23 05:00,-3.8,1.12,50.02,684.18,0,0
1279,2014-11-23 06:00,-4,0.64,78.92,684.38,0,0
1280,2014-11-23 07:00,-3.8,0.5,83.16,684.58,0,0
1281,2014-11-23 08:00,-3.1,2.16,76.58,684.88,0,0.67
1282,2014-11-23 09:00,-1.6,0.64,73.72,685.28,0.1706,0
1283,2014-11-23 10:00,-0.5,0.56,68.45,685.68,0.1138,0.97
1284,2014-11-23 11:00,-0.2,1.76,67.61,685.58,0,0
1285,2014-11-23 12:00,-0.3,0.64,69.37,685.48,0.2275,0.64
1286,2014-11-23 13:00,-1.6,2.32,64.75,685.28,0.1138,0
1287,2014-11-23 14:00,-2.1,1.6,70.22,685.18,0.0569,0.86
1288,2014-11-23 15:00,-2.4,0.64,79.53,685.08,0.1138,1
1289,2014-11-23 16:00,-2.4,2.08,83.95,685.38,0.1138,0.73
1290,2014-11-23 17:00,-2.5,0.88,86.71,685.58,0.1138,0.94
1291,2014-11-23 18:00,-2.7,5.28,82.97,685.68,0.1138,0.95
1292,2014-11-23 19:00,-2.9,1.12,74.97,685.88,0.1706,0.63
1293,2014-11-23 20:00,-3,1.92,70.13,685.98,0.2844,0.29
1294,2014-11-23 21:00,-3.1,0.56,69.19,686.18,0.3413,0.52
1295,2014-11-23 22:00,-3.1,0.5,78.25,686.28,0.3982,0.48
1296,2014-11-23 23:00,-3.3,2.32,82.2,685.98,0.3982,0.72
1297,2014-11-24 00:00,-3.3,2.32,84.94,685.68,0.2844,0.72
1298,2014-11-24 01:00,-3,2.48,84.04,685.48,0.3413,0.25
1299,2014-11-24 02:00,-3.2,1.92,85.26,685.38,0.6257,0.75
1300,2014-11-24 03:00,-3.3,2.16,89.03,684.98,0.5688,0.83
1301,2014-11-24 04:00,-3.2,0.5,93.23,684.88,0.4551,0.9
1302,2014-11-24 05:00,-3.6,0.5,88.67,684.68,0.6257,0.99
1303,2014-11-24 06:00,-3.9,0.5,87.87,684.68,0.5119,0.88
1304,2014-11-24 07:00,-4,0.5,85.95,684.68,0.5119,0.42
1305,2014-11-24 08:00,-3.8,0.88,79.89,684.78,0.5688,0.86
1306,2014-11-24 09:00,-2.9,0.88,75.95,684.98,0.6826,0.87
1307,2014-11-24 10:00,-2.7,0.56,70.98,684.98,0.7964,0.86
1308,2014-11-24 11:00,-2.6,0.96,75.55,684.58,0.9101,0.79
1309,2014-11-24 12:00,-2.6,1.12,64.8,684.28,0.9101,0.78
1310,2014-11-24 13:00,-3.4,1.12,61.99,683.78,0.5688,0.78
1311,2014-11-24 14:00,-3.6,3.6,65.09,683.68,0.4551,0.77
1312,2014-11-24 15:00,-4.5,3.92,80.72,683.58,0.3982,1
1313,2014-11-24 16:00,-4.6,2.96,83.53,683.68,0.2275,0.18
1314,2014-11-24 17:00,-4.6,2.48,82.54,683.48,0.2275,0
1315,2014-11-24 18:00,-4.2,2.96,83.5,683.28,0.1706,0
1316,2014-11-24 19:00,-4.1,2.8,85.64,683.18,0.2844,0.48
1317,2014-11-24 20:00,-3.9,4.16,88.15,683.28,0.2844,0.56
1318,2014-11-24 21:00,-3.9,2.8,90.52,683.18,0.3982,0.92
1319,2014-11-24 22:00,-3.8,1.6,93.04,682.88,0.3413,0.95
1320,2014-11-24 23:00,-3.9,2.8,93.02,682.68,0.3413,0.9
1321,2014-11-25 00:00,-4.5,1.76,91.43,682.28,0.2844,0.89
1322,2014-11-25 01:00,-4.5,1.84,91.43,681.98,0.2275,0.9
1323,2014-11-25 02:00,-4.6,1.68,93.02,681.68,0.1138,0.9
1324,2014-11-25 03:00,-4.7,0.96,93.01,681.38,0.1706,0.85
1325,2014-11-25 04:00,-4.8,1.6,98.52,681.18,0.1706,0.87
1326,2014-11-25 05:00,-5,0.5,93.99,680.98,0.0569,0.87
1327,2014-11-25 06:00,-5.2,1.04,91.4,680.68,0.1138,0.87
1328,2014-11-25 07:00,-5.4,0.5,90.14,680.68,0,0
1329,2014-11-25 08:00,-4.3,0.64,98.73,680.58,0.1138,0.79
1330,2014-11-25 09:00,-4.4,3.36,97.65,680.68,0.1706,0.97
1331,2014-11-25 10:00,-4,3.36,94.9,680.68,0.3982,0.97
1332,2014-11-25 11:00,-2.9,1.28,91.83,680.38,0.3413,0.97
1333,2014-11-25 12:00,-2.8,0.96,96.69,679.88,0,0.89
1334,2014-11-25 13:00,-3.7,1.92,80.7,679.68,0,0.91
1335,2014-11-25 14:00,-4.6,2.56,89.52,679.48,0,0.92
1336,2014-11-25 15:00,-4.8,2.4,86.91,679.18,0,1
1337,2014-11-25 16:00,-4.4,2,92.04,679.08,0,0.43
1338,2014-11-25 17:00,-4.7,1.44,90.13,678.98,0,0.86
1339,2014-11-25 18:00,-5.2,1.44,89.52,678.68,0,0.67
1340,2014-11-25 19:00,-4.8,0.5,92.99,678.68,0,0.55
1341,2014-11-25 20:00,-5,0.5,93.96,678.58,0.0569,0.92
1342,2014-11-25 21:00,-5.1,0.5,94.98,678.38,0,0.97
1343,2014-11-25 22:00,-5.3,0.5,94.98,678.18,0.1138,0.92
1344,2014-11-25 23:00,-5.7,0.5,92.64,677.98,0,0.92
1345,2014-11-26 00:00,-5.9,0.5,93.95,677.58,0,0.93
1346,2014-11-26 01:00,-6,0.5,93.95,677.28,0,0
1347,2014-11-26 02:00,-6,0.5,87.11,676.98,0,0
1348,2014-11-26 03:00,-6.1,0.5,85.96,676.68,0,0
1349,2014-11-26 04:00,-6.2,0.5,81.67,676.48,0,0.61
1350,2014-11-26 05:00,-6.5,0.5,79.72,676.28,0,0.93
1351,2014-11-26 06:00,-6.7,0.5,79.52,676.08,0,0.96
1352,2014-11-26 07:00,-6.9,0.5,83.98,676.18,0,0.98
1353,2014-11-26 08:00,-5.2,0.5,81.91,676.18,0,0.68
1354,2014-11-26 09:00,-3.4,2.26,72.58,676.28,0,0.76
1355,2014-11-26 10:00,-2.5,1.42,73.15,676.28,0,0.88
1356,2014-11-26 11:00,-2.7,0.5,69.7,675.98,0,0.89
1357,2014-11-26 12:00,-2.8,1.22,67.42,675.68,0,0.97
1358,2014-11-26 13:00,-3.6,0.8,59.56,675.28,0,0.97
1359,2014-11-26 14:00,-3.5,0.5,64.3,675.08,0,0.95
1360,2014-11-26 15:00,-4.4,0.5,80.88,674.98,0,1
1361,2014-11-26 16:00,-5.9,0.72,84.62,674.78,0,0
1362,2014-11-26 17:00,-6.4,0.8,84.56,674.88,0,0
1363,2014-11-26 18:00,-6.3,1.36,83.23,674.88,0,0
1364,2014-11-26 19:00,-6.6,0.96,85.66,674.78,0,0
1365,2014-11-26 20:00,-6.6,0.64,85.64,674.58,0,0
1366,2014-11-26 21:00,-6.7,0.5,91.6,674.38,0,0
1367,2014-11-26 22:00,-6.8,0.5,92.9,674.18,0,0
1368,2014-11-26 23:00,-6.7,2.4,91.58,673.98,0,0
1369,2014-11-27 00:00,-7,3.6,93.56,673.58,0,0
1370,2014-11-27 01:00,-7.5,2.88,94.91,673.08,0,0
1371,2014-11-27 02:00,-7,2.72,98.12,672.88,0,0
1372,2014-11-27 03:00,-6.7,2.56,93.53,672.68,0,0.5
1373,2014-11-27 04:00,-6.7,1.68,94.91,672.48,0,0.75
1374,2014-11-27 05:00,-6.5,0.96,95.61,672.18,0,0.78
1375,2014-11-27 06:00,-6.5,0.5,94.57,672.08,0.1706,1
1376,2014-11-27 07:00,-6.4,4.16,93.89,672.08,0.3413,1
1377,2014-11-27 08:00,-6.3,5.76,95.61,671.98,0.5119,0.98
1378,2014-11-27 09:00,-6.2,4.56,94.57,672.18,0.3413,0.97
1379,2014-11-27 10:00,-6.1,3.36,89.12,672.18,0.1706,0.97
1380,2014-11-27 11:00,-7.7,6.72,73.65,671.78,0.6826,0.95
1381,2014-11-27 12:00,-8.7,3.52,64.69,671.58,0.5119,0.97
1382,2014-11-27 13:00,-8.9,3.92,51.66,671.18,0,0.97
1383,2014-11-27 14:00,-10.3,5.28,50.65,671.28,0,0.96
1384,2014-11-27 15:00,-9.6,4.4,59.1,671.08,0,1
1385,2014-11-27 16:00,-9.6,3.76,71.06,671.28,0,0
1386,2014-11-27 17:00,-9.3,2.48,70.43,671.18,0,0
1387,2014-11-27 18:00,-7.8,3.12,73.22,671.38,0,0
1388,2014-11-27 19:00,-7.4,5.28,90.2,671.48,0,0
1389,2014-11-27 20:00,-7.3,3.76,94.86,671.38,0,0.08
1390,2014-11-27 21:00,-7,3.44,96.64,671.28,0,0.51
1391,2014-11-27 22:00,-7.2,1.28,96.65,671.48,0,1
1392,2014-11-27 23:00,-7.2,0.64,96.65,671.48,0,1
1393,2014-11-28 00:00,-7.1,1.6,96.66,671.48,0,1
1394,2014-11-28 01:00,-7.5,1.84,95.94,670.88,0,1
1395,2014-11-28 02:00,-7.9,2.56,95.93,671.18,0,1
1396,2014-11-28 03:00,-8,0.5,96.65,671.18,0,0.89
1397,2014-11-28 04:00,-7.9,0.5,96.65,670.88,0,0.98
1398,2014-11-28 05:00,-7.8,0.5,96.55,670.98,0,0.99
1399,2014-11-28 06:00,-7.3,0.5,95.33,670.68,0.1706,0.82
1400,2014-11-28 07:00,-7.3,5.44,95.94,671.68,0,0.95
1401,2014-11-28 08:00,-7.1,2.8,95.94,671.88,0,0.8
1402,2014-11-28 09:00,-7.3,5.44,93.44,671.48,0,0.97
1403,2014-11-28 10:00,-6.6,3.36,95.54,671.68,0,0.58
1404,2014-11-28 11:00,-6.7,4.16,94.9,671.48,0,0.54
1405,2014-11-28 12:00,-6.5,7.52,94.85,671.58,0.5973,0.57
1406,2014-11-28 13:00,-7.2,9.36,90.7,670.98,0,0
1407,2014-11-28 14:00,-7.6,0.5,90.25,671.58,0,0.58
1408,2014-11-28 15:00,-6.6,0.5,91.91,672.08,0.1706,0.79
1409,2014-11-28 16:00,-7.1,0.5,91.58,672.78,0.3413,0.91
1410,2014-11-28 17:00,-7.2,7.52,92.55,673.08,0.6826,0.9
1411,2014-11-28 18:00,-6.8,9.36,92.56,673.48,1.0239,0.96
1412,2014-11-28 19:00,-6.6,9.76,93.56,673.88,0.3413,0.98
1413,2014-11-28 20:00,-6.8,7.52,90.95,674.28,0.3413,0.99
1414,2014-11-28 21:00,-7.1,7.04,90.93,674.58,0.1706,0.96
1415,2014-11-28 22:00,-6.5,6.72,92.91,674.68,0.0853,1
1416,2014-11-28 23:00,-6.4,7.52,90.97,674.68,0.1706,0.99
1417,2014-11-29 00:00,-6.4,9.36,89.1,674.68,0,0.99
1418,2014-11-29 01:00,-6.3,7.84,89.02,674.68,0.0853,0.82
1419,2014-11-29 02:00,-6.5,9.36,89.42,674.68,0,0
1420,2014-11-29 03:00,-6.6,7.52,85.02,674.38,0,0
1421,2014-11-29 04:00,-6.2,12.16,84.35,674.98,0.0853,0
1422,2014-11-29 05:00,-6.4,0.5,86.51,674.88,0.0853,0
1423,2014-11-29 06:00,-6.6,0.5,85.19,674.98,0.0853,0
1424,2014-11-29 07:00,-6.3,4.16,89.46,675.38,0.0853,0
1425,2014-11-29 08:00,-6.1,6.72,82.26,675.38,0.1706,0.79
1426,2014-11-29 09:00,-5.9,6.72,64.76,675.58,0.5973,0.79
1427,2014-11-29 10:00,-5,7.04,76.08,675.58,0.7395,0.69
1428,2014-11-29 11:00,-4.2,2.08,83.04,675.28,2.7304,0.83
1429,2014-11-29 12:00,-5.9,2.8,71.74,675.18,1.5358,0.85
1430,2014-11-29 13:00,-6.4,2.08,74.74,674.78,1.1376,0.86
1431,2014-11-29 14:00,-6.2,2.08,86.86,674.88,0.9101,0.94
1432,2014-11-29 15:00,-5.1,1.28,92.62,675.28,0.5119,1
1433,2014-11-29 16:00,-5.7,4.16,91.03,675.58,0.3413,0
1434,2014-11-29 17:00,-6.4,2.8,95.65,675.58,0.1706,0.59
1435,2014-11-29 18:00,-7.5,2.08,92.93,675.58,0.256,0.54
1436,2014-11-29 19:00,-8,2.8,94.94,675.38,0.3413,0.65
1437,2014-11-29 20:00,-8.7,3.36,97.05,675.28,0.1138,0.82
1438,2014-11-29 21:00,-7,1.28,96.68,675.18,0.1706,0.81
1439,2014-11-29 22:00,-6.3,2.8,81.59,675.18,0.1706,0.85
1440,2014-11-29 23:00,-5,4.16,91.57,675.38,0.1138,0.42
1441,2014-11-30 00:00,-5.2,4.56,93.91,675.38,0.3413,0.52
1442,2014-11-30 01:00,-4.4,6.72,93.61,674.88,0.4266,0.88
1443,2014-11-30 02:00,-4.2,4.16,92.95,674.98,0.4266,0.88
1444,2014-11-30 03:00,-3.8,4.16,89.49,674.88,0.5973,0.68
1445,2014-11-30 04:00,-3.7,0.88,93.96,675.28,0.0853,0.92
1446,2014-11-30 05:00,-3.4,1.28,89.18,675.38,0.1706,0.92
1447,2014-11-30 06:00,-3.3,1.28,93.95,675.38,0.0853,0.49
1448,2014-11-30 07:00,-3.3,0.5,88.89,675.68,0.0569,0.53
1449,2014-11-30 08:00,-3,0.72,88.01,675.88,0.0569,0.97
1450,2014-11-30 09:00,-2.7,1.6,82.94,676.08,0.3413,0.88
1451,2014-11-30 10:00,-1.7,2.08,79.77,676.18,0.5688,0.95
1452,2014-11-30 11:00,-1.2,2.4,89.37,675.78,0.6257,0.94
1453,2014-11-30 12:00,-0.4,2.08,83.52,675.18,0.5688,0.86
1454,2014-11-30 13:00,-0.4,2.8,87.86,674.78,0.2844,0.96
1455,2014-11-30 14:00,-1.1,2.8,88.41,674.68,0.3982,0.95
1456,2014-11-30 15:00,-1.9,3.04,87.51,674.48,0.4551,1
1457,2014-11-30 16:00,-2.6,0.8,88.99,674.28,0.4551,1
1458,2014-11-30 17:00,-2.9,0.5,88.98,673.98,0.3413,1
1459,2014-11-30 18:00,-3.1,1.28,89.58,673.68,0.3413,1
1460,2014-11-30 19:00,-3.3,4.16,89.56,673.18,0.5973,1
1461,2014-11-30 20:00,-3.6,4.16,92.05,672.98,0,1
1462,2014-11-30 21:00,-3.8,4.16,88.93,672.38,0,1
1463,2014-11-30 22:00,-4.2,0.64,91.06,671.78,0.1138,1
1464,2014-11-30 23:00,-4.4,5.44,89.52,670.98,0.0569,1
1465,2014-12-01 00:00,-4.6,4.16,89.53,670.38,0,1
1466,2014-12-01 01:00,-4.7,4.56,88.93,669.48,1.1945,1
1467,2014-12-01 02:00,-5,4.16,91.04,668.78,0.9386,1
1468,2014-12-01 03:00,-5.1,1.28,91.03,667.28,1.5358,1
1469,2014-12-01 04:00,-5.1,0.64,91.03,666.38,1.3652,0.98
1470,2014-12-01 05:00,-5.5,1.28,91.03,666.48,1.1945,1
1471,2014-12-01 06:00,-6,6.72,89.46,665.98,0.1706,1
1472,2014-12-01 07:00,-6.4,4.16,89.42,665.88,0,1
1473,2014-12-01 08:00,-6.7,4.16,87.64,665.68,0,0.91
1474,2014-12-01 09:00,-6.3,4.16,86.7,665.88,0.1706,0.75
1475,2014-12-01 10:00,-5.8,2.8,86.52,665.78,0.8532,0.77
1476,2014-12-01 11:00,-5.4,3.04,84.62,665.58,0,0.83
1477,2014-12-01 12:00,-4.9,2.08,88.89,665.98,0.5119,0.76
1478,2014-12-01 13:00,-5,0.64,83.55,665.98,0.256,0.97
1479,2014-12-01 14:00,-5.5,2.08,90.95,666.38,0.1706,0.96
1480,2014-12-01 15:00,-5.9,2.08,91.58,666.68,0,0.98
1481,2014-12-01 16:00,-6.6,0.64,91.58,667.18,0.256,0.75
1482,2014-12-01 17:00,-7.7,0.64,90.94,667.28,0.256,0.97
1483,2014-12-01 18:00,-8.9,0.64,90.61,667.38,0.256,0.98
1484,2014-12-01 19:00,-9.5,0.5,90.61,667.48,1.1945,0.99
1485,2014-12-01 20:00,-9.5,0.5,89.97,667.68,0.0853,1
1486,2014-12-01 21:00,-9.6,0.5,89.97,667.78,0,1
1487,2014-12-01 22:00,-9.9,0.5,89.96,667.68,0,1
1488,2014-12-01 23:00,-10.3,2.08,86.08,667.68,0,1
1489,2014-12-02 00:00,-10.6,3.36,88.67,667.58,0,1
1490,2014-12-02 01:00,-9.5,3.36,88.65,667.38,0,0.99
1491,2014-12-02 02:00,-8.9,2.8,91.48,667.38,0,1
1492,2014-12-02 03:00,-8.6,2.08,92.13,667.28,0,1
1493,2014-12-02 04:00,-8.5,2.08,92.47,667.08,0,1
1494,2014-12-02 05:00,-8.5,2.8,94.49,666.88,0,1
1495,2014-12-02 06:00,-8.6,4.16,95.9,666.98,0,1
1496,2014-12-02 07:00,-8.6,4.16,96.98,667.18,0,0.93
1497,2014-12-02 08:00,-7.9,2.08,92.12,667.58,0,0.98
1498,2014-12-02 09:00,-6.8,1.92,91.12,667.68,0,0.97
1499,2014-12-02 10:00,-5.9,2.18,90.92,667.68,0.256,0.97
1500,2014-12-02 11:00,-5.4,1.88,89.07,667.58,0.5973,0.95
1501,2014-12-02 12:00,-5.2,1.14,87.01,667.48,0.5119,0.12
1502,2014-12-02 13:00,-5.5,0.8,85.04,667.38,0,0.18
1503,2014-12-02 14:00,-5.6,1.28,79.99,667.38,0,0.76
1504,2014-12-02 15:00,-6.3,0.64,77.51,667.58,0,0.92
1505,2014-12-02 16:00,-7.5,0.5,83.15,667.58,0,0.68
1506,2014-12-02 17:00,-8.4,2.08,84.74,667.78,0,0.68
1507,2014-12-02 18:00,-8.7,2.08,86.04,667.78,0,0.97
1508,2014-12-02 19:00,-8.8,2.8,87.17,667.98,0,0.2
1509,2014-12-02 20:00,-8.8,4.16,88.03,668.08,0,0.43
1510,2014-12-02 21:00,-8.8,2.8,88.62,668.28,0,0.63
1511,2014-12-02 22:00,-8.7,2.08,88.03,668.48,0,0.84
1512,2014-12-02 23:00,-8.8,4.88,88.65,668.58,0,1
1513,2014-12-03 00:00,-8.8,4.16,88.65,668.48,0,1
1514,2014-12-03 01:00,-9,2.8,87.46,668.58,0,1
1515,2014-12-03 02:00,-9.3,2.08,88.67,668.68,0,1
1516,2014-12-03 03:00,-9.9,2.08,88.94,668.58,0,1
1517,2014-12-03 04:00,-10.2,2.08,94.17,668.78,0.1706,1
1518,2014-12-03 05:00,-10.1,2.08,94.18,668.78,0,1
1519,2014-12-03 06:00,-10,2.8,94.18,668.98,0,1
1520,2014-12-03 07:00,-10.1,2.8,85.72,669.18,0.1706,1
1521,2014-12-03 08:00,-9.4,1.28,85.16,669.48,0,0.98
1522,2014-12-03 09:00,-8,1.28,84.62,669.78,0,0.98
1523,2014-12-03 10:00,-6.8,2.4,90.2,669.98,0,0.97
1524,2014-12-03 11:00,-5.9,1.28,89.04,669.88,0,0.97
1525,2014-12-03 12:00,-5.2,0.8,88.47,669.88,0,0.7
1526,2014-12-03 13:00,-4.8,0.64,88.17,669.78,0.4266,0.96
1527,2014-12-03 14:00,-4.6,0.5,84.99,669.98,0.4266,0.95
1528,2014-12-03 15:00,-4.6,0.64,83.62,669.98,0,0.93
1529,2014-12-03 16:00,-5.2,0.5,82.56,670.08,0,1
1530,2014-12-03 17:00,-6.8,2.8,87.2,670.18,0,1
1531,2014-12-03 18:00,-8.6,1.28,80.66,670.28,0,1
1532,2014-12-03 19:00,-9.5,2.8,80.17,670.48,0,1
1533,2014-12-03 20:00,-10.2,0.64,84.58,670.28,0,1
1534,2014-12-03 21:00,-10.5,1.04,87.45,670.28,0,1
1535,2014-12-03 22:00,-10.3,0.64,86.55,670.28,0,1
1536,2014-12-03 23:00,-10.1,0.5,85.69,670.18,0,1
1537,2014-12-04 00:00,-10,0.5,88.64,670.08,0,1
1538,2014-12-04 01:00,-10,0.5,90.52,670.08,0,1
1539,2014-12-04 02:00,-10.3,1.6,85.99,670.18,0,1
1540,2014-12-04 03:00,-10.6,2.4,83.99,669.88,0,1
1541,2014-12-04 04:00,-10.9,1.28,90.14,669.88,0,1
1542,2014-12-04 05:00,-11,0.5,86.75,669.88,0,1
1543,2014-12-04 06:00,-11.3,0.5,87.05,670.08,0,1
1544,2014-12-04 07:00,-11.4,0.98,85.1,670.18,0,0.99
1545,2014-12-04 08:00,-10.4,2.08,80.48,670.58,0,0.9
1546,2014-12-04 09:00,-9.4,2.8,70.33,670.68,0,0.98
1547,2014-12-04 10:00,-8.6,1.28,77.51,670.78,0,0.98
1548,2014-12-04 11:00,-8,1.28,78.19,670.78,0,0.97
1549,2014-12-04 12:00,-7.3,1.28,84.47,670.68,0,0.97
1550,2014-12-04 13:00,-7,0.64,83.88,670.58,0,0.94
1551,2014-12-04 14:00,-7.7,0.64,89.43,670.78,0,0.96
1552,2014-12-04 15:00,-8.3,0.5,88.22,670.78,0,1
1553,2014-12-04 16:00,-8.8,0.8,93.13,670.98,0,0.82
1554,2014-12-04 17:00,-9.5,0.5,91.42,671.28,0,0
1555,2014-12-04 18:00,-10.2,1.6,95.18,671.58,0,0.49
1556,2014-12-04 19:00,-10.7,2.08,95.18,671.68,0,0.84
1557,2014-12-04 20:00,-10.9,0.5,83.66,671.88,0,0.9
1558,2014-12-04 21:00,-10.9,0.5,94.11,671.78,0,0.94
1559,2014-12-04 22:00,-10.8,0.8,95.16,671.98,0,0.83
1560,2014-12-04 23:00,-10.8,0.8,78.61,672.08,0,0.76
1561,2014-12-05 00:00,-10.8,0.64,77.21,671.88,0,0.81
1562,2014-12-05 01:00,-10.7,0.62,77.16,671.88,0,0.8
1563,2014-12-05 02:00,-10.6,1.4,70.73,671.88,0,0.73
1564,2014-12-05 03:00,-10.6,1.78,70.55,671.68,0,0.27
1565,2014-12-05 04:00,-10.6,1.84,70.22,671.68,0,0
1566,2014-12-05 05:00,-10.9,0.8,69.64,671.78,0,0
1567,2014-12-05 06:00,-11.3,1.6,72.56,671.88,0,0
1568,2014-12-05 07:00,-11.4,0.5,70.27,671.78,0,0
1569,2014-12-05 08:00,-10.8,0.8,58.95,672.08,0,0.98
1570,2014-12-05 09:00,-8.9,1.04,62.67,672.28,0,0.98
1571,2014-12-05 10:00,-7.4,5.44,70.7,672.28,0,0.97
1572,2014-12-05 11:00,-6.4,4.56,79.3,672.18,0,0.97
1573,2014-12-05 12:00,-6.4,4.16,82.85,671.98,0,0.08
1574,2014-12-05 13:00,-6.4,1.28,79.95,671.88,0,0.28
1575,2014-12-05 14:00,-6.1,1.42,83.49,671.88,0,0.96
1576,2014-12-05 15:00,-6.1,2.94,87.4,671.88,0,1
1577,2014-12-05 16:00,-6.4,2.08,85.61,671.88,0,0
1578,2014-12-05 17:00,-7.6,2.8,88.24,671.78,0,0
1579,2014-12-05 18:00,-8.9,2.8,88.53,671.78,0,0
1580,2014-12-05 19:00,-9.8,1.6,91.1,671.78,0,0
1581,2014-12-05 20:00,-10.5,4.1,88.59,671.58,0,0.21
1582,2014-12-05 21:00,-10.8,2.18,87.95,671.48,0,0.81
1583,2014-12-05 22:00,-11.1,0.64,87.05,671.38,0,0.96
1584,2014-12-05 23:00,-11.5,2.8,87.05,671.18,0,1
1585,2014-12-06 00:00,-11.7,0.64,89.51,670.78,0,1
1586,2014-12-06 01:00,-11.3,0.5,87.68,670.58,0.1706,0.99
1587,2014-12-06 02:00,-11.2,4.16,86.72,670.48,0.1706,1
1588,2014-12-06 03:00,-11.2,0.64,88.22,670.18,0,1
1589,2014-12-06 04:00,-11.2,1.28,88.54,670.08,0,1
1590,2014-12-06 05:00,-11.5,1.04,85.25,670.08,0,1
1591,2014-12-06 06:00,-11.5,2.8,86.74,670.08,0,1
1592,2014-12-06 07:00,-11.4,1.28,89.43,670.18,0,1
1593,2014-12-06 08:00,-11.2,1.04,86.68,670.18,0,0.98
1594,2014-12-06 09:00,-10.7,2.88,89.15,670.48,0.1706,0.98
1595,2014-12-06 10:00,-10.1,3.7,88,670.58,0.5119,0.98
1596,2014-12-06 11:00,-9,0.64,90.14,670.48,0,0.97
1597,2014-12-06 12:00,-8.5,1.38,87.71,670.28,0.3413,0.56
1598,2014-12-06 13:00,-9.7,1.28,87.96,670.28,0.5119,0.02
1599,2014-12-06 14:00,-10.2,0.5,93.08,670.48,0.8532,0.74
1600,2014-12-06 15:00,-9.7,4.12,92.42,670.68,0.5119,1
1601,2014-12-06 16:00,-10.6,3.14,92.71,670.78,0,1
1602,2014-12-06 17:00,-11.4,3.46,92.06,670.98,0,1
1603,2014-12-06 18:00,-11.7,3.26,90.11,670.98,0,1
1604,2014-12-06 19:00,-11.9,5.46,91.7,670.98,0,1
1605,2014-12-06 20:00,-12.1,0.5,89.12,670.98,0,1
1606,2014-12-06 21:00,-12.2,4.24,89.12,671.08,0,1
1607,2014-12-06 22:00,-11.7,2.08,90.06,671.08,0,0.85
1608,2014-12-06 23:00,-11.9,2.8,86.67,671.08,0,0.27
1609,2014-12-07 00:00,-11.9,0.5,88.17,670.98,0,0
1610,2014-12-07 01:00,-12,0.5,90.06,670.78,0,0
1611,2014-12-07 02:00,-11.8,0.5,86.08,670.88,0,0
1612,2014-12-07 03:00,-12.1,0.5,90.69,670.68,0,0.51
1613,2014-12-07 04:00,-12.2,0.5,87.52,670.48,0,0.46
1614,2014-12-07 05:00,-11.9,0.5,86.06,670.68,0,0.6
1615,2014-12-07 06:00,-11.7,0.5,85.79,670.78,0,0.76
1616,2014-12-07 07:00,-11.5,0.5,85.64,671.18,0,0.72
1617,2014-12-07 08:00,-10.5,1.52,73.81,671.48,0,0.99
1618,2014-12-07 09:00,-9.1,0.5,70.3,671.68,0,0.98
1619,2014-12-07 10:00,-8.3,4.88,72.55,671.78,0.1706,0.98
1620,2014-12-07 11:00,-7.8,4.56,77.73,671.78,0.5119,0.97
1621,2014-12-07 12:00,-7.4,5.44,79.6,671.68,0,0
1622,2014-12-07 13:00,-8.5,0.5,68.3,671.48,0,0.17
1623,2014-12-07 14:00,-10,0.88,65.32,671.38,0,0.96
1624,2014-12-07 15:00,-11.5,0.88,82.77,671.38,0,1
1625,2014-12-07 16:00,-12.2,0.56,95.11,671.18,0,0
1626,2014-12-07 17:00,-12.6,0.64,90.64,671.28,0,0
1627,2014-12-07 18:00,-12.8,0.5,88.72,671.38,0,0.68
1628,2014-12-07 19:00,-13.1,0.72,94.73,671.38,0,0.96
1629,2014-12-07 20:00,-13.3,0.5,93.65,671.38,0,1
1630,2014-12-07 21:00,-13.2,0.5,93.65,671.48,0,1
1631,2014-12-07 22:00,-13.2,0.5,93.64,671.58,0,1
1632,2014-12-07 23:00,-13.3,0.72,93.64,671.58,0,1
1633,2014-12-08 00:00,-13.2,1.2,93.63,671.48,0,1
1634,2014-12-08 01:00,-12.7,2.4,92.91,670.98,0,1
1635,2014-12-08 02:00,-12.3,1.84,92.92,671.38,0,1
1636,2014-12-08 03:00,-13.5,1.44,92.91,670.88,0,1
1637,2014-12-08 04:00,-13.7,1.6,92.91,671.08,0,1
1638,2014-12-08 05:00,-13.8,1.2,92.91,671.18,0,1
1639,2014-12-08 06:00,-14.5,1.36,92.91,670.98,0,1
1640,2014-12-08 07:00,-15.4,0.5,92.91,670.88,0,1
1641,2014-12-08 08:00,-14.3,0.56,91,670.88,0,1
1642,2014-12-08 09:00,-13.8,0.88,70.49,670.68,0,0.98
1643,2014-12-08 10:00,-13.5,0.5,57.48,670.58,0,0.98
1644,2014-12-08 11:00,-13.7,0.72,45.06,670.18,0,0.98
1645,2014-12-08 12:00,-13.4,0.5,38.4,669.78,0,0.57
1646,2014-12-08 13:00,-13.8,3.36,36.59,668.88,0,0.54
1647,2014-12-08 14:00,-14.5,1.28,37.85,668.68,0,0.97
1648,2014-12-08 15:00,-14.7,0.8,38.62,668.08,0,0.9
1649,2014-12-08 16:00,-16.1,0.5,38.89,667.68,0,0
1650,2014-12-08 17:00,-17.1,0.64,47.17,667.28,0,0.19
1651,2014-12-08 18:00,-17.6,0.64,54.78,666.68,0,0.24
1652,2014-12-08 19:00,-18,0.64,65.87,666.48,0,0.17
1653,2014-12-08 20:00,-18.4,1.28,68.8,666.08,0,0
1654,2014-12-08 21:00,-18.8,2.08,77.47,665.58,0,0.39
1655,2014-12-08 22:00,-19.1,0.64,80.26,665.28,0,0.33
1656,2014-12-08 23:00,-19.6,1.28,83.14,664.88,0,0
1657,2014-12-09 00:00,-19.9,0.5,85.34,664.38,0,0
1658,2014-12-09 01:00,-20.2,0.5,92.74,664.18,0,0.22
1659,2014-12-09 02:00,-20.2,1.44,92.73,664.18,0,0.76
1660,2014-12-09 03:00,-20.3,1.84,92.73,663.88,0,1
1661,2014-12-09 04:00,-20.1,1.92,92.03,663.98,0,1
1662,2014-12-09 05:00,-20,0.96,92.02,664.18,0,1
1663,2014-12-09 06:00,-19.9,0.88,91.65,664.98,0,1
1664,2014-12-09 07:00,-19.7,0.8,91.64,665.48,0,1
1665,2014-12-09 08:00,-19.6,0.5,91.64,666.48,0,0.77
1666,2014-12-09 09:00,-19.6,0.5,90.49,667.28,0,0.98
1667,2014-12-09 10:00,-17.7,0.5,91.94,667.78,0,0.98
1668,2014-12-09 11:00,-16,0.5,90.89,668.28,0,0.98
1669,2014-12-09 12:00,-15.7,7.52,79.08,668.68,0,0
1670,2014-12-09 13:00,-15.6,4.16,73.82,669.18,0,0.12
1671,2014-12-09 14:00,-14,6.72,70.95,669.78,0,0.96
1672,2014-12-09 15:00,-13.8,7.04,71.1,670.18,0,1
1673,2014-12-09 16:00,-15.1,0.5,74.64,670.58,0,1
1674,2014-12-09 17:00,-16.7,0.5,81.7,670.88,0,1
1675,2014-12-09 18:00,-17.1,0.5,78.29,671.28,0,0.92
1676,2014-12-09 19:00,-17.7,0.5,63.02,671.48,0,0.87
1677,2014-12-09 20:00,-17.9,0.5,43.84,671.78,0,0.84
1678,2014-12-09 21:00,-17.6,0.5,38.38,672.18,0,0.82
1679,2014-12-09 22:00,-15.6,1.28,34.93,672.28,0,0.75
1680,2014-12-09 23:00,-13,2.16,31.13,672.58,0,0.52
1681,2014-12-10 00:00,-11.8,3.68,28.85,672.68,0,0
1682,2014-12-10 01:00,-11.1,5.36,17.69,673.08,0,0
1683,2014-12-10 02:00,-11.1,14.8,15.16,673.48,0,0
1684,2014-12-10 03:00,-10,19.76,15.64,673.68,0,0
1685,2014-12-10 04:00,-10,16.88,16.82,673.78,0,0
1686,2014-12-10 05:00,-9.4,19.04,22.42,674.18,0,0
1687,2014-12-10 06:00,-7.7,20.56,28.25,674.48,0,0
1688,2014-12-10 07:00,-7.3,18.24,43.65,675.88,0,0
1689,2014-12-10 08:00,-7.6,14.96,56.04,676.28,0,0.99
1690,2014-12-10 09:00,-8.8,10.72,55.12,676.38,0,0.85
1691,2014-12-10 10:00,-9.1,1.6,63.19,675.98,0,0.98
1692,2014-12-10 11:00,-8.7,3.52,64.07,675.68,0,0.95
1693,2014-12-10 12:00,-9.8,3.12,67.2,675.28,0,0.78
1694,2014-12-10 13:00,-9.4,1.2,63.55,675.08,0,0.76
1695,2014-12-10 14:00,-9.2,0.88,81.55,675.28,0,0.92
1696,2014-12-10 15:00,-9,0.56,95.89,675.38,0,0.4
1697,2014-12-10 16:00,-9.9,1.28,95.89,675.48,0,1
1698,2014-12-10 17:00,-11.3,1.84,95.16,675.58,0,1
1699,2014-12-10 18:00,-11.8,2.56,94.44,675.78,0,0.74
1700,2014-12-10 19:00,-8.9,8.4,93.74,676.28,0,0.52
1701,2014-12-10 20:00,-7.7,5.28,90.07,675.88,0,0.43
1702,2014-12-10 21:00,-8,1.2,85.54,675.68,0,0.38
1703,2014-12-10 22:00,-8.4,0.88,74.22,675.28,0,0.77
1704,2014-12-10 23:00,-9.1,1.44,55.05,674.78,0,0.9
1705,2014-12-11 00:00,-10.3,1.2,45.6,674.68,0,0.83
1706,2014-12-11 01:00,-11.2,0.56,25.96,673.88,0,0.68
1707,2014-12-11 02:00,-12.2,2.64,23.38,673.08,0,0.32
1708,2014-12-11 03:00,-12,4.16,23.55,672.88,0,0
1709,2014-12-11 04:00,-12.3,1.28,25.68,672.48,0,0.58
1710,2014-12-11 05:00,-13.2,0.64,26.12,672.08,0,0
1711,2014-12-11 06:00,-13.5,1.04,26.07,671.58,0,0
1712,2014-12-11 07:00,-13.7,1.28,26.15,671.28,0,0
1713,2014-12-11 08:00,-13,2.48,23.63,671.18,0,0.7
1714,2014-12-11 09:00,-13,3.44,24.46,671.08,0,0.61
1715,2014-12-11 10:00,-11.9,2,27.72,671.58,0,0.98
1716,2014-12-11 11:00,-12.8,4.56,33.21,670.48,0,0.98
1717,2014-12-11 12:00,-13.8,2.4,39.84,670.48,0,0.98
1718,2014-12-11 13:00,-14.9,1.68,46.36,670.38,0,0.94
1719,2014-12-11 14:00,-14.9,1.36,53.57,670.38,0,0.65
1720,2014-12-11 15:00,-15.4,2.64,64.61,670.38,0,0.35
1721,2014-12-11 16:00,-15.5,1.28,65.55,669.98,0,0
1722,2014-12-11 17:00,-15.9,3.92,74.76,670.18,0,0
1723,2014-12-11 18:00,-15.6,5.76,72.28,669.78,0,0.5
1724,2014-12-11 19:00,-15.1,3.04,68.6,670.88,0,0.86
1725,2014-12-11 20:00,-14.7,1.6,69.16,671.68,0,0
1726,2014-12-11 21:00,-14.6,4.8,65.68,671.88,0,0
1727,2014-12-11 22:00,-14.6,3.92,57.87,671.08,0,0
1728,2014-12-11 23:00,-13.7,3.04,55.91,671.98,0,0
1729,2014-12-12 00:00,-13.8,3.44,49.11,672.38,0,0
1730,2014-12-12 01:00,-13.9,1.44,44.07,672.68,0,0
1731,2014-12-12 02:00,-13.4,1.44,34.59,672.98,0,0
1732,2014-12-12 03:00,-11.7,2,29.24,672.68,0,0
1733,2014-12-12 04:00,-11.3,1.04,25.52,672.48,0,0
1734,2014-12-12 05:00,-11.9,0.8,26.34,672.68,0,0
1735,2014-12-12 06:00,-12.2,0.96,26.81,672.28,0,0
1736,2014-12-12 07:00,-12,0.88,27.74,672.38,0,0
1737,2014-12-12 08:00,-10.9,0.56,27.77,672.28,0,0.03
1738,2014-12-12 09:00,-10,4.8,30.88,672.08,0,0
1739,2014-12-12 10:00,-10.6,2.16,33.28,671.88,0,0.82
1740,2014-12-12 11:00,-10.5,2.8,33.38,671.48,0,0.69
1741,2014-12-12 12:00,-11.6,0.5,37.16,670.88,0,0.38
1742,2014-12-12 13:00,-11.5,1.04,41.64,670.78,0,0.9
1743,2014-12-12 14:00,-11.9,0.5,48.19,670.78,0,0.96
1744,2014-12-12 15:00,-11.1,1.36,59.74,671.18,0,0.99
1745,2014-12-12 16:00,-10.5,0.5,89.11,671.58,0,0.9
1746,2014-12-12 17:00,-10,0.8,93.05,671.58,0,0.96
1747,2014-12-12 18:00,-10,0.5,96.59,671.78,0,0.96
1748,2014-12-12 19:00,-10.1,0.8,93.94,671.78,0,0.53
1749,2014-12-12 20:00,-9.9,0.5,87.69,672.48,0,1
1750,2014-12-12 21:00,-9.4,0.5,95.16,672.68,0,0.52
1751,2014-12-12 22:00,-9,1.84,91.42,672.48,0,0.11
1752,2014-12-12 23:00,-9.4,2.16,65.41,672.88,0,0
1753,2014-12-13 00:00,-9.9,0.8,41.52,672.18,0,0.08
1754,2014-12-13 01:00,-10.3,1.28,38.86,672.48,0,0.17
1755,2014-12-13 02:00,-10.4,2.72,43.97,672.58,0,0
1756,2014-12-13 03:00,-10.4,0.96,51.01,672.58,0,0.1
1757,2014-12-13 04:00,-10.9,2.4,46.8,672.48,0,0
1758,2014-12-13 05:00,-10.2,1.28,41.66,672.58,0,0
1759,2014-12-13 06:00,-10,1.28,38.62,672.48,0,0
1760,2014-12-13 07:00,-10.1,1.44,34.24,672.68,0,0
1761,2014-12-13 08:00,-9.6,2.56,28.67,673.38,0,0.52
1762,2014-12-13 09:00,-8.9,5.84,28.43,673.48,0,0.75
1763,2014-12-13 10:00,-9.2,5.44,26.71,673.78,0,0.78
1764,2014-12-13 11:00,-8.7,3.76,26.35,673.58,0,0.92
1765,2014-12-13 12:00,-8.3,3.36,30.33,673.38,0,0.98
1766,2014-12-13 13:00,-7.5,1.76,41.35,673.48,0,0.8
1767,2014-12-13 14:00,-7.6,3.2,48.66,672.68,0,0.13
1768,2014-12-13 15:00,-8.7,4.08,54.88,673.08,0,0
1769,2014-12-13 16:00,-8.9,2.88,63.42,673.28,0,0.87
1770,2014-12-13 17:00,-7.7,2.4,69.03,673.98,0,0.8
1771,2014-12-13 18:00,-7.2,1.36,76.36,674.28,0,0.79
1772,2014-12-13 19:00,-8.3,1.92,66.22,674.58,0,0.79
1773,2014-12-13 20:00,-9.9,0.72,55.51,674.18,0,0.89
1774,2014-12-13 21:00,-8.9,4.4,46.14,674.48,0,0.5
1775,2014-12-13 22:00,-9.4,2.88,45.45,674.38,0,0
1776,2014-12-13 23:00,-9.7,1.2,48.38,674.48,0,0.37
1777,2014-12-14 00:00,-9.5,4.24,69.39,673.68,0,0.34
1778,2014-12-14 01:00,-8.8,1.6,80.85,673.98,0,0.72
1779,2014-12-14 02:00,-9,1.2,77.33,674.38,0,0.93
1780,2014-12-14 03:00,-9,1.28,70.92,674.38,0,0.92
1781,2014-12-14 04:00,-9,3.68,66.89,674.08,0,0.85
1782,2014-12-14 05:00,-9.3,4.08,63.25,674.18,0,0.37
1783,2014-12-14 06:00,-9.4,2.72,60.49,674.58,0,0.12
1784,2014-12-14 07:00,-10.5,1.44,55.37,674.78,0,0.48
1785,2014-12-14 08:00,-8.5,0.8,50.4,675.08,0,0.92
1786,2014-12-14 09:00,-7.8,3.36,42.02,675.28,0,0
1787,2014-12-14 10:00,-8,2.32,40.51,675.48,0,0.86
1788,2014-12-14 11:00,-7.9,2.56,46.01,675.28,0,0.84
1789,2014-12-14 12:00,-8.2,2.08,56.96,674.98,0,0.78
1790,2014-12-14 13:00,-8.3,2.88,62.93,674.98,0,0.9
1791,2014-12-14 14:00,-8.9,3.12,67.72,674.88,0,0.85
1792,2014-12-14 15:00,-8.9,2.72,67.37,675.08,0,0.95
1793,2014-12-14 16:00,-8.6,1.04,74.54,675.28,0,0.74
1794,2014-12-14 17:00,-8.1,1.36,83.76,675.48,0,0.87
1795,2014-12-14 18:00,-8.1,0.72,92.48,675.48,0,0.86
1796,2014-12-14 19:00,-7.9,1.6,91.63,675.68,0,0.83
1797,2014-12-14 20:00,-8,2.4,91.88,675.68,0,0.84
1798,2014-12-14 21:00,-7.9,0.72,91.5,675.68,0,0.83
1799,2014-12-14 22:00,-8.3,3.04,92.17,675.58,0,0.94
1800,2014-12-14 23:00,-8.6,2.08,97.01,675.58,0,0.78
1801,2014-12-15 00:00,-8.7,0.5,99.62,675.48,0,0.77
1802,2014-12-15 01:00,-8.7,0.56,99.62,675.38,0,1
1803,2014-12-15 02:00,-8.7,1.2,98.48,675.58,0,0.99
1804,2014-12-15 03:00,-8.9,0.5,93.48,675.28,0,1
1805,2014-12-15 04:00,-9.1,0.96,94.17,675.18,0,1
1806,2014-12-15 05:00,-9,2.32,94.17,675.28,0,1
1807,2014-12-15 06:00,-8.8,3.2,94.17,675.28,0,1
1808,2014-12-15 07:00,-9.1,2.88,93.15,675.18,0,1
1809,2014-12-15 08:00,-9.3,2.48,92.48,675.28,0,1
1810,2014-12-15 09:00,-8.8,2.48,92.48,675.38,0,0.62
1811,2014-12-15 10:00,-8.5,4.32,87.27,675.28,0,0.13
1812,2014-12-15 11:00,-8.9,5.28,89,674.68,0,0.71
1813,2014-12-15 12:00,-8.9,4.16,91.16,674.48,0.4266,0.92
1814,2014-12-15 13:00,-8.9,3.04,91.21,674.08,0,0.9
1815,2014-12-15 14:00,-9.5,1.44,89.38,674.18,0,0.95
1816,2014-12-15 15:00,-9.8,1.52,86.7,674.18,0,1
1817,2014-12-15 16:00,-9.9,1.76,89.6,674.08,0,0.82
1818,2014-12-15 17:00,-9.9,2.32,84.33,673.78,0,0.86
1819,2014-12-15 18:00,-9.6,1.2,87.49,673.88,0,0.78
1820,2014-12-15 19:00,-9.6,1.84,90.15,673.48,0,0.76
1821,2014-12-15 20:00,-9.3,0.5,95.91,673.58,0,0.9
1822,2014-12-15 21:00,-9.2,0.56,97.36,673.28,0,0.99
1823,2014-12-15 22:00,-9.5,0.64,94.5,672.98,0,0.98
1824,2014-12-15 23:00,-9,0.5,95.56,672.58,0,1
1825,2014-12-16 00:00,-8.8,0.5,94.18,672.18,0.1706,1
1826,2014-12-16 01:00,-8.9,0.5,93.15,671.68,0.3413,1
1827,2014-12-16 02:00,-9,1.14,91.5,671.48,0.3413,1
1828,2014-12-16 03:00,-8.9,0.5,91.18,670.98,0.3413,1
1829,2014-12-16 04:00,-9,0.5,93.13,670.58,0.5119,1
1830,2014-12-16 05:00,-9.2,0.5,91.47,670.38,1.0239,1
1831,2014-12-16 06:00,-9.5,0.5,91.13,670.18,0.5119,1
1832,2014-12-16 07:00,-9.4,0.5,95.17,670.08,0.1706,1
1833,2014-12-16 08:00,-9.4,0.5,96.6,669.98,0,1
1834,2014-12-16 09:00,-6.5,0.5,95.88,669.78,0,0.76
1835,2014-12-16 10:00,-4.2,0.5,94.96,669.68,0.1706,0.67
1836,2014-12-16 11:00,-2.9,0.5,94.26,669.38,0,0.97
1837,2014-12-16 12:00,-5.1,0.5,95.16,669.08,0,0.97
1838,2014-12-16 13:00,-7.5,4.16,95.16,668.58,0.1706,0.97
1839,2014-12-16 14:00,-7.8,2.08,94.45,668.48,0,0.95
1840,2014-12-16 15:00,-9.4,4.16,94.43,668.48,0,1
1841,2014-12-16 16:00,-10.6,2.8,94.07,668.48,0,0.54
1842,2014-12-16 17:00,-11.9,5.44,94.04,668.58,0,0
1843,2014-12-16 18:00,-12.4,5.44,93.68,668.58,0,0.87
1844,2014-12-16 19:00,-13.5,4.16,93.67,668.58,0,1
1845,2014-12-16 20:00,-12.3,8.24,93.67,668.78,0,1
1846,2014-12-16 21:00,-12.2,6.72,92.94,668.78,0,1
1847,2014-12-16 22:00,-11.4,1.6,92.58,668.88,0,1
1848,2014-12-16 23:00,-11.4,14.16,92.93,668.68,0,0.99
1849,2014-12-17 00:00,-11.4,9.6,90.19,668.98,0,1
1850,2014-12-17 01:00,-11.3,9.92,84.99,669.08,0,1
1851,2014-12-17 02:00,-11.7,16.32,73.72,668.78,0,0.92
1852,2014-12-17 03:00,-8.4,16.88,49.21,669.08,0,0.85
1853,2014-12-17 04:00,-7.7,9.04,28.63,669.78,0,0.73
1854,2014-12-17 05:00,-6.7,8.64,16.25,670.78,0,0
1855,2014-12-17 06:00,-6.9,15.52,15.37,671.08,0,0
1856,2014-12-17 07:00,-6.5,11.84,13.6,671.28,0,0.36
1857,2014-12-17 08:00,-7.5,8.08,8.57,671.68,0,0.92
1858,2014-12-17 09:00,-7.9,1.92,14.37,671.88,0,0.89
1859,2014-12-17 10:00,-8.7,3.12,15.85,671.58,0,0.78
1860,2014-12-17 11:00,-8.5,4.48,36.3,670.88,0,0.84
1861,2014-12-17 12:00,-7.4,8.56,70.46,670.68,0,0.87
1862,2014-12-17 13:00,-6.6,6.24,95.53,670.68,0,0.92
1863,2014-12-17 14:00,-6.5,4,95.18,670.38,0,0.94
1864,2014-12-17 15:00,-6.8,2.48,95.18,670.38,0.3413,1
1865,2014-12-17 16:00,-7.4,1.84,94.48,669.98,0.3413,1
1866,2014-12-17 17:00,-7.7,2.88,94.47,670.18,0.5119,1
1867,2014-12-17 18:00,-8.2,1.12,94.13,670.08,0.1706,1
1868,2014-12-17 19:00,-7.8,1.04,94.11,671.08,0,1
1869,2014-12-17 20:00,-7.4,1.12,94.14,671.08,0,1
1870,2014-12-17 21:00,-7.4,19.92,94.13,671.38,0,1
1871,2014-12-17 22:00,-6.3,17.68,94.13,672.78,0,1
1872,2014-12-17 23:00,-5,13.52,94.14,673.68,0,1
1873,2014-12-18 00:00,-4.9,12.16,94.15,674.28,0.256,1
1874,2014-12-18 01:00,-4.6,8.96,94.15,674.98,0.3413,1
1875,2014-12-18 02:00,-5.6,5.84,93.47,675.98,0.256,1
1876,2014-12-18 03:00,-4.4,14.24,93.47,676.48,0.1706,1
1877,2014-12-18 04:00,-3.4,12.08,93.46,676.38,0,1
1878,2014-12-18 05:00,-5.4,2.24,93.5,676.88,0,1
1879,2014-12-18 06:00,-5,0.8,93.89,677.08,0,0.99
1880,2014-12-18 07:00,-4.7,0.5,94.94,677.28,0,1
1881,2014-12-18 08:00,-4.2,0.5,94.95,678.08,0,0.8
1882,2014-12-18 09:00,-3.5,0.56,94.96,679.08,0.2275,0.97
1883,2014-12-18 10:00,-3,0.56,94.98,679.38,0.5119,0.96
1884,2014-12-18 11:00,-2.6,0.5,94.93,679.48,1.1376,0.8
1885,2014-12-18 12:00,-2.4,0.56,94.98,679.18,1.4789,0.9
1886,2014-12-18 13:00,-2.4,0.88,94.64,679.58,1.3083,0.96
1887,2014-12-18 14:00,-2.6,0.5,93.99,679.38,1.0239,0.95
1888,2014-12-18 15:00,-2.9,0.5,93.99,680.28,0.6826,1
1889,2014-12-18 16:00,-4.5,1.92,93.57,680.08,0.8532,1
1890,2014-12-18 17:00,-4.8,10.56,93.6,680.18,0.5688,1
1891,2014-12-18 18:00,-4.9,9.36,92.91,680.58,0.3413,1
1892,2014-12-18 19:00,-4.9,9.36,92.57,680.98,0.3413,1
1893,2014-12-18 20:00,-5.1,9.36,92.9,681.68,0.2275,1
1894,2014-12-18 21:00,-5.7,8.24,92.86,682.18,0.1706,1
1895,2014-12-18 22:00,-6.5,6.72,92.46,682.38,0.1138,1
1896,2014-12-18 23:00,-6,7.84,87.54,682.38,0,1
1897,2014-12-19 00:00,-5.3,4,74.93,682.58,0.0569,1
1898,2014-12-19 01:00,-5.8,2.48,41.29,682.18,0,0.99
1899,2014-12-19 02:00,-6.1,0.5,27.26,682.28,0,0.99
1900,2014-12-19 03:00,-6.3,5.76,22.58,681.78,0,0.94
1901,2014-12-19 04:00,-5.2,3.36,22.32,681.78,0,0.15
1902,2014-12-19 05:00,-5.3,6.08,21.13,681.68,0,0
1903,2014-12-19 06:00,-5.4,2.56,26.34,681.98,0,0
1904,2014-12-19 07:00,-5.4,6.8,28.34,681.98,0,0
1905,2014-12-19 08:00,-4.5,3.04,25.43,682.48,0,1
1906,2014-12-19 09:00,-3.9,4.64,22.35,682.48,0.1706,0.64
1907,2014-12-19 10:00,-5.1,3.2,21,682.28,0.2844,0.52
1908,2014-12-19 11:00,-4.8,0.5,20.28,682.08,0.2844,0.98
1909,2014-12-19 12:00,-5.2,1.28,20.34,681.68,0.2844,0.07
1910,2014-12-19 13:00,-6.4,0.88,19.03,680.58,0.2844,0.94
1911,2014-12-19 14:00,-7.4,2.88,19.87,680.28,0.1706,0.9
1912,2014-12-19 15:00,-7.8,4.88,23.26,679.78,0.1138,0.94
1913,2014-12-19 16:00,-8.7,0.96,24.34,679.38,0.0569,0
1914,2014-12-19 17:00,-9.5,1.44,26.26,679.18,0,0
1915,2014-12-19 18:00,-9.7,0.96,29.54,679.08,0,0
1916,2014-12-19 19:00,-10,2.32,39.42,678.68,0,0
1917,2014-12-19 20:00,-9.8,4.4,63.8,678.68,0,0.72
1918,2014-12-19 21:00,-8.6,2.8,85.21,678.38,0,0.93
1919,2014-12-19 22:00,-8.3,3.6,86.6,677.98,0,0.99
1920,2014-12-19 23:00,-8.4,1.44,90.52,678.08,0.1138,1
1921,2014-12-20 00:00,-8.4,1.76,84.23,678.18,0,1
1922,2014-12-20 01:00,-9.4,0.96,72.64,677.98,0.0853,1
1923,2014-12-20 02:00,-9.5,2.32,77.76,677.68,0,1
1924,2014-12-20 03:00,-9.9,2.08,83.66,677.08,0,1
1925,2014-12-20 04:00,-10.1,2.16,81.57,677.98,0,1
1926,2014-12-20 05:00,-11,2.24,95.5,677.98,0,1
1927,2014-12-20 06:00,-11.3,1.92,95.11,677.48,0,1
1928,2014-12-20 07:00,-11.9,3.44,93.69,677.68,0,1
1929,2014-12-20 08:00,-11.9,3.04,74.24,677.78,0,0
1930,2014-12-20 09:00,-11.5,3.2,40.98,677.98,0,0
1931,2014-12-20 10:00,-11.9,3.36,29.37,678.18,0.256,0.17
1932,2014-12-20 11:00,-12,3.92,24.04,678.08,0.4266,0.54
1933,2014-12-20 12:00,-11.2,1.28,26.31,677.68,0,0.66
1934,2014-12-20 13:00,-10.3,1.12,20.86,677.48,0,0
1935,2014-12-20 14:00,-10.5,2.88,18.96,676.88,0,0
1936,2014-12-20 15:00,-11.1,3.28,21.3,676.48,0,1
1937,2014-12-20 16:00,-11.7,3.84,21.03,676.18,0,0
1938,2014-12-20 17:00,-11.4,8.08,21.91,677.08,0,0
1939,2014-12-20 18:00,-11.2,5.12,28.56,677.18,0,0
1940,2014-12-20 19:00,-12.5,2.16,34.58,677.58,0,0
1941,2014-12-20 20:00,-12.6,4.24,40.22,677.78,0,0
1942,2014-12-20 21:00,-12.8,4.56,45.67,677.58,0,0
1943,2014-12-20 22:00,-12.1,4.08,43.08,677.08,0,0
1944,2014-12-20 23:00,-12,5.52,41.82,677.78,0,0
1945,2014-12-21 00:00,-11,6.4,42.84,677.48,0,0
1946,2014-12-21 01:00,-10.4,4.08,45.43,677.98,0,0
1947,2014-12-21 02:00,-9.8,2.48,52.27,678.58,0,0
1948,2014-12-21 03:00,-9.7,3.68,55.82,677.98,0,0
1949,2014-12-21 04:00,-9.8,1.92,58.36,678.08,0,0
1950,2014-12-21 05:00,-10,2,63.28,678.58,0,0
1951,2014-12-21 06:00,-10,3.28,66.27,678.48,0,0
1952,2014-12-21 07:00,-10.1,4.24,59.7,679.68,0,0
1953,2014-12-21 08:00,-7.7,5.76,50.66,679.18,0,1
1954,2014-12-21 09:00,-7.4,2.72,46.37,681.28,0,0.03
1955,2014-12-21 10:00,-7.4,11.36,40.96,680.48,0,0
1956,2014-12-21 11:00,-7.1,6.72,36.59,681.68,0,0.32
1957,2014-12-21 12:00,-6.2,2.72,26.34,681.78,0,0
1958,2014-12-21 13:00,-6.4,4.24,23.55,682.28,0,0
1959,2014-12-21 14:00,-6.7,3.2,21.64,681.78,0,0
1960,2014-12-21 15:00,-7.1,5.36,23.78,682.38,0,0.61
1961,2014-12-21 16:00,-7.2,6.96,25.16,681.38,0,0
1962,2014-12-21 17:00,-7.4,4.56,25.4,682.08,0,0
1963,2014-12-21 18:00,-7,4.4,27.71,683.08,0,0
1964,2014-12-21 19:00,-6.8,2.96,27.62,683.68,0,0
1965,2014-12-21 20:00,-7.3,1.52,28.27,683.68,0,0
1966,2014-12-21 21:00,-7.6,3.04,27.74,683.78,0,0
1967,2014-12-21 22:00,-7.6,6.32,28.04,684.48,0,0
1968,2014-12-21 23:00,-8,6,28.49,684.38,0,0
1969,2014-12-22 00:00,-7.9,5.84,27.74,684.38,0,0
1970,2014-12-22 01:00,-7.3,6,26.29,684.18,0,0
1971,2014-12-22 02:00,-7.9,3.36,25.66,684.28,0,0
1972,2014-12-22 03:00,-8.5,2.96,26.28,683.98,0,0
1973,2014-12-22 04:00,-8.9,3.52,27.97,683.58,0,0
1974,2014-12-22 05:00,-9,4.72,27.39,683.28,0,0
1975,2014-12-22 06:00,-8.8,5.04,25.42,684.08,0,0
1976,2014-12-22 07:00,-7.8,3.6,23.28,684.28,0,0
1977,2014-12-22 08:00,-7,3.04,21.42,684.58,0,1
1978,2014-12-22 09:00,-5.9,4.72,21.3,684.58,0,0
1979,2014-12-22 10:00,-4.9,3.52,22.17,685.68,0,0
1980,2014-12-22 11:00,-5.8,3.28,23.35,684.48,0,0
1981,2014-12-22 12:00,-6.4,4.56,23.72,684.48,0,0
1982,2014-12-22 13:00,-5.6,2.24,25.65,684.48,0,0
1983,2014-12-22 14:00,-6.2,3.68,24.25,684.48,0,0.73
1984,2014-12-22 15:00,-6.6,3.6,27.67,684.58,0,0.14
1985,2014-12-22 16:00,-7.5,1.2,28.6,684.68,0,0
1986,2014-12-22 17:00,-7.8,3.44,26.89,684.58,0,0
1987,2014-12-22 18:00,-7.8,4.72,23.61,684.88,0,0
1988,2014-12-22 19:00,-7.2,7.12,22.26,685.18,0,0
1989,2014-12-22 20:00,-6.8,6.72,20.41,684.98,0,0
1990,2014-12-22 21:00,-6.7,7.6,20.42,685.48,0,0
1991,2014-12-22 22:00,-6.9,4.8,18.15,685.18,0,0
1992,2014-12-22 23:00,-6.9,7.2,15.79,685.18,0,0
1993,2014-12-23 00:00,-6.9,3.92,12.5,684.98,0,0
1994,2014-12-23 01:00,-6.7,5.28,11.76,685.18,0,0
1995,2014-12-23 02:00,-7.2,1.36,12.18,685.18,0,0
1996,2014-12-23 03:00,-6.2,2,12.3,685.18,0,0
1997,2014-12-23 04:00,-5.5,3.6,12.59,685.48,0,0
1998,2014-12-23 05:00,-5.9,0.64,13.17,685.28,0,0
1999,2014-12-23 06:00,-6.3,0.5,12.46,685.48,0,0
2000,2014-12-23 07:00,-5.7,0.5,11.77,686.08,0,0
2001,2014-12-23 08:00,-5.5,0.64,10.08,685.68,0,1
2002,2014-12-23 09:00,-5,5.52,9.29,685.88,0,0
2003,2014-12-23 10:00,-4.4,3.2,12.21,685.68,0,0
2004,2014-12-23 11:00,-4.4,2.56,12.67,685.58,0,0
2005,2014-12-23 12:00,-4.6,0.88,12.14,685.08,0,0
2006,2014-12-23 13:00,-4.7,0.72,11.54,684.78,0,0
2007,2014-12-23 14:00,-5.2,0.88,11.04,684.58,0,0
2008,2014-12-23 15:00,-5.3,0.72,12.55,685.18,0,1
2009,2014-12-23 16:00,-6.3,1.52,13.41,684.58,0,0
2010,2014-12-23 17:00,-7,0.64,13.84,684.58,0,0
2011,2014-12-23 18:00,-6.6,1.68,14.54,684.78,0,0
2012,2014-12-23 19:00,-6.8,0.5,13.31,684.38,0,0
2013,2014-12-23 20:00,-6.7,0.72,11.52,684.28,0,0
2014,2014-12-23 21:00,-6.6,0.5,11.3,684.18,0,0
2015,2014-12-23 22:00,-6.6,0.64,12.02,684.18,0,0
2016,2014-12-23 23:00,-6,0.72,12.98,683.98,0,0
2017,2014-12-24 00:00,-6,0.5,13,683.58,0,0
2018,2014-12-24 01:00,-6.1,0.5,13.39,683.28,0,0
2019,2014-12-24 02:00,-6.2,0.5,13.68,682.98,0,0
2020,2014-12-24 03:00,-6.1,0.5,14.17,682.38,0,0
2021,2014-12-24 04:00,-6.3,0.5,14.12,682.18,0,0
2022,2014-12-24 05:00,-6.5,0.5,13.12,681.98,0,0
2023,2014-12-24 06:00,-6.6,1.2,12.92,681.78,0,0
2024,2014-12-24 07:00,-6.7,1.04,12.88,681.58,0,0
2025,2014-12-24 08:00,-6.8,0.5,12.31,681.48,0,0.87
2026,2014-12-24 09:00,-6.7,0.72,11.71,681.48,0,0.9
2027,2014-12-24 10:00,-5.9,0.56,11.99,681.48,0,0.9
2028,2014-12-24 11:00,-5.7,0.56,12.25,681.08,0,0.81
2029,2014-12-24 12:00,-5.6,1.2,12.49,680.88,0,0.81
2030,2014-12-24 13:00,-5.8,0.5,13.5,680.08,0,0.74
2031,2014-12-24 14:00,-6.5,1.2,13.06,679.68,0,0.75
2032,2014-12-24 15:00,-7.1,0.56,12.16,679.48,0,0.79
2033,2014-12-24 16:00,-7.3,0.64,14.04,679.28,0,0
2034,2014-12-24 17:00,-8,1.28,13.62,678.78,0,0
2035,2014-12-24 18:00,-7.2,0.64,15.34,679.18,0,0
2036,2014-12-24 19:00,-7.3,0.88,16.8,679.18,0,0
2037,2014-12-24 20:00,-5.9,3.36,16.09,679.18,0,0
2038,2014-12-24 21:00,-6.4,2.96,15.92,679.18,0,0
2039,2014-12-24 22:00,-6.6,1.68,18.12,679.18,0,0.21
2040,2014-12-24 23:00,-7.9,4.16,21.17,678.88,0,0
2041,2014-12-25 00:00,-8.4,3.84,24.23,678.88,0,0
2042,2014-12-25 01:00,-8.6,3.92,42.59,678.48,0,0
2043,2014-12-25 02:00,-8.9,3.92,56.7,678.18,0,0.21
2044,2014-12-25 03:00,-8.9,1.6,74.38,677.98,0,0.63
2045,2014-12-25 04:00,-9.2,3.52,91.37,677.48,0,0.89
2046,2014-12-25 05:00,-9.8,5.44,74.47,677.38,0,0.56
2047,2014-12-25 06:00,-9.4,2.8,67.06,677.78,0,0
2048,2014-12-25 07:00,-9.7,2.64,70.49,677.58,0,0
2049,2014-12-25 08:00,-10.2,4.72,73.72,677.48,0,0.12
2050,2014-12-25 09:00,-10.2,4.32,64,677.18,0,0
2051,2014-12-25 10:00,-10,2.4,59.4,677.18,0,0
2052,2014-12-25 11:00,-10.1,2.72,48.36,676.58,0,0.98
2053,2014-12-25 12:00,-10.5,2.08,46.22,675.98,0,0.02
2054,2014-12-25 13:00,-11.3,1.6,44.9,675.58,0,0
2055,2014-12-25 14:00,-12,2.96,40.5,675.08,0,0
2056,2014-12-25 15:00,-12.9,1.44,43.32,674.48,0,0
2057,2014-12-25 16:00,-13.6,2.64,40.25,674.28,0,0.74
2058,2014-12-25 17:00,-14.1,4.72,37.34,673.78,0,0.55
2059,2014-12-25 18:00,-15.2,2.08,34.21,673.58,0,0.57
2060,2014-12-25 19:00,-16.2,2.64,41.35,672.98,0,0
2061,2014-12-25 20:00,-17,1.92,50.76,672.28,0,0
2062,2014-12-25 21:00,-17.5,4.08,56.29,671.88,0,0
2063,2014-12-25 22:00,-17.7,2.56,61.18,671.48,0,0
2064,2014-12-25 23:00,-18,3.28,55.1,670.68,0,0
2065,2014-12-26 00:00,-18.1,4.08,63.99,670.28,0,0
2066,2014-12-26 01:00,-18.7,3.52,61.12,670.18,0,0
2067,2014-12-26 02:00,-19.5,2.64,66.82,670.08,0,0
2068,2014-12-26 03:00,-19.8,2.24,82.84,669.18,0,0
2069,2014-12-26 04:00,-19.9,1.68,90.5,669.18,0,0.75
2070,2014-12-26 05:00,-20.6,6.8,92.61,668.28,0,1
2071,2014-12-26 06:00,-21.5,1.76,97.14,668.68,0,1
2072,2014-12-26 07:00,-22.8,1.2,97.54,668.08,0,1
2073,2014-12-26 08:00,-21.5,3.92,96.14,668.68,0,0.96
2074,2014-12-26 09:00,-19.2,10.88,85.92,669.48,0,0.39
2075,2014-12-26 10:00,-18,5.92,84.08,669.68,0,0
2076,2014-12-26 11:00,-18.1,5.36,73.7,669.58,0,0
2077,2014-12-26 12:00,-18.3,7.68,46.84,669.28,0,0
2078,2014-12-26 13:00,-18.6,6.4,31.7,668.88,0,0
2079,2014-12-26 14:00,-17.5,3.36,31.15,669.18,0,0
2080,2014-12-26 15:00,-17.7,3.52,34.34,669.18,0,0.78
2081,2014-12-26 16:00,-17.9,7.36,32.4,669.08,0,0
2082,2014-12-26 17:00,-18,7.2,27.18,668.78,0,0
2083,2014-12-26 18:00,-17.4,8.4,25.61,669.08,0,0
2084,2014-12-26 19:00,-17.7,5.12,26.4,668.98,0,0
2085,2014-12-26 20:00,-17.8,4.24,21.56,668.98,0,0.11
2086,2014-12-26 21:00,-17.7,2.32,18.73,668.88,0,0
2087,2014-12-26 22:00,-16.8,4.64,20.22,668.98,0,0
2088,2014-12-26 23:00,-16.2,6.56,32.87,668.48,0,0
2089,2014-12-27 00:00,-16.1,3.2,41.26,667.88,0,0
2090,2014-12-27 01:00,-15.6,1.36,54.88,667.58,0,0
2091,2014-12-27 02:00,-15.3,0.56,92.12,667.08,0,0.42
2092,2014-12-27 03:00,-15.1,1.84,97.65,666.58,0,0.98
2093,2014-12-27 04:00,-14.7,2.88,98.43,665.38,0,1
2094,2014-12-27 05:00,-14.4,3.04,98.05,664.58,0,1
2095,2014-12-27 06:00,-14.3,3.04,98.43,663.48,0.1706,1
2096,2014-12-27 07:00,-14.2,3.12,98.43,662.48,0.1706,1
2097,2014-12-27 08:00,-14.4,0.8,98.42,661.48,0,1
2098,2014-12-27 09:00,-14.4,1.28,98.42,660.68,0,0.98
2099,2014-12-27 10:00,-14.6,1.68,95.41,659.98,0.3413,0.97
2100,2014-12-27 11:00,-14.8,1.36,93.98,658.68,0.8532,0.98
2101,2014-12-27 12:00,-15.8,2.08,93.63,657.38,0.8532,0.98
2102,2014-12-27 13:00,-16.7,1.6,96.87,656.68,0.1706,0.93
2103,2014-12-27 14:00,-18,0.64,88.1,655.68,0.1706,0.55
2104,2014-12-27 15:00,-19.7,1.92,94.59,654.58,0,0.72
2105,2014-12-27 16:00,-20.5,2.72,92.04,653.98,0,1
2106,2014-12-27 17:00,-20.9,2.8,93.46,653.08,0,0.92
2107,2014-12-27 18:00,-21.5,1.12,92.69,652.88,0.1706,0.99
2108,2014-12-27 19:00,-21.8,1.12,90.25,652.68,0,1
2109,2014-12-27 20:00,-22.2,0.5,93.77,652.58,0.3413,1
2110,2014-12-27 21:00,-22.5,0.72,90.54,652.08,0.3413,1
2111,2014-12-27 22:00,-23.1,2.16,91.93,651.98,0.1706,1
2112,2014-12-27 23:00,-23.4,2.56,94.46,651.98,0.1706,1
2113,2014-12-28 00:00,-23.4,2.56,94.07,651.48,0,1
2114,2014-12-28 01:00,-23.8,6.24,94.43,651.28,0,1
2115,2014-12-28 02:00,-23.8,5.44,94.42,651.38,0,1
2116,2014-12-28 03:00,-23.4,2.4,94.41,651.68,0,1
2117,2014-12-28 04:00,-24.1,4.64,94.41,651.28,0,1
2118,2014-12-28 05:00,-24.2,2.48,94.4,651.38,0,1
2119,2014-12-28 06:00,-23.6,3.76,94.77,651.78,0,1
2120,2014-12-28 07:00,-23.9,6.48,94.77,652.38,0,1
2121,2014-12-28 08:00,-23.7,10.24,94.77,652.68,0,0.54
2122,2014-12-28 09:00,-23.1,5.44,94.78,653.68,0,0.84
2123,2014-12-28 10:00,-22,8.4,94.4,654.48,0,0.83
2124,2014-12-28 11:00,-22,8.56,94.41,655.08,0,0.63
2125,2014-12-28 12:00,-22.1,8.56,94.42,655.18,0,0.46
2126,2014-12-28 13:00,-22.6,10.64,94.42,655.48,0.3413,0.33
2127,2014-12-28 14:00,-22.7,11.52,94.42,655.78,0,0
2128,2014-12-28 15:00,-22.9,9.04,94.42,656.58,0,0.32
2129,2014-12-28 16:00,-23,12.64,94.42,656.78,0,1
2130,2014-12-28 17:00,-23.2,11.68,94.42,658.08,0,1
2131,2014-12-28 18:00,-23.3,8.4,94.42,658.78,0,1
2132,2014-12-28 19:00,-23.2,10.4,94.42,658.98,0,1
2133,2014-12-28 20:00,-23.5,7.84,94.4,659.98,0,1
2134,2014-12-28 21:00,-24.1,8.64,94.77,661.28,0,0.83
2135,2014-12-28 22:00,-24.5,14.32,94.76,661.68,0,0.88
2136,2014-12-28 23:00,-24.4,3.04,92.87,662.18,0,0.86
2137,2014-12-29 00:00,-24.4,12,90.42,663.28,0,0.3
2138,2014-12-29 01:00,-24.4,13.44,91.28,662.98,0,0
2139,2014-12-29 02:00,-24.7,11.6,88.38,663.28,0,0
2140,2014-12-29 03:00,-24.4,10.08,85.37,664.38,0,0
2141,2014-12-29 04:00,-24.6,8,87.57,664.48,0,0
2142,2014-12-29 05:00,-24.3,16.48,83.41,664.88,0,0
2143,2014-12-29 06:00,-23.6,8.56,81.76,665.68,0,0
2144,2014-12-29 07:00,-23.8,7.84,78.18,665.78,0,0
2145,2014-12-29 08:00,-22.9,5.84,65.8,666.28,0,1
2146,2014-12-29 09:00,-22.4,5.84,60.68,666.38,0,0.01
2147,2014-12-29 10:00,-21.2,10.88,60.24,666.78,0,0
2148,2014-12-29 11:00,-21.2,8.96,68.51,666.38,0,0.12
2149,2014-12-29 12:00,-22.9,17.92,70.12,666.28,0,0.98
2150,2014-12-29 13:00,-23.5,6.8,78.83,665.38,0,0.97
2151,2014-12-29 14:00,-23.1,2.8,84.29,665.48,0,0.97
2152,2014-12-29 15:00,-22.8,18.48,86.77,664.28,0,1
2153,2014-12-29 16:00,-20.7,28.8,87.4,665.28,0,0.93
2154,2014-12-29 17:00,-16.5,25.28,88.05,665.18,0,1
2155,2014-12-29 18:00,-16.5,18.64,88.04,665.28,0,1
2156,2014-12-29 19:00,-18.3,10.8,89.33,666.28,0,0.97
2157,2014-12-29 20:00,-19.2,9.04,89.33,665.98,0,0.8
2158,2014-12-29 21:00,-20,8.72,89.33,666.48,0,0.91
2159,2014-12-29 22:00,-19.5,9.44,89.67,667.08,0,0.97
2160,2014-12-29 23:00,-19,12.24,89.69,667.08,0,0.95
2161,2014-12-30 00:00,-19.1,17.44,89.69,667.68,0,0.95
2162,2014-12-30 01:00,-18.6,16.32,89.69,667.38,0,0.96
2163,2014-12-30 02:00,-18.3,19.76,89.73,667.68,0,0.93
2164,2014-12-30 03:00,-17.6,20.8,89.76,668.18,0,0.92
2165,2014-12-30 04:00,-16.7,18.08,90.11,668.48,0,0.88
2166,2014-12-30 05:00,-15.7,26.08,89.76,668.58,0,0.89
2167,2014-12-30 06:00,-15.2,29.6,90.07,668.38,0,0.9
2168,2014-12-30 07:00,-16.5,24.4,90.07,670.08,0,0.85
2169,2014-12-30 08:00,-16.1,27.68,90.1,669.08,0,0.04
2170,2014-12-30 09:00,-14.8,31.12,89.98,668.88,0,0.06
2171,2014-12-30 10:00,-14.4,26.88,90.28,669.58,0,0
2172,2014-12-30 11:00,-13.9,23.52,88.58,668.48,0,0
2173,2014-12-30 12:00,-13.6,19.52,89.48,670.28,0,0.35
2174,2014-12-30 13:00,-13.4,22.08,90.25,670.08,0,0.86
2175,2014-12-30 14:00,-13.6,26.4,87.61,670.28,0,0.96
2176,2014-12-30 15:00,-13.6,24.72,92.07,670.28,0,1
2177,2014-12-30 16:00,-13.6,24.16,92.12,670.78,0,0
2178,2014-12-30 17:00,-13.3,24.16,92.13,671.28,0,0
2179,2014-12-30 18:00,-13.5,25.44,92.15,671.58,0,0
2180,2014-12-30 19:00,-13.5,23.76,92.18,670.98,0,0.52
2181,2014-12-30 20:00,-13.4,19.44,92.17,672.28,0,0.62
2182,2014-12-30 21:00,-12.7,21.04,92.17,672.48,0,0.7
2183,2014-12-30 22:00,-12.1,20.4,92.52,672.58,0,0.78
2184,2014-12-30 23:00,-12.5,16.48,92.53,672.38,0,0.87
2185,2014-12-31 00:00,-12.9,16.32,92.53,672.98,0,0.87
2186,2014-12-31 01:00,-12.5,15.28,92.53,672.88,0,0.84
2187,2014-12-31 02:00,-12.1,18.96,92.52,672.88,0,0.79
2188,2014-12-31 03:00,-11.8,17.92,92.45,673.08,0,0.6
2189,2014-12-31 04:00,-12.6,17.2,88.95,673.38,0,0
2190,2014-12-31 05:00,-12.1,19.84,80.27,672.98,0,0
2191,2014-12-31 06:00,-12.1,18.88,79.51,673.48,0,0
2192,2014-12-31 07:00,-11.9,17.04,83.21,673.48,0,0
2193,2014-12-31 08:00,-11.3,17.68,74.34,674.28,0,0
2194,2014-12-31 09:00,-10.9,18.48,72.48,674.78,0,0.26
2195,2014-12-31 10:00,-10.3,17.76,70.23,674.88,0,0
2196,2014-12-31 11:00,-10.4,17.76,72.74,674.98,0,0
2197,2014-12-31 12:00,-10.7,16.64,72.92,675.58,0,0
2198,2014-12-31 13:00,-10.3,19.6,66.88,675.48,0,0
2199,2014-12-31 14:00,-9.9,20.24,68.57,675.78,0,0.07
2200,2014-12-31 15:00,-9.5,17.92,75.7,676.08,0,0.85
2201,2014-12-31 16:00,-9.3,15.12,79.3,677.28,0,0
2202,2014-12-31 17:00,-9.4,13.04,77.97,676.78,0,0
2203,2014-12-31 18:00,-9.2,11.92,77.7,678.08,0,0
2204,2014-12-31 19:00,-8.8,15.6,74.29,678.78,0,0
2205,2014-12-31 20:00,-8.7,10.24,69.21,679.18,0,0
2206,2014-12-31 21:00,-8.7,12.64,69.38,679.08,0,0
2207,2014-12-31 22:00,-8.5,10.96,70.28,679.48,0,0
2208,2014-12-31 23:00,-8.4,8.64,72.17,680.18,0,0
2209,2015-01-01 00:00,-8.5,9.52,76.32,679.98,0,0
2210,2015-01-01 01:00,-7.6,10.16,81.74,680.18,0,0
2211,2015-01-01 02:00,-7.8,9.2,82,680.48,0,0
2212,2015-01-01 03:00,-7.9,11.04,82.06,680.98,0,0
2213,2015-01-01 04:00,-7.7,10.4,75.04,681.18,0,0
2214,2015-01-01 05:00,-7.8,10,75.06,681.38,0,0
2215,2015-01-01 06:00,-7.8,12.4,67.07,681.78,0,0
2216,2015-01-01 07:00,-7.6,11.52,61.09,682.48,0,0
2217,2015-01-01 08:00,-7.6,9.36,52.68,682.68,0,0
2218,2015-01-01 09:00,-7.5,8.8,42.48,683.58,0,0
2219,2015-01-01 10:00,-7.4,8.48,45.79,684.18,0,0
2220,2015-01-01 11:00,-7.2,5.2,46.72,684.48,0,0
2221,2015-01-01 12:00,-7.4,5.68,45.41,684.38,0,0.02
2222,2015-01-01 13:00,-7.9,5.6,38.45,684.48,0,0
2223,2015-01-01 14:00,-7.9,5.92,37.96,684.88,0,0.66
2224,2015-01-01 15:00,-7.8,7.52,44.4,685.08,0,0.53
2225,2015-01-01 16:00,-7.6,8.48,51.52,685.48,0,0
2226,2015-01-01 17:00,-7.3,7.84,51.94,685.68,0,0
2227,2015-01-01 18:00,-7.1,6.88,48.75,685.88,0,0
2228,2015-01-01 19:00,-7.1,7.44,51.32,686.28,0,0
2229,2015-01-01 20:00,-7.2,9.2,55.36,686.28,0,0
2230,2015-01-01 21:00,-7,10.4,53.81,686.28,0,0
2231,2015-01-01 22:00,-5.2,12.4,50.77,686.68,0,0
2232,2015-01-01 23:00,-5.2,9.76,51.03,686.68,0,0
2233,2015-01-02 00:00,-3.5,10.8,40.12,686.98,0,0
2234,2015-01-02 01:00,-2.6,6.72,40.03,687.08,0,0
2235,2015-01-02 02:00,-2.6,3.04,43.09,687.18,0,0
2236,2015-01-02 03:00,-2.6,1.6,43.82,687.38,0,0
2237,2015-01-02 04:00,-2.4,3.12,46.42,687.28,0,0
2238,2015-01-02 05:00,-2.4,3.92,49.17,687.38,0,0
2239,2015-01-02 06:00,-2.5,4,40.55,687.68,0,0
2240,2015-01-02 07:00,-3.3,0.5,28.48,687.68,0,0
2241,2015-01-02 08:00,-3.1,1.28,25.26,687.88,0,0.98
2242,2015-01-02 09:00,-2.7,2.16,19.46,687.98,0,0.98
2243,2015-01-02 10:00,-2.7,0.5,17.33,687.98,0,0.96
2244,2015-01-02 11:00,-3.6,1.6,18.94,687.48,0,0.76
2245,2015-01-02 12:00,-4,3.12,29.01,686.78,0,0.87
2246,2015-01-02 13:00,-4.7,2.08,46.35,685.88,0,0.63
2247,2015-01-02 14:00,-5,4.24,75.94,686.18,0,0.94
2248,2015-01-02 15:00,-4.8,6.72,95.65,685.98,0,1
2249,2015-01-02 16:00,-4.4,9.36,61.71,685.68,0,1
2250,2015-01-02 17:00,-4.7,10.56,94.95,685.58,0,1
2251,2015-01-02 18:00,-4.6,9.36,94.95,685.68,0.056,1
2252,2015-01-02 19:00,-4.9,10.56,94.95,685.48,0,1
2253,2015-01-02 20:00,-5.4,12.96,96.34,685.18,0.056,1
2254,2015-01-02 21:00,-5.8,13.28,90.95,685.08,0,1
2255,2015-01-02 22:00,-7.8,15.67,82.59,684.38,0,1
2256,2015-01-02 23:00,-8.5,16.56,61.02,685.08,0,0.91
2257,2015-01-03 00:00,-8.3,16.8,28.11,684.08,0,0
2258,2015-01-03 01:00,-7.6,16.8,21.74,684.58,0,0
2259,2015-01-03 02:00,-7.3,19.2,21.82,684.48,0,0
2260,2015-01-03 03:00,-6.9,12.16,22.67,684.18,0,0
2261,2015-01-03 04:00,-7,19.2,21.91,683.88,0,0
2262,2015-01-03 05:00,-7,12.16,21.36,683.68,0,0
2263,2015-01-03 06:00,-7,12.96,19.51,683.78,0,0
2264,2015-01-03 07:00,-7.3,12.96,18.12,683.48,0,0
2265,2015-01-03 08:00,-7.5,2.24,20.76,683.28,0,0.84
2266,2015-01-03 09:00,-6.5,3.44,32.07,683.18,0,0.75
2267,2015-01-03 10:00,-6.5,4.16,41.37,682.88,0,0.73
2268,2015-01-03 11:00,-6.5,4.48,49.84,682.58,0,0.52
2269,2015-01-03 12:00,-6.5,3.84,75.38,681.48,0,0.8
2270,2015-01-03 13:00,-5.9,3.68,84.1,680.58,0,0.82
2271,2015-01-03 14:00,-5.6,2.64,87.16,680.78,0,0.86
2272,2015-01-03 15:00,-6.2,2,87.95,679.58,0,0.98
2273,2015-01-03 16:00,-6.9,1.76,92.89,679.78,0,1
2274,2015-01-03 17:00,-6.9,2.08,94.9,678.98,0.1121,1
2275,2015-01-03 18:00,-6.7,2.56,94.91,678.08,0.5045,1
2276,2015-01-03 19:00,-6.4,1.12,94.92,678.68,0.6726,1
2277,2015-01-03 20:00,-7,0.5,94.92,677.68,0.7567,1
2278,2015-01-03 21:00,-8,3.44,94.19,677.38,0.7567,1
2279,2015-01-03 22:00,-9.2,1.2,90.54,676.78,0.3363,1
2280,2015-01-03 23:00,-10.1,0.96,87.45,676.28,0,1
2281,2015-01-04 00:00,-10.5,1.44,87.7,675.68,0,1
2282,2015-01-04 01:00,-10.6,1.04,88.24,675.88,0.056,1
2283,2015-01-04 02:00,-11.1,0.5,89.45,675.88,0.0841,1
2284,2015-01-04 03:00,-11.3,0.5,91.7,675.68,0,1
2285,2015-01-04 04:00,-11.3,0.56,92.03,675.08,0.0841,1
2286,2015-01-04 05:00,-11.1,0.8,91.71,674.98,0.1682,1
2287,2015-01-04 06:00,-11.3,0.64,91.71,675.48,0.3363,1
2288,2015-01-04 07:00,-11.4,16.8,91.04,675.38,0.1682,1
2289,2015-01-04 08:00,-11.5,19.52,90.69,675.48,0,1
2290,2015-01-04 09:00,-11.6,20.4,93.03,675.98,0.1682,0.98
2291,2015-01-04 10:00,-11.9,19.2,90.65,676.28,0.1682,0.98
2292,2015-01-04 11:00,-12.3,16.56,91.27,676.28,0,0.98
2293,2015-01-04 12:00,-13.3,19.92,91.25,675.48,0.1682,0.89
2294,2015-01-04 13:00,-14.6,1.84,90.55,674.28,0,0.84
2295,2015-01-04 14:00,-15.5,0.88,90.16,673.98,0,0.47
2296,2015-01-04 15:00,-16.4,1.12,89.38,673.88,0,0.65
2297,2015-01-04 16:00,-17.3,2,88.12,673.18,0,0.71
2298,2015-01-04 17:00,-17.4,0.5,85.27,674.68,0,0.19
2299,2015-01-04 18:00,-17.4,1.2,81.36,674.58,0,0.64
2300,2015-01-04 19:00,-17,1.2,74.07,674.88,0,0.6
2301,2015-01-04 20:00,-16.4,4.24,69.98,675.48,0,0.49
2302,2015-01-04 21:00,-15.5,4.08,61.89,675.88,0,0
2303,2015-01-04 22:00,-15.7,0.5,57.4,676.98,0,0
2304,2015-01-04 23:00,-14.9,4.56,57.91,677.68,0,0
2305,2015-01-05 00:00,-14.4,7.44,52.02,677.08,0,0
2306,2015-01-05 01:00,-13.9,6.64,43.54,677.58,0,0
2307,2015-01-05 02:00,-13.8,6.56,49.34,677.98,0,0
2308,2015-01-05 03:00,-12.9,8.72,44.5,677.78,0,0
2309,2015-01-05 04:00,-12.1,11.84,47.89,677.58,0,0
2310,2015-01-05 05:00,-12,11.2,48.49,678.18,0,0
2311,2015-01-05 06:00,-11.1,13.2,47.81,679.28,0,0
2312,2015-01-05 07:00,-10.7,10.96,46.98,679.58,0,0
2313,2015-01-05 08:00,-9.7,12.72,38.88,679.78,0,1
2314,2015-01-05 09:00,-9.3,11.2,30.65,680.08,0,0
2315,2015-01-05 10:00,-9.4,10,25.04,680.28,0.0841,0
2316,2015-01-05 11:00,-10.2,13.92,22.82,679.98,0.1682,0
2317,2015-01-05 12:00,-9.6,13.92,22.52,679.78,0,0
2318,2015-01-05 13:00,-8.9,13.2,22.12,679.38,0,0
2319,2015-01-05 14:00,-8.7,13.12,21.64,679.78,0,0
2320,2015-01-05 15:00,-8.3,12.32,22.1,679.58,0,1
2321,2015-01-05 16:00,-8.1,11.84,24.32,679.78,0,0
2322,2015-01-05 17:00,-7.5,9.6,24.72,679.98,0,0
2323,2015-01-05 18:00,-5.6,16.48,25.22,680.08,0,0
2324,2015-01-05 19:00,-5.4,15.36,22.06,680.18,0,0
2325,2015-01-05 20:00,-6.3,13.92,18.67,680.08,0,0
2326,2015-01-05 21:00,-5.4,8.72,19.92,680.18,0,0
2327,2015-01-05 22:00,-6.8,8.32,22.81,679.98,0,0
2328,2015-01-05 23:00,-5.8,10.48,23.33,679.98,0,0
2329,2015-01-06 00:00,-5.9,9.68,19.29,679.98,0,0
2330,2015-01-06 01:00,-5.9,10.4,19.68,679.88,0,0
2331,2015-01-06 02:00,-6.3,11.28,25.94,679.78,0,0
2332,2015-01-06 03:00,-6.6,10.16,29.64,679.48,0,0
2333,2015-01-06 04:00,-6.5,10.4,29.84,679.18,0,0
2334,2015-01-06 05:00,-6.6,7.52,33.74,679.18,0,0
2335,2015-01-06 06:00,-7,6.64,31.97,679.28,0,0
2336,2015-01-06 07:00,-7.1,6.64,26.87,679.38,0,0
2337,2015-01-06 08:00,-6.1,2.64,17.86,679.78,0,1
2338,2015-01-06 09:00,-6.2,1.84,14.16,679.88,0,0.11
2339,2015-01-06 10:00,-5.4,1.76,18.66,679.98,0,0
2340,2015-01-06 11:00,-4.7,1.12,24.38,679.78,0,0
2341,2015-01-06 12:00,-4.1,0.64,23.2,679.38,0,0
2342,2015-01-06 13:00,-3.7,0.56,22.58,679.18,0,0
2343,2015-01-06 14:00,-4.8,1.36,19.37,679.18,0,0
2344,2015-01-06 15:00,-6.3,0.5,18.96,679.08,0,0.95
2345,2015-01-06 16:00,-7.1,0.5,22.42,679.08,0,0
2346,2015-01-06 17:00,-8.1,0.72,26.77,679.18,0,0
2347,2015-01-06 18:00,-8.4,0.56,44.38,679.18,0,0
2348,2015-01-06 19:00,-8.4,1.2,50,679.18,0,0
2349,2015-01-06 20:00,-8.8,1.36,49.76,679.18,0,0
2350,2015-01-06 21:00,-9.2,0.88,52.23,679.18,0,0
2351,2015-01-06 22:00,-9.5,1.92,54.22,679.18,0,0
2352,2015-01-06 23:00,-9.4,2.32,44.68,679.28,0,0
2353,2015-01-07 00:00,-9.3,1.68,43.32,679.08,0,0
2354,2015-01-07 01:00,-9.6,0.5,47.54,679.08,0,0
2355,2015-01-07 02:00,-10.2,1.68,43.62,679.28,0,0
2356,2015-01-07 03:00,-10,0.72,46.6,678.98,0,0
2357,2015-01-07 04:00,-10.6,0.72,44.77,678.58,0,0
2358,2015-01-07 05:00,-10.8,2.08,42.57,678.38,0,0
2359,2015-01-07 06:00,-11,2.64,47.44,678.48,0,0
2360,2015-01-07 07:00,-10.9,2.16,57.35,678.68,0,0.17
2361,2015-01-07 08:00,-9.9,1.44,46.32,678.98,0,0.63
2362,2015-01-07 09:00,-9.3,2.48,39.51,679.28,0,0
2363,2015-01-07 10:00,-8.5,2.8,41.16,679.58,0,0
2364,2015-01-07 11:00,-7.9,0.88,34.01,679.48,0,0
2365,2015-01-07 12:00,-9.1,5.36,28.85,679.38,0,0
2366,2015-01-07 13:00,-8.7,4.48,21.97,679.38,0,0
2367,2015-01-07 14:00,-8.1,4,26.24,679.48,0,0
2368,2015-01-07 15:00,-8.2,6.88,31.16,679.68,0,0.94
2369,2015-01-07 16:00,-8.1,4.48,32.2,679.88,0,0
2370,2015-01-07 17:00,-8.1,5.84,29.14,680.08,0,0
2371,2015-01-07 18:00,-7.9,2.16,23.9,680.48,0,0
2372,2015-01-07 19:00,-8.2,0.5,19.38,680.68,0,0
2373,2015-01-07 20:00,-7.5,1.28,19.03,681.08,0,0
2374,2015-01-07 21:00,-6.1,5.76,19.94,681.28,0,0
2375,2015-01-07 22:00,-6,5.6,17.34,681.58,0,0
2376,2015-01-07 23:00,-6.3,3.04,16.77,681.88,0,0
2377,2015-01-08 00:00,-6.9,1.76,17.39,682.08,0,0
2378,2015-01-08 01:00,-7.4,1.28,17.53,682.08,0,0
2379,2015-01-08 02:00,-7.6,0.5,18.39,682.18,0,0
2380,2015-01-08 03:00,-8,0.72,19.63,682.38,0,0
2381,2015-01-08 04:00,-8,0.5,23.83,682.38,0,0
2382,2015-01-08 05:00,-7.9,0.8,32.76,682.18,0,0.2
2383,2015-01-08 06:00,-8.2,0.5,36.46,682.38,0,0.44
2384,2015-01-08 07:00,-6,4.56,38.23,682.78,0,0
2385,2015-01-08 08:00,-4.6,5.36,34.03,683.28,0,1
2386,2015-01-08 09:00,-5,4.8,34.86,683.88,0,0.04
2387,2015-01-08 10:00,-3.5,0.88,44,684.28,0,0
2388,2015-01-08 11:00,-1.8,0.5,55.11,684.28,0,0
2389,2015-01-08 12:00,0.2,1.44,55.33,683.88,0,0
2390,2015-01-08 13:00,-1.4,1.2,65.34,683.78,0,0
2391,2015-01-08 14:00,-3.5,0.5,71.14,683.88,0,0
2392,2015-01-08 15:00,-5,0.5,73.67,683.88,0,0.18
2393,2015-01-08 16:00,-5.6,0.5,69.31,683.98,0,0
2394,2015-01-08 17:00,-6.9,0.56,65.13,683.68,0,0.31
2395,2015-01-08 18:00,-7.7,0.5,68.11,682.88,0,0
2396,2015-01-08 19:00,-7,1.52,84.27,683.08,0,0.12
2397,2015-01-08 20:00,-8,0.5,88.94,682.68,0,0.82
2398,2015-01-08 21:00,-10,0.5,93.72,682.38,0,1
2399,2015-01-08 22:00,-10.9,0.5,64.39,682.18,0,0.97
2400,2015-01-08 23:00,-9.6,0.5,39.44,683.18,0,0
2401,2015-01-09 00:00,-10.6,0.72,36.51,681.78,0,0
2402,2015-01-09 01:00,-9.8,3.52,30.27,682.28,0,0
2403,2015-01-09 02:00,-10.3,7.2,36.94,682.58,0,0
2404,2015-01-09 03:00,-10.7,2.8,47.38,682.18,0,0
2405,2015-01-09 04:00,-10.2,1.92,59.79,682.38,0,0
2406,2015-01-09 05:00,-10.5,1.52,57.75,682.68,0,0.44
2407,2015-01-09 06:00,-10.7,0.96,44.52,683.38,0,0.82
2408,2015-01-09 07:00,-11.5,1.44,42.12,682.38,0,0.78
2409,2015-01-09 08:00,-10.3,1.12,52.3,683.78,0,0.63
2410,2015-01-09 09:00,-9.3,4.64,66.57,684.58,0,0.5
2411,2015-01-09 10:00,-10,1.92,75.64,683.28,0,0.72
2412,2015-01-09 11:00,-8.8,2.96,89.51,683.88,0,0.45
2413,2015-01-09 12:00,-6.5,3.04,94.51,684.08,0,0.86
2414,2015-01-09 13:00,-6.2,2.32,93.61,683.68,0,0.96
2415,2015-01-09 14:00,-6.2,0.5,90.39,684.08,0,0.96
2416,2015-01-09 15:00,-6.4,1.92,90.08,683.88,0,0.93
2417,2015-01-09 16:00,-6.6,1.04,92.58,684.48,0,1
2418,2015-01-09 17:00,-6.4,0.64,92.58,684.58,0,1
2419,2015-01-09 18:00,-5.5,3.36,94.61,685.08,0,1
2420,2015-01-09 19:00,-5,4.16,97.43,685.18,0.1121,1
2421,2015-01-09 20:00,-4.6,2.08,94.98,684.58,0.056,1
2422,2015-01-09 21:00,-4.4,9.36,95.33,684.18,0.056,1
2423,2015-01-09 22:00,-4.4,10.56,98.88,684.68,0.2242,1
2424,2015-01-09 23:00,-4.1,12.16,96.03,684.18,0.5045,1
2425,2015-01-10 00:00,-4.5,12.16,96.01,683.68,0.1682,1
2426,2015-01-10 01:00,-4.7,16.56,84.01,681.68,0,1
2427,2015-01-10 02:00,-3.8,19.2,85.08,682.38,0,0.98
2428,2015-01-10 03:00,-4.2,19.2,86.13,681.18,0.2242,1
2429,2015-01-10 04:00,-4.6,22.88,67.21,681.88,0.056,1
2430,2015-01-10 05:00,-5.5,19.92,59.23,681.98,0,1
2431,2015-01-10 06:00,-6,13.28,60.14,681.88,0,1
2432,2015-01-10 07:00,-6.2,13.68,68.61,682.18,0,1
2433,2015-01-10 08:00,-6.3,15.67,77.88,683.38,0,1
2434,2015-01-10 09:00,-6.1,12.16,78.08,683.68,0,0.97
2435,2015-01-10 10:00,-5.8,9.76,88.6,683.88,0,0.97
2436,2015-01-10 11:00,-5.7,8.24,78.18,683.38,0,0.93
2437,2015-01-10 12:00,-6.1,8.24,67.28,682.58,0,0.97
2438,2015-01-10 13:00,-5.7,9.36,55.71,682.48,0,0.61
2439,2015-01-10 14:00,-6,7.52,55.6,681.98,0,0.69
2440,2015-01-10 15:00,-6.4,9.36,53.62,681.58,0,0.35
2441,2015-01-10 16:00,-6.6,10.56,57.9,681.68,0,0
2442,2015-01-10 17:00,-6.6,6.72,62.01,681.08,0,0
2443,2015-01-10 18:00,-7.2,6.72,70.37,680.98,0,0
2444,2015-01-10 19:00,-7.4,4.16,76.93,680.18,0,0
2445,2015-01-10 20:00,-7.4,4.56,76.21,679.78,0,0.78
2446,2015-01-10 21:00,-7.5,7.84,78.51,679.78,0,0.91
2447,2015-01-10 22:00,-7.6,7.52,81.65,679.08,0,0.89
2448,2015-01-10 23:00,-7.7,9.76,80.66,678.58,0,0.87
2449,2015-01-11 00:00,-7.7,10.56,82.65,677.68,0,0.93
2450,2015-01-11 01:00,-7.7,7.04,85.05,676.58,0,0.98
2451,2015-01-11 02:00,-7.7,7.52,86.17,676.28,0,1
2452,2015-01-11 03:00,-7.9,7.04,90,675.68,0.056,0.99
2453,2015-01-11 04:00,-8,10.56,92.55,674.98,0,1
2454,2015-01-11 05:00,-8,9.36,95.6,674.38,0,1
2455,2015-01-11 06:00,-8.2,6.72,94.89,673.48,0.0841,1
2456,2015-01-11 07:00,-8.4,4.16,93.87,673.08,0,1
2457,2015-01-11 08:00,-8.8,2.8,98.86,672.28,0.3363,1
2458,2015-01-11 09:00,-9.2,5.44,96.99,672.18,1.009,0.98
2459,2015-01-11 10:00,-10.7,15.2,94.45,671.68,1.5134,0.98
2460,2015-01-11 11:00,-14.2,23.44,82.82,668.28,1.3453,0.85
2461,2015-01-11 12:00,-16.8,16.56,55.89,667.48,0,0.51
2462,2015-01-11 13:00,-16.9,19.2,59.88,667.88,0,0.59
2463,2015-01-11 14:00,-17.1,0.5,66.29,667.78,0,0.51
2464,2015-01-11 15:00,-18,22.88,80.23,668.18,0,0.76
2465,2015-01-11 16:00,-18.8,23.44,85.18,669.08,0,0
2466,2015-01-11 17:00,-19.1,22.88,89.59,668.78,0,0
2467,2015-01-11 18:00,-19.4,20.16,87.6,669.98,0,0.33
2468,2015-01-11 19:00,-19.5,16.56,88.6,670.28,0,0.72
2469,2015-01-11 20:00,-20,15.2,89.25,670.98,0,0.8
2470,2015-01-11 21:00,-19.8,19.2,89.23,670.88,0,0.92
2471,2015-01-11 22:00,-18.8,16.56,92,672.18,0,0.96
2472,2015-01-11 23:00,-18,19.2,94.2,673.08,0,0.98
2473,2015-01-12 00:00,-17.5,0.5,86.48,673.68,0,0.99
2474,2015-01-12 01:00,-17.1,0.56,61.41,673.38,0,0.89
2475,2015-01-12 02:00,-16.4,0.96,43.06,673.98,0,0.88
2476,2015-01-12 03:00,-16.3,2.16,32.75,673.38,0,0.8
2477,2015-01-12 04:00,-15.7,2.4,26.39,673.48,0,0.86
2478,2015-01-12 05:00,-15.4,0.8,27.25,673.88,0,0.84
2479,2015-01-12 06:00,-13.6,0.72,26.39,676.88,0,0.64
2480,2015-01-12 07:00,-14.3,1.28,25.53,677.48,0,0.73
2481,2015-01-12 08:00,-13.8,1.28,20.69,677.48,0,0.1
2482,2015-01-12 09:00,-12.9,1.68,15.54,678.38,0,0.92
2483,2015-01-12 10:00,-12.2,0.56,15.13,679.28,0,0
2484,2015-01-12 11:00,-12.4,0.5,14.97,679.58,0,0
2485,2015-01-12 12:00,-12.2,1.2,13.86,679.48,0,0
2486,2015-01-12 13:00,-11.7,0.8,14.85,679.88,0,0
2487,2015-01-12 14:00,-11.8,0.8,14.82,680.28,0,0
2488,2015-01-12 15:00,-11.6,0.56,14.33,680.68,0,0.76
2489,2015-01-12 16:00,-11.7,1.04,14.66,681.08,0,0
2490,2015-01-12 17:00,-11.8,1.68,14.83,681.08,0,0
2491,2015-01-12 18:00,-11.4,2.16,15.94,681.28,0,0
2492,2015-01-12 19:00,-11.2,0.5,14.63,681.88,0,0
2493,2015-01-12 20:00,-10.8,0.8,15.36,681.88,0,0
2494,2015-01-12 21:00,-10.4,0.64,14.31,681.88,0,0
2495,2015-01-12 22:00,-9.1,0.72,14.64,681.88,0,0
2496,2015-01-12 23:00,-8.8,0.72,14.49,681.58,0,0
2497,2015-01-13 00:00,-8.3,1.04,16.52,681.08,0,0
2498,2015-01-13 01:00,-8.6,0.88,18.59,680.68,0,0
2499,2015-01-13 02:00,-8.9,0.5,18.33,680.08,0,0
2500,2015-01-13 03:00,-9.2,0.56,19.6,679.68,0,0
2501,2015-01-13 04:00,-9.7,0.64,27.08,678.98,0,0
2502,2015-01-13 05:00,-10.2,0.88,20.88,677.98,0,0
2503,2015-01-13 06:00,-10.3,0.5,19.33,677.88,0,0
2504,2015-01-13 07:00,-10.6,3.52,20.28,677.98,0,0
2505,2015-01-13 08:00,-9.8,4.8,22.61,678.38,0,1
2506,2015-01-13 09:00,-9.6,4.56,23.25,678.18,0,0.61
2507,2015-01-13 10:00,-9.7,5.04,26.4,677.28,0,0.79
2508,2015-01-13 11:00,-10.1,3.84,29.57,677.28,0,0.76
2509,2015-01-13 12:00,-10.6,6.4,30.01,676.08,0,0.07
2510,2015-01-13 13:00,-10.7,2.08,36.89,675.48,0,0
2511,2015-01-13 14:00,-10.9,3.44,53.7,674.88,0,0.43
2512,2015-01-13 15:00,-11.1,1.36,77.73,674.38,0,0.75
2513,2015-01-13 16:00,-11.5,2.16,91.2,673.98,0,0.94
2514,2015-01-13 17:00,-12.1,2.4,94.45,674.78,0,0.45
2515,2015-01-13 18:00,-12.2,2.56,95.51,674.08,0,0
2516,2015-01-13 19:00,-12.4,2.56,94.95,674.18,0,0
2517,2015-01-13 20:00,-12.2,1.92,92.11,673.98,0,0.41
2518,2015-01-13 21:00,-12.1,3.04,89.01,673.78,0,0
2519,2015-01-13 22:00,-11.8,3.36,85.78,673.78,0,0
2520,2015-01-13 23:00,-11.5,0.72,87.85,673.58,0,0
2521,2015-01-14 00:00,-11.7,1.28,90.04,673.58,0,0
2522,2015-01-14 01:00,-11.9,0.5,95.11,672.98,0,0
2523,2015-01-14 02:00,-12,0.5,92.69,672.68,0,0
2524,2015-01-14 03:00,-11.9,0.5,89.23,672.48,0,0.49
2525,2015-01-14 04:00,-11.9,0.5,94.64,671.98,0,0.52
2526,2015-01-14 05:00,-12.3,0.5,96.95,671.38,0,0.72
2527,2015-01-14 06:00,-12.6,0.5,97.7,671.48,0,0.69
2528,2015-01-14 07:00,-13.2,0.5,97.32,671.48,0,0.81
2529,2015-01-14 08:00,-13.3,9.36,100,671.18,0,0.87
2530,2015-01-14 09:00,-12.9,0.64,99.61,671.38,0,0.98
2531,2015-01-14 10:00,-12.7,1.28,99.61,670.88,0,0.87
2532,2015-01-14 11:00,-13.1,4.16,98.83,670.38,0,0.98
2533,2015-01-14 12:00,-12.6,4.16,98.83,669.98,0,0.46
2534,2015-01-14 13:00,-12.8,1.6,97.96,669.48,0,0.19
2535,2015-01-14 14:00,-14,1.28,96.84,669.38,0,0.71
2536,2015-01-14 15:00,-14.8,0.88,95.06,669.28,0,0.95
2537,2015-01-14 16:00,-15.3,0.96,95.06,670.08,0,0.9
2538,2015-01-14 17:00,-15.7,0.56,92.57,670.48,0,0.93
2539,2015-01-14 18:00,-16,1.76,87.09,671.18,0,0.95
2540,2015-01-14 19:00,-16.2,2.88,61.79,670.88,0,0.56
2541,2015-01-14 20:00,-14.9,0.8,38.19,672.68,0,0
2542,2015-01-14 21:00,-13.8,0.5,31.56,673.58,0,0
2543,2015-01-14 22:00,-12.8,0.5,30.1,673.88,0,0
2544,2015-01-14 23:00,-11.9,0.72,30.35,673.88,0,0
2545,2015-01-15 00:00,-11.7,0.56,28.58,673.98,0,0
2546,2015-01-15 01:00,-11.2,0.5,26.11,673.88,0,0
2547,2015-01-15 02:00,-10.9,0.5,23.7,673.68,0,0
2548,2015-01-15 03:00,-9.5,0.8,24.76,673.78,0,0
2549,2015-01-15 04:00,-10,0.64,35.47,673.58,0,0
2550,2015-01-15 05:00,-9.8,0.88,46.2,673.48,0,0.32
2551,2015-01-15 06:00,-8.5,0.5,59.33,673.58,0,0
2552,2015-01-15 07:00,-8.5,0.5,64.54,673.58,0,0.58
2553,2015-01-15 08:00,-8.3,0.5,68.44,673.58,0,0.62
2554,2015-01-15 09:00,-7.6,0.96,66.09,673.28,0,0.65
2555,2015-01-15 10:00,-8.3,2,61.45,673.48,0,0.96
2556,2015-01-15 11:00,-8.1,0.8,61.83,672.88,0,0.98
2557,2015-01-15 12:00,-8.1,1.6,62.73,673.08,0,0.16
2558,2015-01-15 13:00,-8.3,2.4,62.67,672.28,0,0
2559,2015-01-15 14:00,-8.6,0.96,55.3,671.88,0,0
2560,2015-01-15 15:00,-9.1,2.16,49.34,671.68,0,0.76
2561,2015-01-15 16:00,-9,3.2,46.62,671.68,0,0
2562,2015-01-15 17:00,-8.9,2.4,35.53,671.68,0,0
2563,2015-01-15 18:00,-9,5.36,35.12,671.98,0,0
2564,2015-01-15 19:00,-9.4,5.52,36,670.58,0,0
2565,2015-01-15 20:00,-10.3,3.68,37.61,671.08,0,0
2566,2015-01-15 21:00,-10.8,3.92,44.08,670.78,0,0
2567,2015-01-15 22:00,-10.1,4.72,71.87,670.48,0,0
2568,2015-01-15 23:00,-10,6,94.13,670.28,0,0
2569,2015-01-16 00:00,-10.7,4.4,98.84,670.18,0,0.33
2570,2015-01-16 01:00,-10.6,5.2,98.84,669.68,0,0.54
2571,2015-01-16 02:00,-10.7,9.76,98.08,669.58,0.1682,0.51
2572,2015-01-16 03:00,-10.6,9.76,97.71,669.18,0.1682,0.83
2573,2015-01-16 04:00,-10.7,9.36,97.33,668.78,0,1
2574,2015-01-16 05:00,-10.7,9.36,96.96,668.48,0,1
2575,2015-01-16 06:00,-11,9.36,96.96,668.48,0,1
2576,2015-01-16 07:00,-11,7.52,96.59,668.48,0.1682,1
2577,2015-01-16 08:00,-10.9,7.52,96.22,668.18,0,1
2578,2015-01-16 09:00,-10.9,9.36,96.22,668.68,0,0.98
2579,2015-01-16 10:00,-10.8,7.52,96.22,668.48,0,0.98
2580,2015-01-16 11:00,-10.3,7.04,96.5,668.88,0,0.98
2581,2015-01-16 12:00,-10.6,6.72,96.6,667.98,0,0.97
2582,2015-01-16 13:00,-10.8,3.04,95.87,667.68,0,0.97
2583,2015-01-16 14:00,-10.6,9.76,95.87,667.58,0,0.96
2584,2015-01-16 15:00,-10.5,9.36,95.87,667.38,0,0.95
2585,2015-01-16 16:00,-10.5,7.52,95.87,667.08,0.1682,1
2586,2015-01-16 17:00,-10.4,7.84,95.87,666.68,0,1
2587,2015-01-16 18:00,-10.7,10.56,95.87,666.58,0,1
2588,2015-01-16 19:00,-10.6,8.24,95.87,666.28,0.1682,1
2589,2015-01-16 20:00,-10.6,5.44,95.87,666.48,0.1682,1
2590,2015-01-16 21:00,-10.8,5.44,95.87,665.98,0.3363,1
2591,2015-01-16 22:00,-11.3,7.52,95.87,665.48,0,1
2592,2015-01-16 23:00,-11.2,7.52,95.87,665.88,0.1682,1
2593,2015-01-17 00:00,-11,7.52,96.22,666.08,0.3363,1
2594,2015-01-17 01:00,-11.3,6.72,96.22,665.88,0.3363,1
2595,2015-01-17 02:00,-11.3,6.72,95.5,665.18,0,1
2596,2015-01-17 03:00,-11.3,7.04,95.5,665.18,0.1682,1
2597,2015-01-17 04:00,-11.5,7.84,95.5,664.98,0.3363,1
2598,2015-01-17 05:00,-12.1,4.88,95.14,664.88,0.1682,1
2599,2015-01-17 06:00,-13.5,3.36,95.13,664.78,0.1682,1
2600,2015-01-17 07:00,-13.3,4.56,95.14,664.68,0.3363,1
2601,2015-01-17 08:00,-14,1.6,95.13,664.58,0.3363,1
2602,2015-01-17 09:00,-13.1,0.64,93.61,664.48,0.1682,0.68
2603,2015-01-17 10:00,-11.9,5.44,93.24,664.28,0.8408,0.98
2604,2015-01-17 11:00,-12.8,6.72,93.22,664.28,0,0.77
2605,2015-01-17 12:00,-13,5.44,92.45,663.88,0,0.98
2606,2015-01-17 13:00,-14.2,4.88,92.45,663.48,0,0.97
2607,2015-01-17 14:00,-14.9,6.72,92.08,663.48,0.5045,0.97
2608,2015-01-17 15:00,-16.2,7.52,92.06,663.28,1.1771,0.95
2609,2015-01-17 16:00,-17.5,7.84,92.06,663.18,1.009,1
2610,2015-01-17 17:00,-18.5,6.72,91.71,663.28,0.8408,1
2611,2015-01-17 18:00,-18.9,4.88,91.7,663.68,0.3363,1
2612,2015-01-17 19:00,-19.2,5.44,91.71,663.88,0.3363,1
2613,2015-01-17 20:00,-19.3,4.56,90.63,664.28,0,1
2614,2015-01-17 21:00,-19.7,5.44,90.66,664.48,0,1
2615,2015-01-17 22:00,-20.3,2.8,90.65,664.58,0,1
2616,2015-01-17 23:00,-19.8,2.8,90.67,664.58,0,1
2617,2015-01-18 00:00,-19.8,4.56,90.69,664.28,0,1
2618,2015-01-18 01:00,-20.2,0.5,90.7,664.18,0,1
2619,2015-01-18 02:00,-20.5,0.64,91.45,664.28,0,1
2620,2015-01-18 03:00,-20.9,0.64,91.11,663.98,0.1682,1
2621,2015-01-18 04:00,-21.3,0.64,91.76,663.78,0.1682,1
2622,2015-01-18 05:00,-21.7,0.8,91.76,663.78,0.1682,1
2623,2015-01-18 06:00,-21.7,0.5,91.4,663.98,0,1
2624,2015-01-18 07:00,-21.4,0.5,91.52,664.18,0,1
2625,2015-01-18 08:00,-19.5,0.5,89.91,664.48,0,0.48
2626,2015-01-18 09:00,-16.1,0.5,89.6,664.78,0,0
2627,2015-01-18 10:00,-14.5,0.5,89.71,664.98,0,0.31
2628,2015-01-18 11:00,-13.7,1.04,87.11,664.88,0,0.02
2629,2015-01-18 12:00,-13.6,2.08,76.4,664.68,0,0.2
2630,2015-01-18 13:00,-14.6,0.5,72.94,664.28,0,0.03
2631,2015-01-18 14:00,-15.5,1.28,73.36,664.08,0,0.3
2632,2015-01-18 15:00,-16.5,2.08,74.31,663.88,0,0.71
2633,2015-01-18 16:00,-17.6,1.28,66.99,663.78,0,1
2634,2015-01-18 17:00,-18.2,1.04,59.43,663.68,0,0.94
2635,2015-01-18 18:00,-18.3,1.04,55.05,663.78,0,1
2636,2015-01-18 19:00,-18.2,0.5,58.8,663.78,0,0.95
2637,2015-01-18 20:00,-18,0.64,55.71,663.68,0,0
2638,2015-01-18 21:00,-17.9,1.46,58.45,663.68,0,0
2639,2015-01-18 22:00,-17.8,0.5,58.67,663.58,0,0.4
2640,2015-01-18 23:00,-17.7,0.7,59.76,663.38,0,0.37
2641,2015-01-19 00:00,-17.1,1.68,50.95,663.18,0,0.22
2642,2015-01-19 01:00,-17.3,2.38,62.41,662.98,0,0.42
2643,2015-01-19 02:00,-16.9,2.08,74.42,662.98,0,0.39
2644,2015-01-19 03:00,-17,2.08,79.11,662.68,0,0
2645,2015-01-19 04:00,-17,0.64,85.17,662.58,0,0
2646,2015-01-19 05:00,-16.6,2.8,89.14,662.78,0,0
2647,2015-01-19 06:00,-16.5,2.08,89.47,662.78,0,0.95
2648,2015-01-19 07:00,-16.5,1.28,89.16,663.08,0,0.93
2649,2015-01-19 08:00,-16.2,0.64,89.19,663.18,0,0.7
2650,2015-01-19 09:00,-15.2,0.8,87.43,663.48,0,0.72
2651,2015-01-19 10:00,-14.2,2.8,84.43,663.78,0,0.7
2652,2015-01-19 11:00,-13.3,1.6,87.11,663.68,0,0.71
2653,2015-01-19 12:00,-13.3,1.28,88.05,663.48,0,0.68
2654,2015-01-19 13:00,-13.2,5.53,86.51,663.18,0,0.73
2655,2015-01-19 14:00,-13.4,4.1,86.85,663.18,0,0.62
2656,2015-01-19 15:00,-14.3,1.28,89.58,663.18,0,0.62
2657,2015-01-19 16:00,-14.7,1.28,89.61,663.28,0,0.95
2658,2015-01-19 17:00,-15.1,2.8,89.41,663.18,0,0.95
2659,2015-01-19 18:00,-15.2,2.8,89.7,663.48,0,0.91
2660,2015-01-19 19:00,-15.3,6.72,85.51,663.38,0,0.87
2661,2015-01-19 20:00,-15.4,7.52,86.98,663.18,0,0.85
2662,2015-01-19 21:00,-15.5,2.8,89.26,663.18,0,0.86
2663,2015-01-19 22:00,-15.4,1.6,90.52,662.78,0,0.91
2664,2015-01-19 23:00,-15.4,8.24,91.19,662.68,0,0.96
2665,2015-01-20 00:00,-15.7,6.72,91.54,662.58,0,0.93
2666,2015-01-20 01:00,-16.1,7.04,91.55,662.28,0,0.98
2667,2015-01-20 02:00,-16.1,4.56,91.55,662.08,0,1
2668,2015-01-20 03:00,-16.1,0.8,91.19,661.78,0.1682,1
2669,2015-01-20 04:00,-16.3,0.64,91.18,661.48,0,1
2670,2015-01-20 05:00,-16.4,0.8,91.15,661.48,0,1
2671,2015-01-20 06:00,-16.4,1.04,91.19,661.38,0,1
2672,2015-01-20 07:00,-16.3,1.04,90.52,661.38,0,1
2673,2015-01-20 08:00,-16.1,6.72,90.19,661.68,0,1
2674,2015-01-20 09:00,-14.9,4.16,90.58,661.68,0,0.75
2675,2015-01-20 10:00,-14.1,2.08,90.5,661.88,0.1682,0.7
2676,2015-01-20 11:00,-13.2,3.04,89,661.78,0,0.53
2677,2015-01-20 12:00,-13,1.28,82.58,661.78,0,0
2678,2015-01-20 13:00,-13,1.6,84,661.68,0,0.4
2679,2015-01-20 14:00,-13.7,0.5,82.89,661.58,0,0.57
2680,2015-01-20 15:00,-14.5,0.5,81.87,661.38,0,0.55
2681,2015-01-20 16:00,-15.2,0.5,86.75,661.98,0,0.75
2682,2015-01-20 17:00,-15.6,0.5,86.41,661.88,0,0.61
2683,2015-01-20 18:00,-15.7,0.5,88.59,662.18,0,0.92
2684,2015-01-20 19:00,-15.8,0.5,87.03,662.48,0,0
2685,2015-01-20 20:00,-15.9,0.5,88.28,662.68,0,0.47
2686,2015-01-20 21:00,-15.7,0.5,87.08,662.98,0,0.49
2687,2015-01-20 22:00,-15.4,0.5,85.08,663.08,0,0
2688,2015-01-20 23:00,-15.3,0.5,85.28,663.18,0,0
2689,2015-01-21 00:00,-15.1,0.5,87.79,663.28,0,0.5
2690,2015-01-21 01:00,-15.1,5.44,90.2,663.28,0,0.26
2691,2015-01-21 02:00,-15.1,5.44,91.54,663.08,0,0
2692,2015-01-21 03:00,-15.1,4.16,92.56,662.78,0,0.74
2693,2015-01-21 04:00,-15.2,4.16,92.17,662.38,0,0.95
2694,2015-01-21 05:00,-15.2,4.16,91.26,662.58,0,0.93
2695,2015-01-21 06:00,-14.5,5.44,90.59,662.28,0,0.5
2696,2015-01-21 07:00,-15,2.8,89,662.48,0,0.61
2697,2015-01-21 08:00,-14.9,4.16,89,662.38,0,1
2698,2015-01-21 09:00,-13.8,1.28,84.42,662.08,0,0.97
2699,2015-01-21 10:00,-13.7,0.8,86.44,662.78,0,0.97
2700,2015-01-21 11:00,-14,6.72,85.8,662.48,0.1682,0.95
2701,2015-01-21 12:00,-14,4.16,89.65,662.48,0.1682,0.97
2702,2015-01-21 13:00,-13.7,7.52,87.93,662.28,0.3363,0.97
2703,2015-01-21 14:00,-13.6,6.72,90.53,662.18,0.3363,0.96
2704,2015-01-21 15:00,-13.8,7.52,89.12,662.18,0.1682,0.95
2705,2015-01-21 16:00,-14.6,9.36,88.16,662.18,0.1682,0.97
2706,2015-01-21 17:00,-15.5,0.5,88.1,662.18,0.5045,1
2707,2015-01-21 18:00,-15.9,10.56,88.69,662.38,0.3363,1
2708,2015-01-21 19:00,-15.5,6.72,88.7,662.48,0.3363,1
2709,2015-01-21 20:00,-15.3,4.16,88.1,662.58,0.3363,1
2710,2015-01-21 21:00,-15.7,4.16,87.76,662.58,0.6726,1
2711,2015-01-21 22:00,-15.6,6.72,87.74,662.18,0.8408,1
2712,2015-01-21 23:00,-16.1,6.72,87.72,662.28,0.5045,0.94
2713,2015-01-22 00:00,-15.6,4.16,87.72,662.68,0.5045,1
2714,2015-01-22 01:00,-15.8,5.44,87.93,662.58,0.5045,1
2715,2015-01-22 02:00,-15.7,6.72,89.56,662.68,0.5045,0.89
2716,2015-01-22 03:00,-15.6,6.72,88.7,662.68,0.1682,0.52
2717,2015-01-22 04:00,-15.9,5.44,88.06,662.78,0.1682,0.63
2718,2015-01-22 05:00,-16.1,5.44,87.42,662.88,0,0
2719,2015-01-22 06:00,-16.1,5.44,86.35,663.08,0.1682,0.67
2720,2015-01-22 07:00,-16.6,0.5,87.23,663.38,0,0.32
2721,2015-01-22 08:00,-16.2,9.36,83.59,663.58,0.3363,0.43
2722,2015-01-22 09:00,-13.4,7.84,83.15,663.98,0,0
2723,2015-01-22 10:00,-12.1,4.16,84.69,664.38,0,0
2724,2015-01-22 11:00,-12,1.28,84.23,664.48,0,0
2725,2015-01-22 12:00,-12.4,0.5,88.03,664.38,0,0
2726,2015-01-22 13:00,-12.5,0.5,84.05,664.38,0,0.12
2727,2015-01-22 14:00,-12.9,0.5,83.75,664.58,0,0.06
2728,2015-01-22 15:00,-13.2,0.5,80.22,664.68,0,0.36
2729,2015-01-22 16:00,-14.1,0.5,79.23,664.88,0,1
2730,2015-01-22 17:00,-15.3,0.5,81.8,665.08,0,0
2731,2015-01-22 18:00,-16.6,0.5,79.15,665.18,0,0
2732,2015-01-22 19:00,-17.1,0.64,89.1,665.38,0,0.61
2733,2015-01-22 20:00,-16.7,4.16,91.75,665.38,0,0.9
2734,2015-01-22 21:00,-16.4,4.16,92.44,665.38,0,0.93
2735,2015-01-22 22:00,-16.2,4.16,90.1,665.28,0,0.93
2736,2015-01-22 23:00,-16.4,5.44,92.43,665.08,0,0.93
2737,2015-01-23 00:00,-16.1,2.8,91.74,664.98,0,0.94
2738,2015-01-23 01:00,-16.4,4.16,91.76,664.78,0,0.94
2739,2015-01-23 02:00,-16.4,0.5,91.06,664.88,0,0.88
2740,2015-01-23 03:00,-16.1,0.5,91.06,664.88,0,0.89
2741,2015-01-23 04:00,-16,0.5,91.06,664.58,0,0.93
2742,2015-01-23 05:00,-15.9,0.5,92.11,664.38,0,0.95
2743,2015-01-23 06:00,-15.7,0.5,92.11,664.98,0,0.96
2744,2015-01-23 07:00,-15.6,0.5,92.45,665.38,0,0.94
2745,2015-01-23 08:00,-14.8,0.56,92.05,665.78,0,0.23
2746,2015-01-23 09:00,-13.8,0.5,91.99,666.08,0,0.76
2747,2015-01-23 10:00,-13.3,0.5,92.11,666.38,0,0.91
2748,2015-01-23 11:00,-12.9,0.5,92.12,666.58,0,0.95
2749,2015-01-23 12:00,-13.7,0.5,92.13,666.48,0,0.98
2750,2015-01-23 13:00,-13.9,0.5,92.13,666.38,0,0.97
2751,2015-01-23 14:00,-14.4,0.5,92.48,666.28,0,0.97
2752,2015-01-23 15:00,-15.1,0.5,92.18,666.18,0,0.96
2753,2015-01-23 16:00,-15.2,0.5,92.03,666.58,0,1
2754,2015-01-23 17:00,-15.6,0.5,87.21,666.48,0,0
2755,2015-01-23 18:00,-15.8,0.5,84.31,666.78,0,0
2756,2015-01-23 19:00,-15.8,0.5,81.97,667.58,0,0
2757,2015-01-23 20:00,-16.1,0.5,81.84,667.48,0,0
2758,2015-01-23 21:00,-16.2,0.5,79.71,667.38,0,0
2759,2015-01-23 22:00,-16.3,0.5,79.43,667.58,0,0
2760,2015-01-23 23:00,-16.4,0.5,79.39,667.78,0,0
2761,2015-01-24 00:00,-16.2,0.5,75.21,667.58,0,0
2762,2015-01-24 01:00,-16.3,0.5,65.14,667.48,0,0
2763,2015-01-24 02:00,-16.5,0.5,58.74,667.48,0,0
2764,2015-01-24 03:00,-16.7,0.5,66.43,667.58,0,0
2765,2015-01-24 04:00,-17,1.92,70.46,667.48,0,0
2766,2015-01-24 05:00,-17,0.5,68.61,667.38,0,0
2767,2015-01-24 06:00,-17,0.72,63.26,667.38,0,0
2768,2015-01-24 07:00,-16.8,1.84,50.12,667.58,0,0
2769,2015-01-24 08:00,-16.4,2.16,41.08,667.98,0,0.51
2770,2015-01-24 09:00,-15.8,2.48,33.26,667.48,0,0.85
2771,2015-01-24 10:00,-15.1,0.72,30.62,667.58,0,0.85
2772,2015-01-24 11:00,-14.4,1.68,26.8,667.48,0,0.74
2773,2015-01-24 12:00,-14.2,4.4,28.8,666.98,0,0.91
2774,2015-01-24 13:00,-15,2.96,29.58,666.38,0,0.93
2775,2015-01-24 14:00,-13.6,0.56,35.26,666.28,0,0.97
2776,2015-01-24 15:00,-13.6,0.88,42.62,665.68,0,0.96
2777,2015-01-24 16:00,-14.3,0.5,51.67,665.08,0,0.77
2778,2015-01-24 17:00,-14.8,0.96,83.77,664.48,0,0.64
2779,2015-01-24 18:00,-15.9,3.12,91.27,664.48,0,0.86
2780,2015-01-24 19:00,-16.3,3.12,91.27,664.58,0,0.74
2781,2015-01-24 20:00,-16.1,2.08,91.99,664.78,0,0.98
2782,2015-01-24 21:00,-15.6,0.5,92.02,665.28,0,1
2783,2015-01-24 22:00,-16.3,0.5,92,665.28,0,1
2784,2015-01-24 23:00,-16.5,0.5,91.99,665.48,0,1
2785,2015-01-25 00:00,-16.4,0.5,91.96,665.48,0,1
2786,2015-01-25 01:00,-16.2,0.5,91.97,665.48,0,1
2787,2015-01-25 02:00,-16.5,0.88,91.97,665.48,0,1
2788,2015-01-25 03:00,-16.6,2,91.99,665.48,0,1
2789,2015-01-25 04:00,-17.1,1.12,91.96,665.28,0,1
2790,2015-01-25 05:00,-18.4,0.5,91.61,664.78,0,1
2791,2015-01-25 06:00,-18.9,1.84,91.21,664.38,0,1
2792,2015-01-25 07:00,-18.5,0.5,91.18,665.18,0,1
2793,2015-01-25 08:00,-19.7,0.5,89.26,665.98,0,0.83
2794,2015-01-25 09:00,-19.5,0.64,86.61,666.18,0,0.39
2795,2015-01-25 10:00,-19.6,0.5,81.61,666.18,0,0.86
2796,2015-01-25 11:00,-20.2,0.5,78.78,666.28,0,0.98
2797,2015-01-25 12:00,-19.4,1.52,86.32,666.08,0,0.98
2798,2015-01-25 13:00,-19.1,3.84,88.58,665.48,0,0.98
2799,2015-01-25 14:00,-17.8,12.56,73.69,665.58,0,0.97
2800,2015-01-25 15:00,-17.1,18.32,75.8,665.58,0,0.96
2801,2015-01-25 16:00,-17.1,15.84,77.42,665.88,0,1
2802,2015-01-25 17:00,-16.1,18.72,74.74,665.98,0,0
2803,2015-01-25 18:00,-16.7,18.56,74.09,666.28,0,0
2804,2015-01-25 19:00,-16.6,20.4,64.72,666.58,0,0
2805,2015-01-25 20:00,-16.2,20.88,63.06,666.28,0,0
2806,2015-01-25 21:00,-16.4,18.96,63.14,666.48,0,0.2
2807,2015-01-25 22:00,-16.1,19.76,63.56,667.18,0,0
2808,2015-01-25 23:00,-16.1,20.16,61.22,666.68,0,0
2809,2015-01-26 00:00,-15.7,21.04,60.52,666.68,0,0.37
2810,2015-01-26 01:00,-14.9,23.36,60.58,666.88,0,0
2811,2015-01-26 02:00,-14.9,22.32,61.42,666.38,0,0
2812,2015-01-26 03:00,-15,26.56,61.01,666.38,0,0
2813,2015-01-26 04:00,-14.5,25.12,61.86,666.08,0,0
2814,2015-01-26 05:00,-14.3,26,61.98,666.18,0,0
2815,2015-01-26 06:00,-14.6,28.08,66.09,666.08,0,0.39
2816,2015-01-26 07:00,-15,24.32,72.63,666.68,0,1
2817,2015-01-26 08:00,-13.8,25.36,87.17,667.88,0,0.79
2818,2015-01-26 09:00,-12.9,24.24,91.22,668.38,0,0.9
2819,2015-01-26 10:00,-12.6,22.08,90.54,668.18,0,0.97
2820,2015-01-26 11:00,-12.5,20.24,87.17,668.58,0,0.95
2821,2015-01-26 12:00,-12.1,15.28,88.26,668.98,0,0.95
2822,2015-01-26 13:00,-11.6,16.4,91.16,668.08,0,0.92
2823,2015-01-26 14:00,-11.4,17.92,92.21,669.38,0,0.96
2824,2015-01-26 15:00,-10.9,19.28,92.22,669.38,0,0.94
2825,2015-01-26 16:00,-10.8,15.04,91.91,669.58,0,0.33
2826,2015-01-26 17:00,-11.1,17.36,91.91,669.68,0,1
2827,2015-01-26 18:00,-11.7,18.56,91.91,669.68,0,0.99
2828,2015-01-26 19:00,-12.1,14.16,91.92,669.88,0,1
2829,2015-01-26 20:00,-12.6,1.12,91.93,669.78,0,1
2830,2015-01-26 21:00,-12.4,19.2,91.94,670.08,0,1
2831,2015-01-26 22:00,-13,19.92,91.94,669.98,0,1
2832,2015-01-26 23:00,-13.2,19.2,92.26,669.98,0,1
2833,2015-01-27 00:00,-13.5,2.48,91.92,668.08,0,1
2834,2015-01-27 01:00,-14,0.5,91.92,668.08,0,1
2835,2015-01-27 02:00,-14.5,0.5,91.92,668.68,0,1
2836,2015-01-27 03:00,-14.5,0.5,91.57,667.98,0,1
2837,2015-01-27 04:00,-15.5,2.64,91.57,666.88,0,1
2838,2015-01-27 05:00,-16,1.6,91.18,666.48,0,0.85
2839,2015-01-27 06:00,-15.8,13.44,91.16,666.08,0,0.89
2840,2015-01-27 07:00,-14.2,20.48,91.11,666.88,0,1
2841,2015-01-27 08:00,-13.7,25.84,91.1,666.78,0,0.81
2842,2015-01-27 09:00,-13.2,24,87.6,666.78,0,0.65
2843,2015-01-27 10:00,-13.1,21.44,65.84,667.38,0,0.68
2844,2015-01-27 11:00,-12.5,22.88,62.86,667.18,0,0.33
2845,2015-01-27 12:00,-13,23.2,75.08,666.68,0,0
2846,2015-01-27 13:00,-12.7,24.24,71.83,666.18,0,0.41
2847,2015-01-27 14:00,-12.8,27.6,62.47,666.08,0,0
2848,2015-01-27 15:00,-14.5,25.28,63.07,665.68,0,0.28
2849,2015-01-27 16:00,-13.4,24.4,71.77,665.98,0,1
2850,2015-01-27 17:00,-13.4,24.16,84.06,666.08,0,0
2851,2015-01-27 18:00,-13.6,28.64,89.48,666.28,0,0.59
2852,2015-01-27 19:00,-12.7,24.48,85.33,665.48,0,0.88
2853,2015-01-27 20:00,-14.1,24.48,83.98,665.38,0,0.46
2854,2015-01-27 21:00,-15,24.24,78.64,665.38,0,0.85
2855,2015-01-27 22:00,-13.6,28.32,73.13,664.98,0,0.86
2856,2015-01-27 23:00,-13.6,26.56,76.99,664.98,0,0.71
2857,2015-01-28 00:00,-12.6,29.28,67.58,665.18,0,0
2858,2015-01-28 01:00,-12.4,24.72,62.05,665.38,0,0
2859,2015-01-28 02:00,-12.6,23.36,61.86,665.88,0,0
2860,2015-01-28 03:00,-10.6,25.28,62.02,665.98,0,0
2861,2015-01-28 04:00,-9.6,23.76,62.38,666.18,0,0
2862,2015-01-28 05:00,-10.1,20.32,63.8,666.58,0,0
2863,2015-01-28 06:00,-9.8,20.24,66.53,666.48,0,0
2864,2015-01-28 07:00,-9.8,16.72,68.81,666.88,0,0
2865,2015-01-28 08:00,-10.3,14.8,65.11,667.38,0,0.86
2866,2015-01-28 09:00,-12.2,5.6,68.48,667.78,0,0
2867,2015-01-28 10:00,-9.4,15.36,69.45,668.48,0,0.34
2868,2015-01-28 11:00,-10.2,15.76,73.69,668.28,0,0
2869,2015-01-28 12:00,-8.9,14.96,77.42,667.88,0,0
2870,2015-01-28 13:00,-9.9,19.12,81.83,667.48,0,0.18
2871,2015-01-28 14:00,-10.3,13.28,78.21,667.48,0,0.52
2872,2015-01-28 15:00,-10.7,13.2,85.46,666.88,0,0
2873,2015-01-28 16:00,-9.8,18.64,83.24,666.68,0,0.81
2874,2015-01-28 17:00,-10.4,13.2,71.27,666.98,0,0
2875,2015-01-28 18:00,-10.7,4.56,51.54,667.48,0,0
2876,2015-01-28 19:00,-11.8,5.28,48.39,666.68,0,0
2877,2015-01-28 20:00,-12.3,4.96,62.52,665.98,0,0.26
2878,2015-01-28 21:00,-12,4.56,81.35,665.68,0,0.49
2879,2015-01-28 22:00,-12.2,1.36,86.06,664.68,0,0
2880,2015-01-28 23:00,-12.4,0.5,86.04,663.58,0,0.96
2881,2015-01-29 00:00,-12.3,0.56,88.47,663.28,0,0.77
2882,2015-01-29 01:00,-12.8,1.44,92.67,662.08,0,0.98
2883,2015-01-29 02:00,-13.1,2.16,90,661.28,0,1
2884,2015-01-29 03:00,-13.5,2.72,91.97,660.28,0.1682,1
2885,2015-01-29 04:00,-14,2.56,92.6,659.78,0.1682,1
2886,2015-01-29 05:00,-14.8,2.8,92.94,658.68,0.1682,1
2887,2015-01-29 06:00,-15.1,1.44,92.92,658.08,0.1682,1
2888,2015-01-29 07:00,-15.6,1.52,93.25,657.48,0.1682,1
2889,2015-01-29 08:00,-16.2,0.64,92.21,657.18,0,0.99
2890,2015-01-29 09:00,-16.2,1.6,91.51,657.18,0,0.98
2891,2015-01-29 10:00,-16.1,0.72,90.52,656.68,0.3363,0.8
2892,2015-01-29 11:00,-15.5,0.5,89.23,656.08,0.1682,0.61
2893,2015-01-29 12:00,-15.2,0.5,89.22,654.98,0.1682,0.63
2894,2015-01-29 13:00,-15.4,0.56,86.18,654.18,0.1682,0.55
2895,2015-01-29 14:00,-15.6,0.88,87.67,653.48,0,0.89
2896,2015-01-29 15:00,-15.7,0.96,87.06,652.98,0,0.83
2897,2015-01-29 16:00,-15.9,0.56,88.58,652.28,0,0.46
2898,2015-01-29 17:00,-16.1,0.88,90.14,651.48,0,0.88
2899,2015-01-29 18:00,-15.8,0.96,91.14,650.88,0,0.61
2900,2015-01-29 19:00,-15.5,0.5,91.48,650.38,0,0.46
2901,2015-01-29 20:00,-15,1.28,91.46,649.38,0,0.79
2902,2015-01-29 21:00,-15.5,0.8,92.17,648.58,0,0.94
2903,2015-01-29 22:00,-15.7,2,91.52,647.18,0,0.96
2904,2015-01-29 23:00,-16.1,0.5,92.18,646.48,0,1
2905,2015-01-30 00:00,-16,0.88,92.16,645.48,0,1
2906,2015-01-30 01:00,-16.4,0.5,92.15,644.78,0.1682,1
2907,2015-01-30 02:00,-16.7,1.28,92.15,644.18,0,1
2908,2015-01-30 03:00,-18,0.5,91.13,642.58,0.1682,1
2909,2015-01-30 04:00,-19.2,0.5,91.74,641.68,0,1
2910,2015-01-30 05:00,-20.9,0.8,91.24,640.78,0.8408,1
2911,2015-01-30 06:00,-23.3,2.24,89.02,639.48,0.3363,1
2912,2015-01-30 07:00,-24.9,0.5,89.27,638.58,0,1
2913,2015-01-30 08:00,-25.3,0.5,90.29,638.48,0.1682,0.69
2914,2015-01-30 09:00,-25.3,0.56,90.28,637.28,0,0.66
2915,2015-01-30 10:00,-24.7,0.96,90.28,637.28,0,0.69
2916,2015-01-30 11:00,-24.3,0.72,90.32,637.88,0.1682,0.6
2917,2015-01-30 12:00,-23.3,0.5,90,639.08,0.5045,0.66
2918,2015-01-30 13:00,-23.2,0.64,90,638.68,0.3363,0.17
2919,2015-01-30 14:00,-23.5,0.96,90.03,639.28,0.1682,0.07
2920,2015-01-30 15:00,-23.6,2.16,90.02,640.08,0,0.78
2921,2015-01-30 16:00,-23.8,1.84,90.06,639.98,0,1
2922,2015-01-30 17:00,-23.8,1.76,91.48,640.38,0,0.98
2923,2015-01-30 18:00,-23.5,0.64,90.81,640.58,0,1
2924,2015-01-30 19:00,-23.2,1.28,91.16,640.68,0,1
2925,2015-01-30 20:00,-22.9,0.5,90.49,640.68,0.3363,1
2926,2015-01-30 21:00,-22.7,1.28,91.21,640.98,0.5045,1
2927,2015-01-30 22:00,-22.9,0.5,91.16,641.58,0,1
2928,2015-01-30 23:00,-22.9,0.88,91.16,642.18,0,1
2929,2015-01-31 00:00,-23,0.56,91.19,642.48,0,1
2930,2015-01-31 01:00,-23.1,0.5,91.19,642.78,0,1
2931,2015-01-31 02:00,-23.3,1.04,91.18,642.88,0,1
2932,2015-01-31 03:00,-22.4,0.72,91.16,643.38,0,1
2933,2015-01-31 04:00,-22.4,0.5,91.21,643.28,0,0.98
2934,2015-01-31 05:00,-22.2,1.04,90.51,643.28,0,0.95
2935,2015-01-31 06:00,-22.3,0.5,89.49,643.98,0,0.92
2936,2015-01-31 07:00,-22.5,0.88,87.55,644.28,0,0.86
2937,2015-01-31 08:00,-21.4,0.5,84.17,644.58,0,0.04
2938,2015-01-31 09:00,-19.1,0.5,67.17,644.68,0.3363,0
2939,2015-01-31 10:00,-19.3,0.56,52.85,644.88,0,0
2940,2015-01-31 11:00,-18.5,0.5,56.32,645.08,0,0.1
2941,2015-01-31 12:00,-17.3,0.5,58.16,644.98,0,0
2942,2015-01-31 13:00,-16.9,0.64,58.72,644.88,0,0
2943,2015-01-31 14:00,-18.1,0.5,62.97,644.88,0,0.37
2944,2015-01-31 15:00,-19.2,0.5,70.88,644.98,0,0.45
2945,2015-01-31 16:00,-21,0.5,78.73,645.08,0,0.88
2946,2015-01-31 17:00,-21.9,0.5,83.67,645.38,0,0.42
2947,2015-01-31 18:00,-22.2,0.5,83.67,645.68,0,0.18
2948,2015-01-31 19:00,-22.1,0.5,86.35,645.78,0,0.47
2949,2015-01-31 20:00,-22.7,1.18,85.67,645.78,0,0.71
2950,2015-01-31 21:00,-23,1.04,85.09,645.68,0,0.81
2951,2015-01-31 22:00,-23.3,0.5,85.35,645.58,0,0.62
2952,2015-01-31 23:00,-23.5,0.72,86.86,645.58,0,0.75
2953,2015-02-01 00:00,-23.8,0.5,86.22,645.88,0,0.95
2954,2015-02-01 01:00,-24.2,0.5,86.81,645.68,0,0.93
2955,2015-02-01 02:00,-24.5,0.5,84.63,645.38,0,0.87
2956,2015-02-01 03:00,-24.6,1.52,78.83,644.68,0,0.85
2957,2015-02-01 04:00,-24,0.64,85.25,644.68,0,0.88
2958,2015-02-01 05:00,-24.2,0.72,87.74,644.68,0,1
2959,2015-02-01 06:00,-24.4,0.5,86.14,644.88,0,1
2960,2015-02-01 07:00,-24.2,0.5,88.08,645.28,0,0.96
2961,2015-02-01 08:00,-24,1.68,88.75,645.68,0,0.96
2962,2015-02-01 09:00,-23.5,0.5,89.07,646.08,0,0.96
2963,2015-02-01 10:00,-22.9,0.5,89.74,646.68,0,0.93
2964,2015-02-01 11:00,-22.4,0.5,89.74,646.88,0.1682,0.83
2965,2015-02-01 12:00,-21.6,0.5,90.09,647.18,0,0.43
2966,2015-02-01 13:00,-22.2,1.12,89.76,647.28,0,0.59
2967,2015-02-01 14:00,-22.9,1.28,89.77,647.28,0,0.98
2968,2015-02-01 15:00,-23.2,2.24,90.1,647.48,0,0.69
2969,2015-02-01 16:00,-24.1,5.68,90.79,647.78,0,0
2970,2015-02-01 17:00,-24.6,7.68,90.78,648.18,0,0.93
2971,2015-02-01 18:00,-24.7,8.96,90.75,648.48,0,0.93
2972,2015-02-01 19:00,-24.8,9.92,90.04,649.18,0,0.97
2973,2015-02-01 20:00,-24.7,10.96,90.73,649.18,0,1
2974,2015-02-01 21:00,-24.8,12,90.71,649.38,0,1
2975,2015-02-01 22:00,-24.4,10,90.69,649.88,0,1
2976,2015-02-01 23:00,-24.6,3.12,90.69,649.78,0,1
2977,2015-02-02 00:00,-24.8,10.08,90.66,650.08,0,1
2978,2015-02-02 01:00,-24.4,5.92,90.71,649.58,0,1
2979,2015-02-02 02:00,-24.1,1.36,90.79,650.08,0,1
2980,2015-02-02 03:00,-23.9,4.08,90.79,650.08,0,1
2981,2015-02-02 04:00,-23.8,1.28,90.79,651.18,0,1
2982,2015-02-02 05:00,-23.8,0.72,90.1,651.18,0,1
2983,2015-02-02 06:00,-23.9,0.5,90.78,651.58,0,1
2984,2015-02-02 07:00,-24,0.64,90.07,651.78,0,1
2985,2015-02-02 08:00,-23.9,1.28,90.06,652.08,0,0.8
2986,2015-02-02 09:00,-22.9,1.28,90.75,652.18,0,0.14
2987,2015-02-02 10:00,-22.2,2.08,90.1,652.48,0,0.03
2988,2015-02-02 11:00,-22.4,0.5,89.08,652.98,0,0
2989,2015-02-02 12:00,-21.5,0.5,89.07,652.98,0,0
2990,2015-02-02 13:00,-21.8,0.5,88.05,652.88,0,0
2991,2015-02-02 14:00,-22.3,2,77.52,652.58,0,0
2992,2015-02-02 15:00,-22.7,3.04,69.21,652.48,0,0
2993,2015-02-02 16:00,-23.3,4.08,74.73,652.58,0,0
2994,2015-02-02 17:00,-23,4.4,81.66,652.68,0,0
2995,2015-02-02 18:00,-22.3,2.08,76.26,652.98,0,0
2996,2015-02-02 19:00,-21.7,3.36,73.93,653.08,0,0
2997,2015-02-02 20:00,-21.9,1.2,69.83,653.08,0,0
2998,2015-02-02 21:00,-21.5,4.32,58.8,653.18,0,0
2999,2015-02-02 22:00,-21,0.5,52.42,653.08,0,0
3000,2015-02-02 23:00,-20.7,0.5,51.54,653.08,0,0
3001,2015-02-03 00:00,-20.3,0.5,56.6,652.98,0,0
3002,2015-02-03 01:00,-20.1,0.5,51.4,652.88,0,0
3003,2015-02-03 02:00,-19.6,0.64,53.43,652.78,0,0
3004,2015-02-03 03:00,-19.3,0.5,53.6,652.68,0,0
3005,2015-02-03 04:00,-19.1,0.5,59.89,652.38,0,0.54
3006,2015-02-03 05:00,-19.1,0.5,70.41,652.38,0,0.7
3007,2015-02-03 06:00,-19.3,0.64,72.73,652.28,0,0.6
3008,2015-02-03 07:00,-19.5,1.04,74.89,652.48,0,0.69
3009,2015-02-03 08:00,-18.6,1.28,69.3,652.78,0,0.19
3010,2015-02-03 09:00,-17.5,2.72,70.89,652.88,0,0.09
3011,2015-02-03 10:00,-16.7,1.44,72.08,653.18,0,0.26
3012,2015-02-03 11:00,-16.1,2.64,70.02,653.08,0,0.34
3013,2015-02-03 12:00,-16.3,2.16,72.57,653.08,0,0.42
3014,2015-02-03 13:00,-15.8,2.32,71.99,653.18,0,0.52
3015,2015-02-03 14:00,-15.4,1.36,71.19,653.38,0,0.69
3016,2015-02-03 15:00,-15.4,0.5,76.03,653.28,0,0.72
3017,2015-02-03 16:00,-16.6,0.5,86.3,653.48,0,0.79
3018,2015-02-03 17:00,-17.5,1.52,91.28,653.68,0,0.82
3019,2015-02-03 18:00,-17.9,2.72,90.61,653.98,0,0.52
3020,2015-02-03 19:00,-17.9,4,90.63,654.18,0,0.28
3021,2015-02-03 20:00,-18,5.04,91.05,654.38,0,0.45
3022,2015-02-03 21:00,-18.2,4.8,90.71,654.48,0,0.42
3023,2015-02-03 22:00,-17.7,2.88,91.74,654.68,0,0.48
3024,2015-02-03 23:00,-17.4,4,91.74,654.88,0,0.59
3025,2015-02-04 00:00,-17.5,2.88,91.74,654.88,0,0.52
3026,2015-02-04 01:00,-17.5,0.96,91.06,654.98,0,0.75
3027,2015-02-04 02:00,-17.2,2.8,91.06,655.08,0,0.86
3028,2015-02-04 03:00,-16.9,3.04,91.06,655.18,0,0.8
3029,2015-02-04 04:00,-16.9,2.08,90.74,655.08,0,0.89
3030,2015-02-04 05:00,-16.9,0.56,89.78,655.38,0,0.91
3031,2015-02-04 06:00,-17,0.64,89.11,655.68,0,0.96
3032,2015-02-04 07:00,-16.8,0.5,89.11,656.18,0,0.98
3033,2015-02-04 08:00,-16.6,0.5,89.13,656.48,0,0.99
3034,2015-02-04 09:00,-15.8,0.5,88.52,656.88,0,0.9
3035,2015-02-04 10:00,-15,0.8,87.64,657.28,0,0.98
3036,2015-02-04 11:00,-13.2,1.28,87.69,657.58,0.1682,0.92
3037,2015-02-04 12:00,-13.8,2.08,86.21,657.48,0.1682,0.79
3038,2015-02-04 13:00,-14.1,0.64,83.93,657.58,0.1682,0.97
3039,2015-02-04 14:00,-13.6,4.16,84.05,657.78,0.1682,0.92
3040,2015-02-04 15:00,-14.5,2.8,86.19,657.98,0.1682,0.96
3041,2015-02-04 16:00,-15.8,2.8,86.18,658.28,0.1682,1
3042,2015-02-04 17:00,-16.7,4.16,88.52,658.38,0.3363,0.85
3043,2015-02-04 18:00,-16.9,4.16,88.22,658.78,0.1682,0.07
3044,2015-02-04 19:00,-16.7,2.8,88.55,658.88,0,0.85
3045,2015-02-04 20:00,-17,2.8,87.57,659.08,0.1682,0.78
3046,2015-02-04 21:00,-17.5,0.64,87.54,659.18,0,0.8
3047,2015-02-04 22:00,-16.8,0.88,87.82,659.28,0.1682,0.96
3048,2015-02-04 23:00,-16.6,0.5,88.5,659.48,0.1682,0.93
3049,2015-02-05 00:00,-16.7,0.5,88.5,659.28,0.1682,0.95
3050,2015-02-05 01:00,-16.7,1.76,88.14,658.98,0,0.96
3051,2015-02-05 02:00,-17.1,0.5,87.2,658.88,0.1682,1
3052,2015-02-05 03:00,-16.8,0.5,91.72,658.68,0,1
3053,2015-02-05 04:00,-16.9,1.6,91.06,657.98,0.1682,1
3054,2015-02-05 05:00,-16.5,1.76,89.07,657.98,0,1
3055,2015-02-05 06:00,-16.1,0.8,89.05,657.88,0,1
3056,2015-02-05 07:00,-16.1,0.88,90.07,657.78,0.1682,1
3057,2015-02-05 08:00,-15.9,1.36,90.14,657.68,0.1682,0.99
3058,2015-02-05 09:00,-15.9,0.5,90.74,657.38,0.5045,0.98
3059,2015-02-05 10:00,-15.8,0.5,91.16,657.38,0.6726,0.98
3060,2015-02-05 11:00,-15.8,0.5,88.99,657.38,0.5045,0.98
3061,2015-02-05 12:00,-15.9,0.5,86.23,656.98,0.3363,0.98
3062,2015-02-05 13:00,-15.6,0.5,85.72,656.78,0.5045,0.98
3063,2015-02-05 14:00,-15.9,0.5,85.33,656.68,0.8408,0.96
3064,2015-02-05 15:00,-16.3,0.8,89.5,655.08,1.009,0.96
3065,2015-02-05 16:00,-16.6,3.76,91.13,655.28,0.6726,1
3066,2015-02-05 17:00,-16.6,2.48,91.13,655.98,0.1682,1
3067,2015-02-05 18:00,-16.7,2.64,91.13,655.98,0,1
3068,2015-02-05 19:00,-17.1,2.4,90.45,655.88,0,1
3069,2015-02-05 20:00,-16.8,2.08,91.1,657.38,0.1682,1
3070,2015-02-05 21:00,-16.6,2.48,90.76,658.18,0.1682,1
3071,2015-02-05 22:00,-16.2,2.32,91.44,657.98,0.8408,1
3072,2015-02-05 23:00,-15.3,2.08,92.14,658.28,1.009,1
3073,2015-02-06 00:00,-14.7,2.32,92.14,657.88,0,1
3074,2015-02-06 01:00,-13.3,2.08,91.48,658.38,0.5045,1
3075,2015-02-06 02:00,-12.9,2.16,91.49,658.88,1.3453,1
3076,2015-02-06 03:00,-12.8,3.12,91.54,658.98,0.1682,1
3077,2015-02-06 04:00,-12.7,7.44,92.59,659.88,0,1
3078,2015-02-06 05:00,-13,1.44,92.6,660.38,0.3363,1
3079,2015-02-06 06:00,-12.9,0.5,92.6,660.38,0,1
3080,2015-02-06 07:00,-12.8,0.5,92.98,659.88,0,1
3081,2015-02-06 08:00,-12.7,3.52,92.96,660.68,0,0.99
3082,2015-02-06 09:00,-12.7,4.16,92.96,659.98,0,0.98
3083,2015-02-06 10:00,-12.5,5.44,92.96,659.18,0.1682,0.98
3084,2015-02-06 11:00,-12.7,2.8,92.98,661.48,0.6726,0.98
3085,2015-02-06 12:00,-12.7,2.8,93,661.48,0.1682,0.98
3086,2015-02-06 13:00,-12.4,10.34,93.03,661.98,0.1682,0.97
3087,2015-02-06 14:00,-12.8,0.5,93,661.68,0,0.97
3088,2015-02-06 15:00,-13.1,0.64,92.96,661.48,0,0.96
3089,2015-02-06 16:00,-13.8,0.64,92.59,661.08,0,1
3090,2015-02-06 17:00,-13.4,2.8,92.57,661.78,0,0.7
3091,2015-02-06 18:00,-14.2,2.08,92.52,662.38,0,0.69
3092,2015-02-06 19:00,-14.6,0.5,92.55,663.18,0,0.82
3093,2015-02-06 20:00,-14.8,2.08,91.52,663.58,0.1682,0.67
3094,2015-02-06 21:00,-15.2,1.28,92.56,663.88,0,0.98
3095,2015-02-06 22:00,-15.1,1.28,92.57,664.18,0.1682,0.93
3096,2015-02-06 23:00,-14.6,1.04,92.56,664.28,0,0.95
3097,2015-02-07 00:00,-15.3,0.5,92.56,664.38,0,0.78
3098,2015-02-07 01:00,-15,2.08,92.54,664.78,0,0.94
3099,2015-02-07 02:00,-15.6,6.72,92.17,664.38,0,1
3100,2015-02-07 03:00,-15.8,4.16,92.16,665.08,0,0.88
3101,2015-02-07 04:00,-14.7,4.16,92.15,665.68,0,0.69
3102,2015-02-07 05:00,-13.7,2.8,92.15,665.98,0,0.27
3103,2015-02-07 06:00,-13.6,2.8,92.14,666.58,0,0
3104,2015-02-07 07:00,-13.5,2.08,92.14,667.58,0,0.61
3105,2015-02-07 08:00,-12.6,4.16,92.18,667.88,0,0.94
3106,2015-02-07 09:00,-12.7,0.5,91.71,668.38,0,0.98
3107,2015-02-07 10:00,-11.8,3.04,86.45,669.18,0,0.98
3108,2015-02-07 11:00,-12.6,3.04,82.16,669.38,0,0.98
3109,2015-02-07 12:00,-14.3,2.08,77.4,669.48,0,0.98
3110,2015-02-07 13:00,-15.5,0.5,77.05,669.08,0,0.98
3111,2015-02-07 14:00,-14.5,0.5,65.6,668.78,0,0.87
3112,2015-02-07 15:00,-13.8,0.8,55.34,668.68,0,0.35
3113,2015-02-07 16:00,-14.3,0.5,54.39,669.98,0,0
3114,2015-02-07 17:00,-13.7,0.8,56.86,669.48,0,0
3115,2015-02-07 18:00,-14.1,0.5,56.1,670.88,0,0
3116,2015-02-07 19:00,-14.1,0.5,45.41,671.28,0,0
3117,2015-02-07 20:00,-13.9,0.64,44.66,671.38,0,0
3118,2015-02-07 21:00,-13.1,0.88,53.61,671.78,0,0
3119,2015-02-07 22:00,-12.6,0.56,58.63,671.78,0,0
3120,2015-02-07 23:00,-12.5,0.56,58.25,671.58,0,0
3121,2015-02-08 00:00,-12.3,0.5,57.43,671.68,0,0
3122,2015-02-08 01:00,-12.6,0.5,59.5,671.18,0,0
3123,2015-02-08 02:00,-12.3,1.36,60.29,670.88,0,0
3124,2015-02-08 03:00,-13,0.5,62.58,670.88,0,0
3125,2015-02-08 04:00,-12.2,3.12,68.77,670.28,0,0
3126,2015-02-08 05:00,-11.3,2.16,71.14,668.98,0,0
3127,2015-02-08 06:00,-11.4,1.84,66.29,667.88,0,0
3128,2015-02-08 07:00,-11.1,1.68,58.59,667.98,0,0.68
3129,2015-02-08 08:00,-11,2.64,47.28,667.68,0,0.23
3130,2015-02-08 09:00,-10.4,5.92,46.35,667.58,0,0
3131,2015-02-08 10:00,-10.1,4.24,48.65,666.98,0.1682,0
3132,2015-02-08 11:00,-9.9,6.48,41.99,666.68,0.7567,0
3133,2015-02-08 12:00,-10,7.36,40.92,667.18,0,0
3134,2015-02-08 13:00,-10.1,12.96,42.77,666.48,0,0
3135,2015-02-08 14:00,-10.1,17.68,42.24,666.18,0,0
3136,2015-02-08 15:00,-10.9,16.72,43.13,665.68,0,0.88
3137,2015-02-08 16:00,-11.3,19.76,43.47,666.38,0,0.97
3138,2015-02-08 17:00,-11.7,22.72,46.63,666.18,0,0
3139,2015-02-08 18:00,-11.7,21.84,43.96,665.98,0,0
3140,2015-02-08 19:00,-12,25.92,45.31,666.48,0,0
3141,2015-02-08 20:00,-12,27.12,48.11,666.58,0,0
3142,2015-02-08 21:00,-12.8,27.28,51.59,667.48,0,0
3143,2015-02-08 22:00,-13.8,26.24,60.66,667.08,0,0
3144,2015-02-08 23:00,-14.6,14.48,74.68,667.08,0,0
3145,2015-02-09 00:00,-15.3,7.76,78.06,667.98,0,0
3146,2015-02-09 01:00,-14.9,8.32,78.73,668.98,0,0
3147,2015-02-09 02:00,-15,7.28,81.85,669.58,0,0
3148,2015-02-09 03:00,-14.5,8.56,83.14,669.58,0,0.18
3149,2015-02-09 04:00,-14.5,14.4,83.84,669.98,0,0.43
3150,2015-02-09 05:00,-14.4,16.96,86.07,670.68,0,0.18
3151,2015-02-09 06:00,-14.2,11.84,87.14,671.48,0,0
3152,2015-02-09 07:00,-13.8,12.96,88.07,672.28,0,0
3153,2015-02-09 08:00,-12.7,18.96,67.83,673.08,0,0
3154,2015-02-09 09:00,-12.3,15.6,84.92,673.38,0,0
3155,2015-02-09 10:00,-11,15.36,84.99,674.28,0,0
3156,2015-02-09 11:00,-10,17.68,90.34,674.78,0,0
3157,2015-02-09 12:00,-9.1,12.56,83.81,675.28,0.1682,0
3158,2015-02-09 13:00,-9.4,12.88,75.15,675.18,0.0841,0
3159,2015-02-09 14:00,-8.8,11.28,61.14,675.78,0,0
3160,2015-02-09 15:00,-8.1,13.2,52.53,675.98,0,0
3161,2015-02-09 16:00,-9.6,14.08,57.82,675.78,0,0.99
3162,2015-02-09 17:00,-9.8,12.96,64.77,676.28,0,0
3163,2015-02-09 18:00,-10.1,13.12,62.11,676.48,0,0
3164,2015-02-09 19:00,-9.8,14.96,54.46,676.28,0,0
3165,2015-02-09 20:00,-8.3,15.68,48.82,676.88,0,0
3166,2015-02-09 21:00,-8.8,12.88,39.62,677.48,0,0
3167,2015-02-09 22:00,-8.7,11.2,34.85,677.18,0,0
3168,2015-02-09 23:00,-9.3,9.36,29.05,677.08,0,0
3169,2015-02-10 00:00,-9.8,3.92,25.3,677.28,0,0
3170,2015-02-10 01:00,-10.2,4.16,23.67,677.28,0,0
3171,2015-02-10 02:00,-7.1,6.24,26.35,677.48,0,0
3172,2015-02-10 03:00,-8,8.64,27.18,677.58,0,0
3173,2015-02-10 04:00,-8.6,13.2,29.14,677.58,0,0
3174,2015-02-10 05:00,-8.5,12.08,27.86,677.38,0,0
3175,2015-02-10 06:00,-8.9,4.32,26.62,677.78,0,0
3176,2015-02-10 07:00,-9,8.88,26.92,678.18,0,0.95
3177,2015-02-10 08:00,-8.7,6,27.69,678.38,0,0.42
3178,2015-02-10 09:00,-7,1.92,28.87,679.08,0,0
3179,2015-02-10 10:00,-6,0.64,29.26,679.58,0.3363,0
3180,2015-02-10 11:00,-5.6,0.56,29.78,679.68,0.6166,0
3181,2015-02-10 12:00,-5.8,1.36,26.41,679.78,0.7847,0
3182,2015-02-10 13:00,-5.1,5.36,27.3,679.88,0.2803,0
3183,2015-02-10 14:00,-5,4.24,26.24,679.98,2.9708,0
3184,2015-02-10 15:00,-5,4.48,22.41,680.08,0.1682,0
3185,2015-02-10 16:00,-5,5.44,22.35,680.18,0,1
3186,2015-02-10 17:00,-5.3,3.68,27.92,680.38,0,0
3187,2015-02-10 18:00,-5.7,4.88,32.5,680.48,0,0
3188,2015-02-10 19:00,-6.8,0.5,33.12,680.68,0,0
3189,2015-02-10 20:00,-6,1.12,33.99,680.78,0,0
3190,2015-02-10 21:00,-7.1,0.5,32.75,680.98,0,0
3191,2015-02-10 22:00,-7,0.5,37.45,680.68,0,0
3192,2015-02-10 23:00,-6.9,2.24,36.19,680.58,0,0
3193,2015-02-11 00:00,-7.3,0.5,35.12,680.58,0,0
3194,2015-02-11 01:00,-7.8,0.5,30.92,680.38,0,0
3195,2015-02-11 02:00,-7,3.6,31.75,679.98,0,0
3196,2015-02-11 03:00,-8.2,0.5,31.02,679.88,0,0
3197,2015-02-11 04:00,-7.7,1.44,33.1,679.78,0,0
3198,2015-02-11 05:00,-7.3,3.28,34.64,679.68,0,0
3199,2015-02-11 06:00,-7.8,4.08,33.79,679.68,0,0
3200,2015-02-11 07:00,-7.1,6.08,28.51,679.78,0,1
3201,2015-02-11 08:00,-6.8,2.64,23.05,679.78,0,0.39
3202,2015-02-11 09:00,-6.3,2.16,25.4,679.88,0,0
3203,2015-02-11 10:00,-5.8,1.28,24.88,679.88,0,0
3204,2015-02-11 11:00,-5.5,0.5,26.9,679.78,0.5045,0
3205,2015-02-11 12:00,-5.2,0.5,29.61,679.48,0.8408,0
3206,2015-02-11 13:00,-5.6,0.5,30.28,679.08,0.3363,0
3207,2015-02-11 14:00,-5.7,0.5,30,678.88,0.5045,0
3208,2015-02-11 15:00,-5.7,0.5,27.37,678.78,0,0
3209,2015-02-11 16:00,-6.5,0.5,29.86,678.58,0,1
3210,2015-02-11 17:00,-8,0.64,30.22,678.58,0,0
3211,2015-02-11 18:00,-9.1,0.88,30.92,678.58,0,0
3212,2015-02-11 19:00,-9,3.24,31.48,678.48,0,0
3213,2015-02-11 20:00,-8.7,3.98,30.65,678.48,0,0
3214,2015-02-11 21:00,-9.4,0.5,31.82,678.28,0,0
3215,2015-02-11 22:00,-8.6,0.5,31.95,678.18,0,0
3216,2015-02-11 23:00,-8.5,1.5,32.91,678.08,0,0
3217,2015-02-12 00:00,-9.6,0.5,35.23,677.78,0,0
3218,2015-02-12 01:00,-9.5,0.5,32.43,677.48,0,0
3219,2015-02-12 02:00,-9.6,2.48,34.71,677.18,0,0
3220,2015-02-12 03:00,-9.9,0.5,35.65,676.78,0,0
3221,2015-02-12 04:00,-10.3,0.5,37.15,676.58,0,0
3222,2015-02-12 05:00,-9.9,0.5,42.47,676.38,0,0
3223,2015-02-12 06:00,-10.2,0.5,48.82,676.48,0,0
3224,2015-02-12 07:00,-10.1,0.5,44.16,676.68,0,1
3225,2015-02-12 08:00,-8.2,1.26,41.94,676.78,0,0.36
3226,2015-02-12 09:00,-6.6,0.5,45.33,676.98,0,0
3227,2015-02-12 10:00,-6.1,0.64,40.32,677.08,0,0
3228,2015-02-12 11:00,-5.5,0.5,40.05,677.08,0,0
3229,2015-02-12 12:00,-6.4,0.5,43.28,676.78,0,0
3230,2015-02-12 13:00,-6.3,0.56,45.92,676.38,0,0
3231,2015-02-12 14:00,-6.6,0.88,41.49,676.18,0,0
3232,2015-02-12 15:00,-6.9,0.5,35.57,675.98,0,0
3233,2015-02-12 16:00,-8.2,0.5,42.2,675.88,0,1
3234,2015-02-12 17:00,-9.3,0.5,49.42,675.98,0,0
3235,2015-02-12 18:00,-10.1,1.28,53.01,676.18,0,0
3236,2015-02-12 19:00,-10.8,3.36,56.38,676.08,0,0
3237,2015-02-12 20:00,-11.1,4.48,55.98,676.08,0,0
3238,2015-02-12 21:00,-11.8,6.64,55.1,675.88,0,0
3239,2015-02-12 22:00,-11.4,5.6,58.13,675.68,0,0
3240,2015-02-12 23:00,-11,6.16,60.49,675.38,0,0
3241,2015-02-13 00:00,-11.4,7.28,61.21,675.08,0,0
3242,2015-02-13 01:00,-11.7,6.88,61.97,674.88,0,0
3243,2015-02-13 02:00,-12.1,5.68,61.67,674.58,0,0
3244,2015-02-13 03:00,-12.6,4.88,62.14,674.18,0,0
3245,2015-02-13 04:00,-10.8,4.24,62.79,673.98,0,0.14
3246,2015-02-13 05:00,-11.2,4.4,64.34,673.68,0,0.46
3247,2015-02-13 06:00,-11.3,3.6,69.94,673.58,0,0
3248,2015-02-13 07:00,-10.7,4.16,68.97,673.48,0,0.51
3249,2015-02-13 08:00,-10.5,2.72,57.15,673.38,0,0.51
3250,2015-02-13 09:00,-9.9,3.68,59.03,673.18,0,0.71
3251,2015-02-13 10:00,-9.2,3.12,60.75,672.98,0,0.22
3252,2015-02-13 11:00,-8.5,1.76,63.24,672.78,0,0.32
3253,2015-02-13 12:00,-8.4,2.16,62.57,672.28,0,0.31
3254,2015-02-13 13:00,-10,4.96,62.45,671.78,0,0.08
3255,2015-02-13 14:00,-10.6,5.04,64.35,671.38,0,0.14
3256,2015-02-13 15:00,-12,5.68,62.66,670.98,0,0.75
3257,2015-02-13 16:00,-12.6,4.08,69.23,670.68,0,0.93
3258,2015-02-13 17:00,-12.6,4.72,82.32,670.58,0,0.42
3259,2015-02-13 18:00,-12.7,5.6,94.03,670.38,0,0.78
3260,2015-02-13 19:00,-13.2,2.56,96.55,670.18,0,0.93
3261,2015-02-13 20:00,-13.2,2.08,97.67,669.98,0,0.96
3262,2015-02-13 21:00,-13.5,2.64,92.98,669.48,0,1
3263,2015-02-13 22:00,-13.6,2.64,95.08,669.18,0,1
3264,2015-02-13 23:00,-13.9,1.6,96.92,668.88,0,0.98
3265,2015-02-14 00:00,-14.1,5.44,97.67,668.48,0,0.97
3266,2015-02-14 01:00,-14.2,4.16,97.67,668.08,0.1682,1
3267,2015-02-14 02:00,-14.3,2.8,96.91,667.68,0.3363,1
3268,2015-02-14 03:00,-14.5,5.44,96.91,666.98,0.1682,1
3269,2015-02-14 04:00,-14.6,3.36,96.17,666.58,0,1
3270,2015-02-14 05:00,-14.9,2.8,96.17,666.38,0,1
3271,2015-02-14 06:00,-15,3.36,96.16,666.18,0,1
3272,2015-02-14 07:00,-15.2,2.8,95.85,666.08,0,0.8
3273,2015-02-14 08:00,-15.1,4.56,96.17,665.78,0.1682,0.99
3274,2015-02-14 09:00,-14.9,3.36,96.17,665.48,0,0.98
3275,2015-02-14 10:00,-15.1,0.5,96.54,665.38,0.1682,0.98
3276,2015-02-14 11:00,-14.5,0.5,96.17,665.18,0.1682,0.89
3277,2015-02-14 12:00,-14.6,0.5,94.03,664.98,0.3363,0.88
3278,2015-02-14 13:00,-14.3,0.5,91.97,664.68,0.1682,0.84
3279,2015-02-14 14:00,-14.4,0.5,88.98,664.58,0,0.96
3280,2015-02-14 15:00,-14.7,0.5,88.1,664.38,0,0.96
3281,2015-02-14 16:00,-15.1,0.5,88.7,664.18,0,0.94
3282,2015-02-14 17:00,-15.6,0.5,88.06,663.88,0,0.8
3283,2015-02-14 18:00,-15.6,0.5,88.66,663.68,0.1682,0.92
3284,2015-02-14 19:00,-15.7,0.5,88.66,663.88,0.3363,1
3285,2015-02-14 20:00,-16.1,0.5,89.29,663.78,0.5045,1
3286,2015-02-14 21:00,-16.5,0.8,89.29,663.48,0.8408,1
3287,2015-02-14 22:00,-16.8,1.6,89.29,663.48,0.3363,1
3288,2015-02-14 23:00,-16.6,6.72,90.26,662.98,0.1682,1
3289,2015-02-15 00:00,-16.8,4.16,88.96,662.38,0.3363,1
3290,2015-02-15 01:00,-17,1.28,88.96,662.08,0.5045,1
3291,2015-02-15 02:00,-16.7,0.8,88.96,661.78,0.8408,1
3292,2015-02-15 03:00,-17.3,5.44,88.96,661.68,0.8408,1
3293,2015-02-15 04:00,-17.4,0.5,90.2,661.58,0.5045,1
3294,2015-02-15 05:00,-17.4,0.5,89.22,661.78,0.6726,1
3295,2015-02-15 06:00,-17.4,0.5,89.52,661.48,0.6726,1
3296,2015-02-15 07:00,-17.3,0.5,90.18,661.68,0.5045,1
3297,2015-02-15 08:00,-17.2,2.8,88.59,661.98,0.3363,0.99
3298,2015-02-15 09:00,-16.4,0.5,88.38,662.28,1.009,0.94
3299,2015-02-15 10:00,-15.8,0.5,87.55,662.58,1.5134,0.67
3300,2015-02-15 11:00,-15.1,1.04,84.54,662.88,4.3721,0.65
3301,2015-02-15 12:00,-14.7,0.8,81.88,662.88,0.3363,0.89
3302,2015-02-15 13:00,-15.4,0.64,83.73,663.18,0.1682,0.97
3303,2015-02-15 14:00,-15.8,1.04,84.32,663.38,0,0.97
3304,2015-02-15 15:00,-16.5,1.28,77.74,663.68,0,0.97
3305,2015-02-15 16:00,-17.7,2.08,72.17,663.88,0,0.94
3306,2015-02-15 17:00,-18,2.08,76.85,664.28,0,0
3307,2015-02-15 18:00,-17.8,1.28,78.25,664.68,0.1682,0
3308,2015-02-15 19:00,-17.4,1.28,78.25,664.98,0,0
3309,2015-02-15 20:00,-17.7,2.08,80.26,665.58,0,0.9
3310,2015-02-15 21:00,-17,2.08,81.27,666.18,0,0.97
3311,2015-02-15 22:00,-17.1,0.5,83.74,666.18,0,1
3312,2015-02-15 23:00,-16.6,0.5,82.63,666.28,0.1682,1
3313,2015-02-16 00:00,-16.6,3.04,85.16,666.58,0.5045,1
3314,2015-02-16 01:00,-16.5,2.4,84.62,666.68,0,1
3315,2015-02-16 02:00,-16.5,2.8,84.62,666.98,0.3363,1
3316,2015-02-16 03:00,-16,3.36,87.3,667.58,0.1682,1
3317,2015-02-16 04:00,-15.7,3.36,86.08,667.68,0.1682,1
3318,2015-02-16 05:00,-16.1,4.16,87.64,668.08,0,1
3319,2015-02-16 06:00,-16.1,4.16,89.22,668.38,0,1
3320,2015-02-16 07:00,-14.6,1.28,86.72,668.88,0,0
3321,2015-02-16 08:00,-13.2,3.04,87.72,669.28,0,0.55
3322,2015-02-16 09:00,-12.3,2.8,89,669.48,0,0.72
3323,2015-02-16 10:00,-11.6,0.5,85.23,669.98,0,0.83
3324,2015-02-16 11:00,-12.2,0.5,88.16,670.48,0,0.89
3325,2015-02-16 12:00,-12.3,0.5,90.06,670.48,0,0.94
3326,2015-02-16 13:00,-12.8,0.5,90.08,670.38,0,0.97
3327,2015-02-16 14:00,-13,0.5,92.69,670.48,0,0.97
3328,2015-02-16 15:00,-13.5,0.5,91.68,670.18,0,0.85
3329,2015-02-16 16:00,-13.9,0.5,88.75,670.18,0,0.94
3330,2015-02-16 17:00,-13.9,0.64,91.65,670.58,0,0.62
3331,2015-02-16 18:00,-13.2,0.8,90.66,670.78,0,0.56
3332,2015-02-16 19:00,-13.1,1.2,91.64,671.28,0,0.8
3333,2015-02-16 20:00,-12.8,3.44,94.04,671.58,0,0.92
3334,2015-02-16 21:00,-13.6,1.44,90.02,671.68,0,1
3335,2015-02-16 22:00,-12.9,2.16,91.64,671.88,0.1682,1
3336,2015-02-16 23:00,-12.7,2.24,88.16,672.38,0,1
3337,2015-02-17 00:00,-12.8,1.92,89.08,672.78,0,1
3338,2015-02-17 01:00,-12.7,4.16,89.06,673.08,0.1682,1
3339,2015-02-17 02:00,-12.6,2.88,90,673.48,0,1
3340,2015-02-17 03:00,-12.8,2.24,89.05,673.48,0,1
3341,2015-02-17 04:00,-12.9,1.84,89.05,673.98,0.1682,1
3342,2015-02-17 05:00,-12.8,1.6,88.14,674.38,0,1
3343,2015-02-17 06:00,-12.9,0.5,88.76,674.88,0,1
3344,2015-02-17 07:00,-13,0.5,86.06,675.48,0,0.92
3345,2015-02-17 08:00,-10.7,0.5,87.15,676.08,0,0.43
3346,2015-02-17 09:00,-9.4,0.5,83.57,676.68,0,0.74
3347,2015-02-17 10:00,-9.5,0.5,84.82,677.18,0,0.86
3348,2015-02-17 11:00,-9.2,0.5,80.9,677.68,0.8408,0.93
3349,2015-02-17 12:00,-8.9,0.5,77.25,677.78,1.009,0.97
3350,2015-02-17 13:00,-8.9,2.8,67.76,677.88,1.4294,0.97
3351,2015-02-17 14:00,-7.9,4.16,61.75,677.88,1.009,0.97
3352,2015-02-17 15:00,-7.9,5.44,57.86,678.08,0,0.96
3353,2015-02-17 16:00,-8.3,4.16,61.32,678.18,0,0.84
3354,2015-02-17 17:00,-9.7,2.8,68.65,678.48,0,0
3355,2015-02-17 18:00,-12.9,2.8,70.03,678.88,0,0
3356,2015-02-17 19:00,-14.3,2.8,63.44,679.08,0,0
3357,2015-02-17 20:00,-14.5,0.5,65.93,679.18,0,0
3358,2015-02-17 21:00,-14.8,0.5,67.86,679.28,0,0
3359,2015-02-17 22:00,-14,0.5,69.48,679.28,0,0
3360,2015-02-17 23:00,-14.2,0.5,72.15,679.28,0,0
3361,2015-02-18 00:00,-14.2,1.28,78.63,679.28,0,0
3362,2015-02-18 01:00,-14.2,1.92,82.29,679.28,0,0
3363,2015-02-18 02:00,-14,3.44,79.2,679.28,0,0
3364,2015-02-18 03:00,-14,0.72,60.93,679.18,0,0
3365,2015-02-18 04:00,-13.9,0.5,46.76,679.08,0,0
3366,2015-02-18 05:00,-14.5,0.64,44.39,679.18,0,0
3367,2015-02-18 06:00,-14.2,1.68,42.76,679.38,0,0
3368,2015-02-18 07:00,-13,0.56,36.13,679.88,0,0.37
3369,2015-02-18 08:00,-12.9,1.44,36.93,680.28,0,0
3370,2015-02-18 09:00,-12,1.04,33.9,680.48,0,0.6
3371,2015-02-18 10:00,-11.1,1.04,28.31,680.88,0.4204,0.98
3372,2015-02-18 11:00,-11.1,0.72,24.8,680.98,0.7567,0.98
3373,2015-02-18 12:00,-10,0.8,25.26,681.08,1.093,0.98
3374,2015-02-18 13:00,-9.5,0.5,30.75,681.18,0.5886,0.75
3375,2015-02-18 14:00,-9.3,0.5,30.2,681.28,0,0.97
3376,2015-02-18 15:00,-9.8,0.5,27.88,681.68,0,0.97
3377,2015-02-18 16:00,-9,2.8,21.15,681.78,0,0.95
3378,2015-02-18 17:00,-9,2.96,21.01,682.08,0,0
3379,2015-02-18 18:00,-9.2,2.08,18.11,682.38,0,0
3380,2015-02-18 19:00,-8.8,0.5,17.41,682.58,0,0
3381,2015-02-18 20:00,-8.9,0.5,14.39,682.68,0,0
3382,2015-02-18 21:00,-8.6,1.04,12.41,682.88,0,0
3383,2015-02-18 22:00,-10.1,0.5,12.7,682.88,0,0
3384,2015-02-18 23:00,-10.3,0.5,11.53,682.68,0,0
3385,2015-02-19 00:00,-10.7,0.5,12.86,682.68,0,0
3386,2015-02-19 01:00,-11.2,2.08,13.21,682.68,0,0
3387,2015-02-19 02:00,-10.1,1.28,12.26,682.48,0,0
3388,2015-02-19 03:00,-10.1,1.28,12.16,682.08,0,0
3389,2015-02-19 04:00,-10.4,2.08,12.55,681.98,0,0
3390,2015-02-19 05:00,-10.3,2.08,11.49,681.78,0,0
3391,2015-02-19 06:00,-8.6,2.8,10.67,681.58,0,0
3392,2015-02-19 07:00,-7.4,2.8,10.37,681.68,0,1
3393,2015-02-19 08:00,-6,0.5,9.42,681.68,0,0.1
3394,2015-02-19 09:00,-5,0.8,10.01,681.78,0.0841,0
3395,2015-02-19 10:00,-4.6,0.5,10.96,681.78,0.2522,0
3396,2015-02-19 11:00,-4.6,0.5,9.69,681.58,0.2522,0
3397,2015-02-19 12:00,-5.1,0.5,11.58,681.18,1.093,0
3398,2015-02-19 13:00,-5.1,0.5,14.04,680.88,0.5045,0
3399,2015-02-19 14:00,-5.7,0.5,15.08,680.48,0,0
3400,2015-02-19 15:00,-5.6,0.96,12.78,680.38,0,0
3401,2015-02-19 16:00,-6.4,0.5,14.34,679.98,0,0.95
3402,2015-02-19 17:00,-8.1,0.5,18.23,679.88,0,0
3403,2015-02-19 18:00,-9.1,0.5,19.04,679.88,0,0
3404,2015-02-19 19:00,-9,0.5,18.87,679.68,0,0
3405,2015-02-19 20:00,-8.9,3.44,18.98,679.38,0,0
3406,2015-02-19 21:00,-9.5,5.84,20.3,678.98,0,0
3407,2015-02-19 22:00,-10,5.84,20.58,678.68,0,0
3408,2015-02-19 23:00,-9.8,4.56,20.85,678.18,0,0
3409,2015-02-20 00:00,-10.1,4.08,21.49,677.88,0,0
3410,2015-02-20 01:00,-10.1,3.76,22.02,677.48,0,0
3411,2015-02-20 02:00,-10.3,3.44,22.87,677.08,0,0
3412,2015-02-20 03:00,-10.8,2.24,23.12,676.38,0,0
3413,2015-02-20 04:00,-11.1,2.8,22.2,675.98,0,0
3414,2015-02-20 05:00,-11.2,3.2,22.81,675.58,0,0
3415,2015-02-20 06:00,-11.1,4.8,20.98,675.18,0,0
3416,2015-02-20 07:00,-10.7,4.24,13.53,675.18,0,1
3417,2015-02-20 08:00,-9.8,3.04,12.19,675.18,0,0.05
3418,2015-02-20 09:00,-9.3,2.64,12.12,674.88,0,0
3419,2015-02-20 10:00,-9,4.48,14.01,674.58,0,0
3420,2015-02-20 11:00,-8.8,6.08,14.78,674.08,0,0
3421,2015-02-20 12:00,-9.1,5.12,14.28,673.38,0,0
3422,2015-02-20 13:00,-9.6,7.2,15.16,672.78,0,0
3423,2015-02-20 14:00,-10.3,7.52,16.35,671.78,0,0
3424,2015-02-20 15:00,-10.7,9.12,15.95,671.28,0,0
3425,2015-02-20 16:00,-11.4,11.6,18.13,670.78,0,0.95
3426,2015-02-20 17:00,-12.4,10.72,24.27,669.88,0,0
3427,2015-02-20 18:00,-13.4,12,23.29,669.68,0,0
3428,2015-02-20 19:00,-13.5,13.04,21.61,668.98,0,0
3429,2015-02-20 20:00,-14,10.48,20.7,668.48,0,0
3430,2015-02-20 21:00,-13.2,12.32,22.16,668.08,0,0
3431,2015-02-20 22:00,-13.5,7.28,27.21,667.08,0,0
3432,2015-02-20 23:00,-14.7,8.72,30.67,665.98,0,0
3433,2015-02-21 00:00,-15,6.4,38.25,665.38,0,0
3434,2015-02-21 01:00,-15.9,6.4,41.66,664.48,0,0
3435,2015-02-21 02:00,-16.3,2.96,43.25,663.48,0,0
3436,2015-02-21 03:00,-16.2,6.16,49.67,662.68,0,0
3437,2015-02-21 04:00,-15.5,6.56,58.5,662.18,0,0.42
3438,2015-02-21 05:00,-15.8,5.28,74.15,661.08,0,0.74
3439,2015-02-21 06:00,-15.7,6.64,87.89,660.88,0,0.88
3440,2015-02-21 07:00,-16,9.36,91.86,660.68,0,1
3441,2015-02-21 08:00,-15.9,10.32,96.51,660.58,0,0.99
3442,2015-02-21 09:00,-15.8,13.68,98.42,660.68,0.6726,0.98
3443,2015-02-21 10:00,-15.9,12.48,95.04,660.28,0.6726,0.98
3444,2015-02-21 11:00,-15.8,15.92,74.92,659.88,0.6726,0.98
3445,2015-02-21 12:00,-15.8,15.67,96.35,658.98,0,0.98
3446,2015-02-21 13:00,-15.7,12.96,93.59,658.38,0,0.98
3447,2015-02-21 14:00,-15.5,13.28,66.25,657.28,0,0.98
3448,2015-02-21 15:00,-15.5,7.52,96.02,657.08,0,0.97
3449,2015-02-21 16:00,-16.3,15.67,96.42,657.18,0,0.95
3450,2015-02-21 17:00,-16.3,10.56,96.15,656.38,0,1
3451,2015-02-21 18:00,-16.4,9.76,96.14,656.48,0,1
3452,2015-02-21 19:00,-16.4,4.16,96.15,655.88,0.1682,1
3453,2015-02-21 20:00,-15.8,4.16,95.03,656.18,0,1
3454,2015-02-21 21:00,-15.6,4.16,95.04,656.58,0.1682,1
3455,2015-02-21 22:00,-16.4,2.8,95.04,657.08,0.1682,1
3456,2015-02-21 23:00,-16.7,2.8,95.06,656.78,0.1682,1
3457,2015-02-22 00:00,-17,4.16,93.99,656.68,0.1682,1
3458,2015-02-22 01:00,-17,2.8,93.98,656.48,0.6726,1
3459,2015-02-22 02:00,-17.2,2.8,93.97,656.38,0.5045,1
3460,2015-02-22 03:00,-17.4,2.08,94.96,656.08,1.009,1
3461,2015-02-22 04:00,-17.3,2.08,94.94,656.28,0,1
3462,2015-02-22 05:00,-17.1,2.8,94.92,656.88,0,1
3463,2015-02-22 06:00,-17.4,4.16,94.92,657.08,0,1
3464,2015-02-22 07:00,-16.1,9.36,94.54,657.88,0,0.15
3465,2015-02-22 08:00,-12.7,9.76,94.14,658.58,0,0
3466,2015-02-22 09:00,-11.4,9.36,93.7,659.28,0,0.5
3467,2015-02-22 10:00,-10.9,5.44,88.91,660.08,0.1682,0.67
3468,2015-02-22 11:00,-11.1,0.5,90.94,660.68,0.5045,0.75
3469,2015-02-22 12:00,-10.9,2.08,84.88,661.18,1.6816,0.79
3470,2015-02-22 13:00,-9.8,2.8,71.8,661.48,0.1682,0.8
3471,2015-02-22 14:00,-11.6,2.08,73.36,661.78,0.1682,0.8
3472,2015-02-22 15:00,-11.9,4.16,65.25,662.08,0,0.72
3473,2015-02-22 16:00,-12.1,5.44,63.3,662.48,0,0.37
3474,2015-02-22 17:00,-13.4,4.16,69.97,663.08,0,0
3475,2015-02-22 18:00,-14.7,4.16,68.77,663.48,0,0
3476,2015-02-22 19:00,-14.2,2.08,65.51,663.98,0,0
3477,2015-02-22 20:00,-13,1.28,61.61,664.28,0,0
3478,2015-02-22 21:00,-11.3,9.76,53.8,664.58,0,0
3479,2015-02-22 22:00,-10.5,10.32,34.31,665.18,0,0
3480,2015-02-22 23:00,-8.6,13.2,19.68,665.28,0,0
3481,2015-02-23 00:00,-8,12.24,17.04,665.88,0,0
3482,2015-02-23 01:00,-7.3,12.16,13.4,666.18,0,0
3483,2015-02-23 02:00,-7.5,12.48,13.33,665.98,0,0
3484,2015-02-23 03:00,-6.7,4.32,13.76,666.28,0,0
3485,2015-02-23 04:00,-5.6,10,11.97,666.28,0,0
3486,2015-02-23 05:00,-6.5,6.56,14.19,666.38,0,0
3487,2015-02-23 06:00,-7.5,4.24,14.91,666.38,0,0
3488,2015-02-23 07:00,-7.1,3.28,21,666.58,0,0.53
3489,2015-02-23 08:00,-6.5,2.48,45.45,666.68,0,0.72
3490,2015-02-23 09:00,-6,0.5,64.67,666.48,0,0.77
3491,2015-02-23 10:00,-6.3,0.5,90.41,666.18,0,0.87
3492,2015-02-23 11:00,-6.9,0.88,92.48,665.78,0,0.6
3493,2015-02-23 12:00,-7.2,0.5,85.12,665.08,0,0.7
3494,2015-02-23 13:00,-7.2,0.5,88.48,664.68,0,0.58
3495,2015-02-23 14:00,-7.8,0.72,85.5,664.18,0,0.81
3496,2015-02-23 15:00,-8.3,1.52,81.56,663.88,0,0.81
3497,2015-02-23 16:00,-9.5,0.64,85.21,663.28,0,0.36
3498,2015-02-23 17:00,-10.7,0.5,90.2,663.18,0,0.97
3499,2015-02-23 18:00,-11.9,0.96,89.19,663.08,0,0.91
3500,2015-02-23 19:00,-12.6,0.5,94.42,662.68,0,0.74
3501,2015-02-23 20:00,-12.9,0.5,93.44,662.58,0,0
3502,2015-02-23 21:00,-13.1,0.56,91.07,662.28,0,0
3503,2015-02-23 22:00,-13.1,0.5,92.03,662.08,0.1682,0.35
3504,2015-02-23 23:00,-13.5,0.5,93.04,661.58,0,0.93
3505,2015-02-24 00:00,-14.8,0.5,98.82,660.98,0,1
3506,2015-02-24 01:00,-14.9,0.72,98.05,660.78,0,1
3507,2015-02-24 02:00,-15,0.5,95.08,660.28,0,1
3508,2015-02-24 03:00,-15.5,0.5,94.67,659.88,0,1
3509,2015-02-24 04:00,-15.7,0.5,96.88,659.38,0,1
3510,2015-02-24 05:00,-16.4,0.56,97.64,658.98,0,1
3511,2015-02-24 06:00,-16.9,1.76,97.63,658.68,0,1
3512,2015-02-24 07:00,-17.9,4.24,96.46,658.48,0,1
3513,2015-02-24 08:00,-18.3,1.04,95.67,658.48,0,0.99
3514,2015-02-24 09:00,-16.9,0.5,95.67,658.48,0,0.98
3515,2015-02-24 10:00,-17.2,1.04,94.77,658.58,0,0.98
3516,2015-02-24 11:00,-17,0.96,94.92,658.48,0,0.96
3517,2015-02-24 12:00,-18.1,1.92,94.91,658.28,0,0.94
3518,2015-02-24 13:00,-18.6,1.52,94.87,658.28,0,0.82
3519,2015-02-24 14:00,-19.4,4,94.48,658.58,0,0.82
3520,2015-02-24 15:00,-19.9,5.2,94.47,658.48,0,0.87
3521,2015-02-24 16:00,-20.3,5.6,94.09,659.08,0,0.9
3522,2015-02-24 17:00,-20.9,7.12,94.09,659.08,0,1
3523,2015-02-24 18:00,-21.9,11.92,94.08,659.88,0,1
3524,2015-02-24 19:00,-22,13.04,94.07,659.88,0,1
3525,2015-02-24 20:00,-21.6,14.32,94.07,660.28,0,0.95
3526,2015-02-24 21:00,-21,15.36,93.7,661.28,0,0.93
3527,2015-02-24 22:00,-20.6,15.04,93.73,661.48,0,0.91
3528,2015-02-24 23:00,-20.2,14.32,93.01,661.88,0,0.93
3529,2015-02-25 00:00,-19.3,13.92,93.74,662.38,0,0.89
3530,2015-02-25 01:00,-18,8,93.73,663.38,0,0.87
3531,2015-02-25 02:00,-17.7,6.56,93.73,663.48,0,0.8
3532,2015-02-25 03:00,-18.4,4,93.73,663.58,0,0.76
3533,2015-02-25 04:00,-19.6,2.8,93.73,663.58,0,0.83
3534,2015-02-25 05:00,-19.6,6.4,93.77,663.88,0,0
3535,2015-02-25 06:00,-19.9,4,91.93,664.08,0,0
3536,2015-02-25 07:00,-19.4,2.72,93.75,664.28,0,1
3537,2015-02-25 08:00,-17.1,0.72,68,664.78,0,0.11
3538,2015-02-25 09:00,-16.3,3.44,57.29,664.88,0,0
3539,2015-02-25 10:00,-16,2.48,52.36,665.18,0,0
3540,2015-02-25 11:00,-17.7,13.36,45.97,664.48,0,0
3541,2015-02-25 12:00,-18.1,15.04,43.1,664.58,0,0
3542,2015-02-25 13:00,-18.4,13.2,41.51,664.38,0,0
3543,2015-02-25 14:00,-18.1,14.48,37.09,664.68,0,0
3544,2015-02-25 15:00,-17.3,13.04,33.46,664.88,0,0
3545,2015-02-25 16:00,-17.2,13.76,34.66,664.98,0,0.96
3546,2015-02-25 17:00,-17.2,12.56,38.85,665.38,0,0
3547,2015-02-25 18:00,-17.4,13.76,38.97,665.58,0,0
3548,2015-02-25 19:00,-17.6,11.2,38.65,665.68,0,0
3549,2015-02-25 20:00,-17.8,7.84,37.35,666.28,0,0
3550,2015-02-25 21:00,-17.7,10.96,35.2,666.48,0,0
3551,2015-02-25 22:00,-17.9,10.8,35.63,666.68,0,0
3552,2015-02-25 23:00,-18,8.24,36.84,666.98,0,0
3553,2015-02-26 00:00,-18.1,8.48,37.09,667.18,0,0
3554,2015-02-26 01:00,-18.2,7.44,38.7,667.18,0,0
3555,2015-02-26 02:00,-18.4,7.04,40.11,666.98,0,0
3556,2015-02-26 03:00,-18.3,7.36,39.76,666.88,0,0
3557,2015-02-26 04:00,-18.3,8.32,39.96,666.98,0,0
3558,2015-02-26 05:00,-18.2,8,39.29,667.18,0,0
3559,2015-02-26 06:00,-17.9,8.56,38.61,667.18,0,0
3560,2015-02-26 07:00,-17.1,10.56,33.33,667.68,0,1
3561,2015-02-26 08:00,-16.2,12.08,34.8,667.78,0,0
3562,2015-02-26 09:00,-15.2,14,36.4,667.98,0,0
3563,2015-02-26 10:00,-14.5,14.4,38.08,668.18,0,0
3564,2015-02-26 11:00,-13.6,15.2,41.48,668.18,0,0
3565,2015-02-26 12:00,-13.3,15.92,41.46,667.88,0,0
3566,2015-02-26 13:00,-13.1,16.8,41.28,667.88,0,0
3567,2015-02-26 14:00,-13,16.16,44.69,667.78,0,0
3568,2015-02-26 15:00,-13.3,15.84,35.67,667.68,0,0
3569,2015-02-26 16:00,-13.1,15.04,27.51,667.48,0,0.91
3570,2015-02-26 17:00,-12.8,17.84,24.07,667.48,0,0
3571,2015-02-26 18:00,-12.6,16.16,21.46,667.58,0,0
3572,2015-02-26 19:00,-12.4,16.56,26.31,667.58,0,0
3573,2015-02-26 20:00,-12.3,14.96,36.84,667.38,0,0
3574,2015-02-26 21:00,-12.3,17.68,53.31,667.38,0,0.71
3575,2015-02-26 22:00,-11.8,16.24,78.17,667.18,0,0.93
3576,2015-02-26 23:00,-11.4,11.6,93.94,667.08,0,0.99
3577,2015-02-27 00:00,-11.2,11.76,97.66,666.98,0,1
3578,2015-02-27 01:00,-11.5,9.44,97.66,666.68,0,1
3579,2015-02-27 02:00,-11.3,10.88,96.91,666.38,0,1
3580,2015-02-27 03:00,-11.2,9.76,96.91,666.08,0,1
3581,2015-02-27 04:00,-11.1,7.68,96.92,665.88,0,1
3582,2015-02-27 05:00,-11.3,4.24,96.92,665.78,0,1
3583,2015-02-27 06:00,-11.9,7.04,96.92,665.68,0,1
3584,2015-02-27 07:00,-11.9,8,96.92,665.98,0,1
3585,2015-02-27 08:00,-11.2,4.48,92.6,666.08,0,0.94
3586,2015-02-27 09:00,-10.9,2.8,91.16,665.78,0,0.91
3587,2015-02-27 10:00,-10.2,1.2,96.56,665.88,0,0.72
3588,2015-02-27 11:00,-9.4,1.84,96.56,665.98,0,0.49
3589,2015-02-27 12:00,-10.6,2.48,96.55,666.18,0,0
3590,2015-02-27 13:00,-11.1,4.48,95.44,666.08,0,0.22
3591,2015-02-27 14:00,-11.4,6.88,95.07,665.98,0,0.56
3592,2015-02-27 15:00,-11.1,2.88,95.06,666.48,0,0.54
3593,2015-02-27 16:00,-11,0.56,95.06,666.98,0,0.86
3594,2015-02-27 17:00,-11.2,0.8,94.68,667.48,0,1
3595,2015-02-27 18:00,-11.6,1.28,93.94,667.88,0,1
3596,2015-02-27 19:00,-11.8,0.72,93.93,668.08,0,1
3597,2015-02-27 20:00,-12.4,0.5,93.92,668.08,0,1
3598,2015-02-27 21:00,-12.6,2.8,93.89,668.18,0,1
3599,2015-02-27 22:00,-13,0.5,93.96,668.08,0,1
3600,2015-02-27 23:00,-13,0.5,94.69,667.98,0,1
3601,2015-02-28 00:00,-12.8,0.5,94.35,667.98,0,1
3602,2015-02-28 01:00,-12.8,0.5,94.36,667.58,0,1
3603,2015-02-28 02:00,-13.1,0.5,94.7,667.28,0,1
3604,2015-02-28 03:00,-13.5,0.5,94.71,666.98,0,1
3605,2015-02-28 04:00,-13.6,0.5,94.7,666.98,0,1
3606,2015-02-28 05:00,-13.8,0.5,94.35,667.08,0.1682,1
3607,2015-02-28 06:00,-14,0.5,94.71,667.18,0.1682,1
3608,2015-02-28 07:00,-14.2,0.5,94.71,667.38,0,1
3609,2015-02-28 08:00,-14,0.5,94.36,667.68,0.3363,0.47
3610,2015-02-28 09:00,-13.3,0.5,94.73,667.98,0.3363,0.64
3611,2015-02-28 10:00,-10.3,0.5,95.14,668.28,0,0.78
3612,2015-02-28 11:00,-11.3,0.5,95.52,668.48,0,0.88
3613,2015-02-28 12:00,-12.1,0.5,96.61,668.58,0,0.95
3614,2015-02-28 13:00,-14.2,0.98,96.62,668.58,0,0.98
3615,2015-02-28 14:00,-13.3,1.2,96.61,668.68,0,0.97
3616,2015-02-28 15:00,-12.1,1.16,96.62,669.08,0,0
3617,2015-02-28 16:00,-9.6,11.36,86.54,668.98,0,0
3618,2015-02-28 17:00,-9.4,12.24,72.57,669.68,0,0
3619,2015-02-28 18:00,-9.9,12.56,46.78,670.08,0,0
3620,2015-02-28 19:00,-10.1,11.28,25.88,670.78,0,0
3621,2015-02-28 20:00,-9.6,12.8,20.94,671.08,0,0
3622,2015-02-28 21:00,-9.3,13.12,26.86,671.28,0,0
3623,2015-02-28 22:00,-9.9,10.4,27,671.18,0,0
3624,2015-02-28 23:00,-10.2,5.28,32.15,671.18,0,0
3625,2015-03-01 00:00,-7.7,7.6,38.52,671.68,0,0
3626,2015-03-01 01:00,-9.4,3.28,42.03,671.48,0,0
3627,2015-03-01 02:00,-9.8,1.04,44.58,671.18,0,0.34
3628,2015-03-01 03:00,-10.1,6,53.07,670.78,0,0.57
3629,2015-03-01 04:00,-7.4,2.32,76.16,670.98,0,0.56
3630,2015-03-01 05:00,-9.3,1.68,91.7,670.28,0,0.89
3631,2015-03-01 06:00,-9.1,0.5,93.07,669.98,0,1
3632,2015-03-01 07:00,-8.6,3.36,94.15,670.38,0,1
3633,2015-03-01 08:00,-7.6,2.88,92.49,671.18,0,0
3634,2015-03-01 09:00,-7.1,1.84,89.6,671.48,0.1682,0
3635,2015-03-01 10:00,-7,1.76,77.74,672.28,0,0.11
3636,2015-03-01 11:00,-6.5,1.28,72.76,672.58,0,0.56
3637,2015-03-01 12:00,-6.8,0.56,78.66,672.58,0,0.65
3638,2015-03-01 13:00,-7.4,0.56,81.79,672.28,0,0.61
3639,2015-03-01 14:00,-7.9,1.92,88.12,672.18,0,0.92
3640,2015-03-01 15:00,-7.8,0.72,89.95,672.08,0,0.96
3641,2015-03-01 16:00,-8.4,1.84,80.36,672.08,0,0.95
3642,2015-03-01 17:00,-9.2,0.96,80.03,672.08,0,0.97
3643,2015-03-01 18:00,-9.5,2.24,86.43,672.38,0,0.86
3644,2015-03-01 19:00,-9.2,0.56,91.48,672.18,0,0.96
3645,2015-03-01 20:00,-9.8,0.5,91.44,671.98,0,1
3646,2015-03-01 21:00,-9.3,0.5,91.44,671.88,0,1
3647,2015-03-01 22:00,-8.7,1.2,94.13,671.78,0,1
3648,2015-03-01 23:00,-7.9,1.28,95.18,671.28,0,1
3649,2015-03-02 00:00,-8.1,1.44,97.35,670.98,0,1
3650,2015-03-02 01:00,-8.2,1.36,94.48,670.58,0,1
3651,2015-03-02 02:00,-8.3,2.24,96.63,670.18,0.1682,1
3652,2015-03-02 03:00,-8.5,1.2,93.14,669.78,0.5045,1
3653,2015-03-02 04:00,-8.8,1.12,93.15,668.98,1.1771,1
3654,2015-03-02 05:00,-8.7,1.76,94.17,668.98,1.6816,1
3655,2015-03-02 06:00,-8.6,2.32,94.51,668.38,0.8408,1
3656,2015-03-02 07:00,-8.5,1.76,94.17,667.98,0.8408,1
3657,2015-03-02 08:00,-8.6,1.76,94.87,668.28,0.5045,0.98
3658,2015-03-02 09:00,-8.5,2.24,97,668.68,1.1771,0.95
3659,2015-03-02 10:00,-9.3,0.96,98.11,668.08,0.6726,0.93
3660,2015-03-02 11:00,-10.4,1.84,94.83,667.88,0,0.92
3661,2015-03-02 12:00,-11.1,2.16,91.7,667.08,0,0.76
3662,2015-03-02 13:00,-11.5,1.68,92.91,666.58,0.1682,0.72
3663,2015-03-02 14:00,-12.3,1.84,91.58,666.18,0,0.76
3664,2015-03-02 15:00,-13.2,1.04,90.63,666.38,0.5045,0.75
3665,2015-03-02 16:00,-14.1,1.36,91.55,666.58,0,0.71
3666,2015-03-02 17:00,-15.4,2.24,88.56,666.38,0,0.9
3667,2015-03-02 18:00,-15.7,1.52,89.17,666.48,0,1
3668,2015-03-02 19:00,-15.7,1.2,93.95,667.18,0.3363,1
3669,2015-03-02 20:00,-16,2.08,93.92,667.68,0.1682,1
3670,2015-03-02 21:00,-16.7,1.84,93.17,667.38,0,1
3671,2015-03-02 22:00,-17.4,1.76,92.4,667.68,0,1
3672,2015-03-02 23:00,-17.5,1.84,85.11,668.08,0,0.98
3673,2015-03-03 00:00,-17.7,2.4,69.76,668.38,0,0.48
3674,2015-03-03 01:00,-17.5,2.24,70.5,668.48,0,0
3675,2015-03-03 02:00,-17.1,1.2,55.51,669.08,0,0
3676,2015-03-03 03:00,-16.5,2.64,50.87,669.48,0,0
3677,2015-03-03 04:00,-16,0.64,52.1,670.28,0,0
3678,2015-03-03 05:00,-15.6,1.12,50.34,670.08,0,0
3679,2015-03-03 06:00,-15.1,0.64,45.23,670.58,0,0
3680,2015-03-03 07:00,-12.7,0.64,46.85,671.48,0,0.66
3681,2015-03-03 08:00,-11.2,0.5,61.38,672.68,0,0.73
3682,2015-03-03 09:00,-10.2,0.56,68.16,673.08,0,0.85
3683,2015-03-03 10:00,-9.8,0.5,71.52,673.38,0,0.88
3684,2015-03-03 11:00,-9.1,0.5,67.09,673.78,0,0.89
3685,2015-03-03 12:00,-8.4,0.5,71.35,673.58,1.5134,0.81
3686,2015-03-03 13:00,-8,0.5,73.25,673.28,0.2522,0.7
3687,2015-03-03 14:00,-8.7,0.5,74.9,673.48,0,0.79
3688,2015-03-03 15:00,-9.2,1.6,72.4,673.08,0,0.85
3689,2015-03-03 16:00,-10.1,2.48,73.32,673.28,0,0.95
3690,2015-03-03 17:00,-10.4,1.04,79.07,673.08,0,0.91
3691,2015-03-03 18:00,-10.6,2.16,84.23,673.48,0,0.92
3692,2015-03-03 19:00,-10.7,1.76,84.21,673.78,0,0.91
3693,2015-03-03 20:00,-10.8,0.8,87.07,673.68,0,0.83
3694,2015-03-03 21:00,-11,0.5,87.65,673.78,0,0.84
3695,2015-03-03 22:00,-11.2,1.12,91.71,673.58,0.1682,0.8
3696,2015-03-03 23:00,-11.4,0.5,100,672.98,0,0.86
3697,2015-03-04 00:00,-11.9,0.5,97.69,672.78,0.1682,0.91
3698,2015-03-04 01:00,-12.4,0.5,91.98,672.88,0,1
3699,2015-03-04 02:00,-13,0.5,86.58,672.18,0,1
3700,2015-03-04 03:00,-13.5,0.96,87.15,671.78,0.1682,1
3701,2015-03-04 04:00,-13.9,0.64,87.13,671.88,0,1
3702,2015-03-04 05:00,-14.3,0.88,88.99,671.58,0,1
3703,2015-03-04 06:00,-14.7,0.64,86.51,671.28,0,1
3704,2015-03-04 07:00,-14.5,0.64,86.21,671.18,0,0.99
3705,2015-03-04 08:00,-13.6,0.5,85.23,671.18,0,0.98
3706,2015-03-04 09:00,-12.2,2.66,80.18,671.08,0,0.92
3707,2015-03-04 10:00,-10.6,0.5,83.7,670.78,0.1682,0.87
3708,2015-03-04 11:00,-9.8,0.56,88.03,670.38,0,0.98
3709,2015-03-04 12:00,-9.9,0.56,93.92,669.98,0,0.98
3710,2015-03-04 13:00,-10.7,0.5,94.26,669.18,0,0.97
3711,2015-03-04 14:00,-10.7,0.5,94.2,668.68,0,0.97
3712,2015-03-04 15:00,-11.5,0.96,93.47,668.38,0,0.9
3713,2015-03-04 16:00,-15.6,5.12,93.45,667.78,0,0.95
3714,2015-03-04 17:00,-17.9,0.64,93.42,667.78,0,1
3715,2015-03-04 18:00,-19.5,1.68,92.99,667.78,0,1
3716,2015-03-04 19:00,-19.3,1.76,92.99,667.48,0,1
3717,2015-03-04 20:00,-19.7,6.4,92.58,667.18,0,0.72
3718,2015-03-04 21:00,-21.5,2.16,92.58,667.28,0,0.96
3719,2015-03-04 22:00,-22.1,4.72,92.58,667.48,0,0.99
3720,2015-03-04 23:00,-21.2,0.5,92.18,667.68,0,1
3721,2015-03-05 00:00,-20.8,1.44,92.18,667.68,0,1
3722,2015-03-05 01:00,-20.3,6,92.15,667.68,0,0.99
3723,2015-03-05 02:00,-19.5,7.2,91.79,667.58,0,1
3724,2015-03-05 03:00,-19.6,7.84,92.15,667.58,0,1
3725,2015-03-05 04:00,-19.9,8.64,91.79,666.88,0,1
3726,2015-03-05 05:00,-21,10.48,92.15,665.68,0,0.98
3727,2015-03-05 06:00,-20.4,4.72,91.79,664.78,0,0.96
3728,2015-03-05 07:00,-17.7,14.48,91.08,665.58,0,0.6
3729,2015-03-05 08:00,-15.9,20.64,88.51,665.98,0,0
3730,2015-03-05 09:00,-17.4,27.52,68.11,666.88,0,0
3731,2015-03-05 10:00,-16.9,25.2,61.72,667.28,0,0
3732,2015-03-05 11:00,-16.3,27.6,55.27,668.28,0,0
3733,2015-03-05 12:00,-13.2,27.52,49.95,668.98,0,0
3734,2015-03-05 13:00,-12.9,28.08,54.2,670.18,0,0
3735,2015-03-05 14:00,-12.6,25.6,45.47,669.68,0,0
3736,2015-03-05 15:00,-13.1,24.88,48.96,668.98,0,0
3737,2015-03-05 16:00,-13.5,27.68,49.88,669.78,0,0.75
3738,2015-03-05 17:00,-13.2,30.08,54.93,669.78,0,1
3739,2015-03-05 18:00,-13.2,32,57.19,670.98,0,0
3740,2015-03-05 19:00,-12.9,28.16,59.25,669.48,0,0
3741,2015-03-05 20:00,-13.1,28.64,62.24,670.58,0,0
3742,2015-03-05 21:00,-12.1,28.16,59.58,671.88,0,0
3743,2015-03-05 22:00,-11.4,24.56,59.12,671.18,0,0
3744,2015-03-05 23:00,-10.9,15.44,61.78,673.68,0,0
3745,2015-03-06 00:00,-10.8,17.28,69.93,673.98,0,0
3746,2015-03-06 01:00,-11.3,18.8,72.02,674.68,0,0
3747,2015-03-06 02:00,-10.8,21.04,73.58,675.08,0,0
3748,2015-03-06 03:00,-10.9,22,73.72,675.58,0,0.33
3749,2015-03-06 04:00,-11,24.4,74.64,675.78,0,0
3750,2015-03-06 05:00,-9.9,23.6,72.76,675.18,0,0
3751,2015-03-06 06:00,-9.6,23.92,59.66,676.88,0,0
3752,2015-03-06 07:00,-9.2,23.44,51.35,677.48,0,0.99
3753,2015-03-06 08:00,-8.9,20.8,43.86,678.38,0,0
3754,2015-03-06 09:00,-8.3,22.8,41.39,679.38,0,0
3755,2015-03-06 10:00,-8,14.24,34.87,679.78,0,0
3756,2015-03-06 11:00,-7.8,16.16,30.25,680.78,0,0
3757,2015-03-06 12:00,-7.8,16.32,34.23,680.88,0,0
3758,2015-03-06 13:00,-7.5,15.28,39.3,681.18,0,0
3759,2015-03-06 14:00,-7.6,14.32,35.76,680.88,0,0
3760,2015-03-06 15:00,-7.9,14.64,32.28,681.38,0,0
3761,2015-03-06 16:00,-7.8,14.56,32.23,681.48,0,0.49
3762,2015-03-06 17:00,-8.3,14,29.82,681.68,0,0.87
3763,2015-03-06 18:00,-8.2,17.52,28.57,682.08,0,0
3764,2015-03-06 19:00,-8.1,18.72,24.44,682.08,0,0
3765,2015-03-06 20:00,-8.4,18.72,28.27,682.08,0,0
3766,2015-03-06 21:00,-8.5,20.56,30.3,681.98,0,0
3767,2015-03-06 22:00,-8.6,23.84,28.62,681.78,0,0
3768,2015-03-06 23:00,-8.6,21.12,29.03,681.98,0,0
3769,2015-03-07 00:00,-8.3,19.2,33.56,682.38,0,0
3770,2015-03-07 01:00,-9.4,18.56,37.84,682.08,0,0
3771,2015-03-07 02:00,-8.5,9.92,40.46,681.48,0,0
3772,2015-03-07 03:00,-8.7,18.48,39.77,681.18,0,0
3773,2015-03-07 04:00,-8.7,11.6,36.3,681.48,0,0
3774,2015-03-07 05:00,-8.4,11.92,32.17,680.58,0,0
3775,2015-03-07 06:00,-7.6,15.44,29.86,680.78,0,0
3776,2015-03-07 07:00,-6.9,15.04,28.57,681.68,0,0.99
3777,2015-03-07 08:00,-6.5,13.2,30.44,682.08,0,0.17
3778,2015-03-07 09:00,-7,9.04,32.39,682.38,0,0
3779,2015-03-07 10:00,-7.5,11.36,32.23,682.38,0,0.52
3780,2015-03-07 11:00,-7.2,12.96,28.7,682.78,0,0.9
3781,2015-03-07 12:00,-6.8,12.96,29.49,682.48,0,0
3782,2015-03-07 13:00,-7,12.48,32.51,682.48,0,0
3783,2015-03-07 14:00,-6.8,11.76,33.04,682.08,0,0
3784,2015-03-07 15:00,-6.4,14.08,31.66,682.18,0,0
3785,2015-03-07 16:00,-6.8,17.52,34.12,681.98,0,0.69
3786,2015-03-07 17:00,-6.5,15.2,28.32,682.28,0,1
3787,2015-03-07 18:00,-6.5,17.68,26.94,682.58,0,0
3788,2015-03-07 19:00,-6.5,20.16,24.86,682.18,0,0
3789,2015-03-07 20:00,-6.8,14.8,20.96,682.58,0,0
3790,2015-03-07 21:00,-7.1,16.56,18.44,682.28,0,0
3791,2015-03-07 22:00,-7,15.28,18.32,682.28,0,0
3792,2015-03-07 23:00,-7.2,15.2,17.9,682.08,0,0
3793,2015-03-08 00:00,-7.1,16.16,17.9,682.08,0,0
3794,2015-03-08 01:00,-7.4,15.52,25.14,681.88,0,0
3795,2015-03-08 02:00,-7.6,15.44,30.79,681.28,0,0
3796,2015-03-08 03:00,-7.8,14.64,34.58,680.98,0,0
3797,2015-03-08 04:00,-7.8,15.76,35.13,680.68,0,0
3798,2015-03-08 05:00,-7.5,16.08,35.64,680.58,0,0
3799,2015-03-08 06:00,-7.4,14.4,35.8,680.78,0,0
3800,2015-03-08 07:00,-7,12.72,32.1,681.28,0,0.99
3801,2015-03-08 08:00,-6.3,11.28,31.75,681.38,0,0.12
3802,2015-03-08 09:00,-5.5,10.48,30.86,681.18,0,0.04
3803,2015-03-08 10:00,-5.7,12.88,28.28,681.38,0,0
3804,2015-03-08 11:00,-5.2,10.08,28.45,681.08,0,0
3805,2015-03-08 12:00,-4.8,6.08,28.93,680.98,0,0
3806,2015-03-08 13:00,-4.8,8.16,30.74,681.18,0,0
3807,2015-03-08 14:00,-4.3,11.76,33.04,680.68,0,0
3808,2015-03-08 15:00,-5.3,12.24,30.97,680.38,0,0.71
3809,2015-03-08 16:00,-5.6,11.6,32.25,680.48,0,0.27
3810,2015-03-08 17:00,-5.7,13.36,37.72,679.98,0,0.58
3811,2015-03-08 18:00,-5.9,14.4,41.72,680.08,0,0
3812,2015-03-08 19:00,-6.2,14.64,45.07,679.98,0,0
3813,2015-03-08 20:00,-6.7,14.16,50.24,680.08,0,0
3814,2015-03-08 21:00,-7,14.88,57.17,679.88,0,0
3815,2015-03-08 22:00,-6.7,13.68,60.58,679.88,0,0
3816,2015-03-08 23:00,-6.3,13.44,64.22,679.48,0,0
3817,2015-03-09 00:00,-5.8,14.88,65.56,679.48,0,0
3818,2015-03-09 01:00,-6.4,13.44,66.37,679.38,0,0
3819,2015-03-09 02:00,-6.2,11.04,68.6,679.08,0,0
3820,2015-03-09 03:00,-6.2,10.8,70.5,678.78,0,0
3821,2015-03-09 04:00,-6.2,10.4,68.69,678.78,0,0
3822,2015-03-09 05:00,-6.5,10.4,68.54,679.38,0,0.19
3823,2015-03-09 06:00,-6.7,10.72,64.05,678.98,0,0.29
3824,2015-03-09 07:00,-7.3,13.52,59.43,679.58,0,0.99
3825,2015-03-09 08:00,-7.4,13.6,57.91,679.88,0,0.98
3826,2015-03-09 09:00,-7,14.96,56.67,679.78,0,0.62
3827,2015-03-09 10:00,-5.9,10.32,55.98,680.18,0,0
3828,2015-03-09 11:00,-5.4,10.96,57.32,680.08,0,0
3829,2015-03-09 12:00,-4.9,12,62.83,679.98,0,0
3830,2015-03-09 13:00,-4.5,13.36,65.31,679.88,0,0
3831,2015-03-09 14:00,-4.9,11.44,65.96,679.88,0,0
3832,2015-03-09 15:00,-5.4,12.24,64.32,680.08,0,0
3833,2015-03-09 16:00,-6.7,13.2,66.2,679.98,0,0.95
3834,2015-03-09 17:00,-6.5,6.72,75.68,680.08,0,0.64
3835,2015-03-09 18:00,-6.2,6.72,81.65,680.38,0,0
3836,2015-03-09 19:00,-6.1,6.72,82.67,680.68,0,0.82
3837,2015-03-09 20:00,-6.4,4.16,87.08,680.58,0,1
3838,2015-03-09 21:00,-7.6,4.16,82.4,680.58,0,0.5
3839,2015-03-09 22:00,-9.3,6.72,73.25,680.58,0,0
3840,2015-03-09 23:00,-7.3,6.72,56.74,680.28,0,0
3841,2015-03-10 00:00,-6.6,4.16,43.98,680.38,0,0
3842,2015-03-10 01:00,-6.6,4.16,31.74,680.18,0,0
3843,2015-03-10 02:00,-6.3,9.36,26.91,680.18,0,0
3844,2015-03-10 03:00,-6.4,12.16,20.19,679.98,0,0
3845,2015-03-10 04:00,-6.5,12.16,16.84,679.98,0,0
3846,2015-03-10 05:00,-6.6,9.36,18.47,679.98,0,0
3847,2015-03-10 06:00,-6.7,11.04,24.37,679.98,0,0
3848,2015-03-10 07:00,-6.7,10.32,16.65,680.28,0,0.99
3849,2015-03-10 08:00,-6.1,11.84,11.16,680.78,0,0
3850,2015-03-10 09:00,-5.5,8.48,14.04,680.88,0,0
3851,2015-03-10 10:00,-5.2,7.76,16.14,680.78,0,0
3852,2015-03-10 11:00,-5.1,7.28,17.8,680.78,0,0
3853,2015-03-10 12:00,-6,8.56,17.83,680.58,0.056,0
3854,2015-03-10 13:00,-6.1,8.24,18.72,680.58,0,0
3855,2015-03-10 14:00,-6.1,8.4,18.65,680.48,0,0.42
3856,2015-03-10 15:00,-5.9,9.36,19.65,680.48,0,0.6
3857,2015-03-10 16:00,-5.9,8.88,20.01,680.38,0,0.05
3858,2015-03-10 17:00,-6,10.32,21.9,680.28,0,0.95
3859,2015-03-10 18:00,-6.9,12.32,26.05,680.08,0,0.66
3860,2015-03-10 19:00,-6.2,9.84,31.22,680.58,0,0.79
3861,2015-03-10 20:00,-6.5,10.88,34.76,680.28,0,0.2
3862,2015-03-10 21:00,-6.1,9.12,41.9,680.48,0,0.8
3863,2015-03-10 22:00,-6.6,9.6,47.6,680.18,0,0.97
3864,2015-03-10 23:00,-6.9,5.92,64.47,679.98,0,1
3865,2015-03-11 00:00,-6.8,9.12,80.73,679.58,0,1
3866,2015-03-11 01:00,-8.6,6.32,92.43,678.68,0,0.7
3867,2015-03-11 02:00,-8.6,9.92,98.86,678.78,0,0.41
3868,2015-03-11 03:00,-7.5,0.56,100,678.28,0,0.73
3869,2015-03-11 04:00,-7.7,0.56,99.61,678.08,0,1
3870,2015-03-11 05:00,-8.4,0.72,97.36,677.78,0,1
3871,2015-03-11 06:00,-10.2,4.8,94.36,677.48,0,0.99
3872,2015-03-11 07:00,-9.9,9.76,77.29,677.88,0,0.05
3873,2015-03-11 08:00,-8,7.44,66.33,678.38,0,0
3874,2015-03-11 09:00,-7.7,11.52,44.78,678.28,0,0
3875,2015-03-11 10:00,-7.5,11.28,38.04,678.28,0,0
3876,2015-03-11 11:00,-8,13.92,25.12,678.08,0,0
3877,2015-03-11 12:00,-8.2,18.8,20.27,677.58,0,0.37
3878,2015-03-11 13:00,-8.8,19.36,24.57,676.98,0,0
3879,2015-03-11 14:00,-9.9,12.32,32.32,676.48,0,0
3880,2015-03-11 15:00,-10.2,10.08,34.18,676.28,0,0
3881,2015-03-11 16:00,-10.3,13.6,29.81,675.88,0,0.15
3882,2015-03-11 17:00,-10.5,16.08,30.4,675.28,0,1
3883,2015-03-11 18:00,-10.7,15.76,28.31,676.08,0,0
3884,2015-03-11 19:00,-11.1,12.8,26.73,675.88,0,0
3885,2015-03-11 20:00,-11.1,15.76,25.02,676.38,0,0
3886,2015-03-11 21:00,-11.3,11.52,23.17,676.38,0,0
3887,2015-03-11 22:00,-11.4,16.16,21.55,676.18,0,0
3888,2015-03-11 23:00,-11.9,12.64,19.22,675.48,0,0
3889,2015-03-12 00:00,-11.6,17.84,17.23,675.18,0,0
3890,2015-03-12 01:00,-10.9,20.56,17.44,675.08,0,0
3891,2015-03-12 02:00,-10.9,22.08,17.3,675.28,0,0
3892,2015-03-12 03:00,-10.4,19.44,15.99,674.88,0,0
3893,2015-03-12 04:00,-10.1,18.8,15.11,674.58,0,0
3894,2015-03-12 05:00,-9.8,25.04,14.74,674.18,0,0
3895,2015-03-12 06:00,-9.4,25.12,14.57,674.18,0,0
3896,2015-03-12 07:00,-9.5,24.16,14.01,674.38,0,0.95
3897,2015-03-12 08:00,-9.2,18.64,15.48,674.98,0,0
3898,2015-03-12 09:00,-9.7,21.6,16.91,674.28,0,0
3899,2015-03-12 10:00,-9.8,20.08,16.91,674.58,0,0
3900,2015-03-12 11:00,-9.9,16.16,18.13,674.08,0,0
3901,2015-03-12 12:00,-9.2,20.48,25.21,673.78,0,0
3902,2015-03-12 13:00,-9.8,11.52,32.67,673.58,0,0
3903,2015-03-12 14:00,-10.6,5.04,43.66,673.88,0,0
3904,2015-03-12 15:00,-9.6,4,56.53,673.78,0,0
3905,2015-03-12 16:00,-9.5,4.16,63.68,674.08,0,0.03
3906,2015-03-12 17:00,-9.9,3.44,65.04,674.18,0,1
3907,2015-03-12 18:00,-9.7,1.84,41.6,674.58,0,0
3908,2015-03-12 19:00,-10.1,2.24,33.06,674.68,0,0
3909,2015-03-12 20:00,-10.2,2.8,23.22,674.78,0,0
3910,2015-03-12 21:00,-10,2.96,23.72,674.98,0,0
3911,2015-03-12 22:00,-10.2,1.6,19.33,674.88,0,0
3912,2015-03-12 23:00,-9.9,2,19.86,674.48,0,0
3913,2015-03-13 00:00,-9.9,3.52,19.61,674.18,0,0
3914,2015-03-13 01:00,-10.8,0.88,19.07,673.98,0,0
3915,2015-03-13 02:00,-11.3,0.5,20.67,673.48,0,0
3916,2015-03-13 03:00,-10.6,3.44,21.25,673.08,0,0
3917,2015-03-13 04:00,-10.4,3.28,20.79,672.88,0,0
3918,2015-03-13 05:00,-10.2,3.36,21.58,672.58,0,0
3919,2015-03-13 06:00,-10.2,3.44,18.8,672.48,0,0
3920,2015-03-13 07:00,-9.5,5.84,16.45,672.48,0,0.92
3921,2015-03-13 08:00,-9.9,4.8,17.2,672.58,0,0
3922,2015-03-13 09:00,-9.9,5.76,18.4,672.58,0,0
3923,2015-03-13 10:00,-7.9,2.24,21.18,672.48,0,0
3924,2015-03-13 11:00,-9.2,3.28,20.52,672.38,0,0
3925,2015-03-13 12:00,-8,3.04,21.95,672.08,0,0
3926,2015-03-13 13:00,-7.3,2.88,36.72,671.78,0,0
3927,2015-03-13 14:00,-7.3,1.76,30.2,671.68,0,0
3928,2015-03-13 15:00,-8.6,5.28,30.43,671.38,0,0.23
3929,2015-03-13 16:00,-8.4,4.88,43.81,671.18,0,0.12
3930,2015-03-13 17:00,-9.3,6.4,45.22,671.38,0,0.88
3931,2015-03-13 18:00,-10,2.96,43.66,671.28,0,0
3932,2015-03-13 19:00,-10.5,3.28,40.98,671.18,0,0
3933,2015-03-13 20:00,-11.3,2,69.14,670.98,0,0
3934,2015-03-13 21:00,-11.5,0.5,85.04,670.88,0,0
3935,2015-03-13 22:00,-11.3,1.44,69.21,670.78,0,0
3936,2015-03-13 23:00,-11.5,1.76,73.44,670.48,0,0.57
3937,2015-03-14 00:00,-11.8,1.6,95.04,670.18,0,0.38
3938,2015-03-14 01:00,-11.8,1.92,71.51,670.08,0,0.34
3939,2015-03-14 02:00,-12.3,0.96,75.62,669.68,0,0.65
3940,2015-03-14 03:00,-13.2,0.5,98.8,669.38,0,0.85
3941,2015-03-14 04:00,-14.3,0.96,89.31,669.18,0,0.7
3942,2015-03-14 05:00,-14.1,1.28,82.28,669.18,0,0.54
3943,2015-03-14 06:00,-14.3,2.72,67.15,669.18,0,0
3944,2015-03-14 07:00,-12,0.5,66.74,669.38,0,0.63
3945,2015-03-14 08:00,-10.7,1.04,62.33,669.58,0,0.26
3946,2015-03-14 09:00,-9.2,0.56,57.21,669.68,0,0
3947,2015-03-14 10:00,-8.6,0.5,51.51,669.88,0,0.56
3948,2015-03-14 11:00,-7.5,0.5,75.46,669.78,0,0.13
3949,2015-03-14 12:00,-8.1,0.72,81.72,669.78,0,0
3950,2015-03-14 13:00,-8.3,0.5,81.27,669.78,0,0
3951,2015-03-14 14:00,-7.7,0.5,82.09,669.98,0,0
3952,2015-03-14 15:00,-8.8,1.36,81.34,670.18,0,0
3953,2015-03-14 16:00,-9.8,0.5,86.39,670.38,0,0.03
3954,2015-03-14 17:00,-11.8,0.5,83.54,670.48,0,1
3955,2015-03-14 18:00,-14,1.28,91.63,670.78,0,0.8
3956,2015-03-14 19:00,-14.6,1.2,96.54,670.98,0,0.72
3957,2015-03-14 20:00,-14.5,1.44,100,670.88,0,0.8
3958,2015-03-14 21:00,-14.7,0.5,96.9,671.08,0,1
3959,2015-03-14 22:00,-14.6,0.5,93.96,670.98,0,1
3960,2015-03-14 23:00,-14.2,0.5,90.52,670.98,0,1
3961,2015-03-15 00:00,-14.7,0.5,90.19,671.18,0,1
3962,2015-03-15 01:00,-14.3,3.76,90.51,670.98,0,1
3963,2015-03-15 02:00,-14.2,3.92,93.57,670.78,0,1
3964,2015-03-15 03:00,-14.3,2.32,89.14,670.78,0,1
3965,2015-03-15 04:00,-13.8,0.5,88.18,670.68,0,1
3966,2015-03-15 05:00,-14.1,0.5,95,670.68,0,1
3967,2015-03-15 06:00,-13.6,0.8,96.49,670.88,0,0
3968,2015-03-15 07:00,-13.8,0.5,93.92,671.08,0,0.81
3969,2015-03-15 08:00,-12.2,1.12,86.79,671.08,0,0
3970,2015-03-15 09:00,-11.7,0.56,86.54,671.08,0,0.4
3971,2015-03-15 10:00,-11.2,0.5,86.25,671.38,0,0
3972,2015-03-15 11:00,-10.8,1.84,84.25,671.48,0,0.43
3973,2015-03-15 12:00,-10.9,0.72,89.67,671.28,0,0.64
3974,2015-03-15 13:00,-11.4,0.5,85.08,671.38,0,0
3975,2015-03-15 14:00,-11.3,2.64,86.27,671.38,0,0.19
3976,2015-03-15 15:00,-11.9,1.84,85.04,671.38,0,0.65
3977,2015-03-15 16:00,-13,0.5,80.62,671.08,0,0.87
3978,2015-03-15 17:00,-13.7,0.5,84.72,670.98,0,0.96
3979,2015-03-15 18:00,-14.4,4.16,86.79,671.38,0,0.66
3980,2015-03-15 19:00,-16.3,4.16,87.62,670.98,0,0.81
3981,2015-03-15 20:00,-15.8,4.16,87.62,670.88,0.1682,0.91
3982,2015-03-15 21:00,-15.8,9.36,88.25,670.88,0,0.9
3983,2015-03-15 22:00,-15.5,12.16,89.2,670.38,0,0.96
3984,2015-03-15 23:00,-15.5,5.68,91.19,669.48,0.1682,0.96
3985,2015-03-16 00:00,-15.5,0.64,89.54,670.98,0.5045,0.99
3986,2015-03-16 01:00,-15.4,0.5,89.55,671.08,0.3363,1
3987,2015-03-16 02:00,-15.7,0.56,91.2,671.08,0.3363,1
3988,2015-03-16 03:00,-15.7,0.5,89.23,671.08,0.5045,1
3989,2015-03-16 04:00,-16.2,1.6,89.22,670.98,0.5045,1
3990,2015-03-16 05:00,-15.8,12.16,91.18,671.68,1.009,0.95
3991,2015-03-16 06:00,-15.2,5.44,91.19,671.98,0.5045,0.27
3992,2015-03-16 07:00,-15,7.52,89.26,672.08,0.5045,0.8
3993,2015-03-16 08:00,-14.7,0.5,87.72,672.48,0.3363,0.87
3994,2015-03-16 09:00,-13.4,0.64,87.7,672.68,0.6726,0.6
3995,2015-03-16 10:00,-12,0.5,86.03,672.98,0.1682,0.57
3996,2015-03-16 11:00,-11.4,0.5,86.6,673.18,0.1682,0.81
3997,2015-03-16 12:00,-10.9,4.16,89.43,673.68,0.1682,0.81
3998,2015-03-16 13:00,-10.3,4.16,87.08,673.48,0,0.86
3999,2015-03-16 14:00,-10.6,4.16,86.5,673.78,0,0.9
4000,2015-03-16 15:00,-10.9,1.68,86.22,673.78,0.1682,0.84
4001,2015-03-16 16:00,-11.6,0.56,88.56,673.58,0,0.93
4002,2015-03-16 17:00,-12.3,2.96,89.16,673.68,0.1682,1
4003,2015-03-16 18:00,-12.1,0.96,88.5,674.18,0,0.8
4004,2015-03-16 19:00,-12.2,0.5,89.09,674.58,0.1682,0.99
4005,2015-03-16 20:00,-12,0.5,88.5,674.88,0.1682,1
4006,2015-03-16 21:00,-12,0.5,88.19,674.18,0.1682,0.99
4007,2015-03-16 22:00,-12.1,0.8,88.5,674.18,0.5045,1
4008,2015-03-16 23:00,-12.2,1.36,88.48,673.78,0.1682,1
4009,2015-03-17 00:00,-11.9,0.64,88.48,674.38,0.5045,1
4010,2015-03-17 01:00,-11.8,0.5,89.74,675.08,0.3363,1
4011,2015-03-17 02:00,-11.4,0.8,89.11,674.18,0.5045,1
4012,2015-03-17 03:00,-11.6,0.64,86.98,674.38,0.3363,1
4013,2015-03-17 04:00,-11.4,0.56,90.04,675.08,0.3363,1
4014,2015-03-17 05:00,-11.1,0.5,90.08,675.68,0.1682,1
4015,2015-03-17 06:00,-11.3,0.5,89.48,675.38,0.3363,1
4016,2015-03-17 07:00,-11,1.04,87.03,675.68,0.1682,0.91
4017,2015-03-17 08:00,-10.5,0.96,87.6,676.18,0.5045,0.98
4018,2015-03-17 09:00,-10.1,0.8,87.05,676.78,0.1682,0.91
4019,2015-03-17 10:00,-9.4,4.16,88,676.78,0.1682,0.92
4020,2015-03-17 11:00,-8.1,12.16,88.01,677.58,0.1682,0.9
4021,2015-03-17 12:00,-6.6,5.44,88.62,677.78,0,0.91
4022,2015-03-17 13:00,-5.5,0.5,91.16,677.78,0,0.97
4023,2015-03-17 14:00,-5.7,0.64,91.16,677.78,0.1682,0.92
4024,2015-03-17 15:00,-6.4,0.5,88.7,677.78,0,0.93
4025,2015-03-17 16:00,-6.5,0.5,87.82,678.18,0,0.96
4026,2015-03-17 17:00,-7.4,0.5,89,678.38,0,0.88
4027,2015-03-17 18:00,-8.2,0.64,93.13,678.38,0,0.73
4028,2015-03-17 19:00,-9.7,0.64,95.18,678.58,0,0.18
4029,2015-03-17 20:00,-9.8,0.64,92.1,678.68,0,0.78
4030,2015-03-17 21:00,-10,0.8,93.43,678.68,0,1
4031,2015-03-17 22:00,-9.9,0.8,94.47,678.58,0,1
4032,2015-03-17 23:00,-10,2.08,97.71,678.58,0,1
4033,2015-03-18 00:00,-10.8,2.08,92.07,678.58,0,1
4034,2015-03-18 01:00,-10.6,0.5,89.16,678.58,0,1
4035,2015-03-18 02:00,-10.7,0.7,86.15,678.28,0,1
4036,2015-03-18 03:00,-10.3,0.5,85.59,678.08,0,1
4037,2015-03-18 04:00,-10,0.5,83.64,677.88,0,1
4038,2015-03-18 05:00,-9.8,1.58,84.13,677.88,0,1
4039,2015-03-18 06:00,-9.7,0.5,84.04,677.88,0,0.52
4040,2015-03-18 07:00,-8.7,0.5,79.79,677.98,0,0
4041,2015-03-18 08:00,-6.2,0.64,78.27,678.18,0,0.27
4042,2015-03-18 09:00,-4.7,0.5,66.64,678.48,0,0.7
4043,2015-03-18 10:00,-2.8,0.5,68.17,678.48,1.4574,0.89
4044,2015-03-18 11:00,-3.4,0.5,66.23,678.58,3.3632,0.97
4045,2015-03-18 12:00,-4,0.5,66.18,678.48,2.13,0.98
4046,2015-03-18 13:00,-4.1,0.5,67.99,678.48,0,0.97
4047,2015-03-18 14:00,-3.8,0.5,72.53,678.38,0,0.97
4048,2015-03-18 15:00,-3.2,0.5,73.68,678.48,0,0.96
4049,2015-03-18 16:00,-3,0.5,76.36,678.28,0.1121,0.95
4050,2015-03-18 17:00,-4.4,0.5,85.46,678.28,0,0.87
4051,2015-03-18 18:00,-7.2,0.5,91.1,678.28,0,0
4052,2015-03-18 19:00,-9.7,0.5,93.43,678.08,0,0
4053,2015-03-18 20:00,-10.3,0.5,93.41,678.18,0,0.33
4054,2015-03-18 21:00,-10.7,0.5,94.09,678.18,0,0.9
4055,2015-03-18 22:00,-10.4,0.5,82.57,678.08,0,0.96
4056,2015-03-18 23:00,-10.5,0.5,89.21,677.98,0,0.98
4057,2015-03-19 00:00,-9.9,0.5,85.1,677.78,0,1
4058,2015-03-19 01:00,-9.6,0.5,77.31,677.68,0,1
4059,2015-03-19 02:00,-9.6,0.64,77.11,677.28,0,1
4060,2015-03-19 03:00,-9.9,0.5,74.09,677.08,0,0.98
4061,2015-03-19 04:00,-10.4,0.5,74.86,677.08,0,0.94
4062,2015-03-19 05:00,-10.6,0.5,75.57,676.88,0,0.87
4063,2015-03-19 06:00,-10.3,0.5,69.07,677.08,0,0
4064,2015-03-19 07:00,-10,0.5,61.5,677.28,0,0
4065,2015-03-19 08:00,-7.2,0.76,57.49,677.58,0,0
4066,2015-03-19 09:00,-5.2,0.7,51.63,677.88,0.0841,0
4067,2015-03-19 10:00,-3,0.74,49.05,678.08,1.5134,0.8
4068,2015-03-19 11:00,-2.2,0.54,46.68,677.98,0.2522,0.94
4069,2015-03-19 12:00,-1.8,0.68,51.91,677.98,0,0.98
4070,2015-03-19 13:00,-0.8,0.5,71.26,677.78,0,0.97
4071,2015-03-19 14:00,-0.5,0.5,74.73,677.78,0,0.97
4072,2015-03-19 15:00,-1.3,0.5,81.24,677.58,0,0.96
4073,2015-03-19 16:00,-3,0.5,81.24,677.48,0,0.95
4074,2015-03-19 17:00,-5,1.74,83.51,677.58,0,0.55
4075,2015-03-19 18:00,-8.9,1.04,84.15,677.78,0,0
4076,2015-03-19 19:00,-10.3,0.5,84.01,677.98,0,0
4077,2015-03-19 20:00,-10.4,1.14,87.45,678.18,0,0.65
4078,2015-03-19 21:00,-10.7,0.5,85.7,678.18,0,0.88
4079,2015-03-19 22:00,-10.8,0.5,86.28,678.18,0,0.92
4080,2015-03-19 23:00,-10.9,0.5,86.86,678.18,0,0.92
4081,2015-03-20 00:00,-10.2,2.46,80.91,678.08,0,0.34
4082,2015-03-20 01:00,-9.5,1.22,69.71,677.98,0,0
4083,2015-03-20 02:00,-9,0.56,63.15,677.48,0,0
4084,2015-03-20 03:00,-9,0.5,67.37,676.88,0,0
4085,2015-03-20 04:00,-9.2,0.5,80.31,676.78,0,0
4086,2015-03-20 05:00,-9.4,0.56,83.94,676.68,0,0.77
4087,2015-03-20 06:00,-9.3,0.5,80.87,676.98,0,1
4088,2015-03-20 07:00,-7.4,0.88,75.23,677.18,0,0.12
4089,2015-03-20 08:00,-5,0.5,73.04,677.58,0,0.24
4090,2015-03-20 09:00,-2.7,0.5,69.52,677.78,0,0.59
4091,2015-03-20 10:00,-5.4,0.5,72.98,677.78,0,0.82
4092,2015-03-20 11:00,-2.1,0.64,63.17,677.88,0,0.25
4093,2015-03-20 12:00,-1.8,0.5,67.03,677.78,0,0.85
4094,2015-03-20 13:00,-1.7,0.5,70.71,677.48,0,0.97
4095,2015-03-20 14:00,-2.7,0.5,69.91,677.28,0,0.94
4096,2015-03-20 15:00,-3.9,0.56,66.41,676.98,0,0.97
4097,2015-03-20 16:00,-5.3,5.76,68.58,676.88,0,0.96
4098,2015-03-20 17:00,-6,0.5,82.77,676.88,0,0.75
4099,2015-03-20 18:00,-7.5,1.52,88.7,676.98,0,0.85
4100,2015-03-20 19:00,-8,0.8,91.49,677.28,0,0.79
4101,2015-03-20 20:00,-8.2,0.5,93.15,677.28,0,0.36
4102,2015-03-20 21:00,-8.2,0.8,93.15,677.18,0,0.55
4103,2015-03-20 22:00,-8.3,0.64,93.48,677.08,0,0.91
4104,2015-03-20 23:00,-8.4,0.5,93.48,676.78,0,0.53
4105,2015-03-21 00:00,-8.6,0.5,95.91,676.58,0,0.44
4106,2015-03-21 01:00,-8.7,0.5,94.85,676.38,0,0.96
4107,2015-03-21 02:00,-8.7,0.5,95.91,675.88,0,0.96
4108,2015-03-21 03:00,-8.7,0.5,93.14,675.28,0,0.97
4109,2015-03-21 04:00,-8.9,3.04,92.47,675.18,0,1
4110,2015-03-21 05:00,-8.9,0.8,87.85,674.88,0,1
4111,2015-03-21 06:00,-8.5,0.5,88.02,674.68,0,0.72
4112,2015-03-21 07:00,-7.7,1.68,97.12,674.48,0,0.97
4113,2015-03-21 08:00,-5.5,0.5,98.75,674.58,0,0.83
4114,2015-03-21 09:00,-3.5,0.8,98.11,674.58,0,0.9
4115,2015-03-21 10:00,-0.9,0.5,92.88,674.18,0,0.84
4116,2015-03-21 11:00,-1.6,0.5,85.14,673.78,0,0.86
4117,2015-03-21 12:00,-0.6,1.36,85.56,673.38,0,0.88
4118,2015-03-21 13:00,0.2,0.5,82.94,672.88,0,0.92
4119,2015-03-21 14:00,-0.2,0.5,84.16,672.28,0,0.97
4120,2015-03-21 15:00,-1.9,0.64,84.6,671.78,0,0.96
4121,2015-03-21 16:00,-3.4,0.64,85.12,671.28,0.6726,0.95
4122,2015-03-21 17:00,-4.8,1.94,90.2,670.98,0.8408,1
4123,2015-03-21 18:00,-7.6,1.22,95.89,670.58,0.5045,1
4124,2015-03-21 19:00,-9.7,0.5,95.89,670.48,0.1682,1
4125,2015-03-21 20:00,-9.6,0.5,97.34,670.18,0.1682,1
4126,2015-03-21 21:00,-9.8,0.5,97.34,669.68,0,1
4127,2015-03-21 22:00,-9.6,0.5,97.71,669.28,0,1
4128,2015-03-21 23:00,-9.9,0.5,96.97,668.88,0,1
4129,2015-03-22 00:00,-10.4,0.5,95.15,668.38,0.3363,1
4130,2015-03-22 01:00,-10.8,1.68,93.08,667.98,0.1682,1
4131,2015-03-22 02:00,-11.5,1.4,95.13,667.28,0.3363,1
4132,2015-03-22 03:00,-11.6,0.5,96.94,666.78,0,1
4133,2015-03-22 04:00,-11.8,0.5,94.39,666.48,0,1
4134,2015-03-22 05:00,-12,0.5,93.01,666.28,0.1682,1
4135,2015-03-22 06:00,-12.2,1.58,92.7,666.28,0,0.93
4136,2015-03-22 07:00,-11.8,2.68,92.69,666.38,0.1682,0.98
4137,2015-03-22 08:00,-10.6,0.5,90.06,666.48,0,0.17
4138,2015-03-22 09:00,-11.8,1.68,86.11,666.88,0,0.93
4139,2015-03-22 10:00,-11.1,0.5,85.62,667.68,0.1682,0.97
4140,2015-03-22 11:00,-8.7,0.5,87.05,668.28,0,0.73
4141,2015-03-22 12:00,-7.9,0.56,85.63,668.98,0.1682,0.81
4142,2015-03-22 13:00,-8.5,0.5,87.05,669.68,0.1682,0.85
4143,2015-03-22 14:00,-8.1,0.5,88.6,670.18,0.1682,0.97
4144,2015-03-22 15:00,-7.7,2.08,91.45,670.68,0,0.97
4145,2015-03-22 16:00,-5.7,1.2,94.48,671.08,0,0.95
4146,2015-03-22 17:00,-6.3,0.5,95.51,671.38,0,1
4147,2015-03-22 18:00,-10,2.4,87,671.88,0,0
4148,2015-03-22 19:00,-10.6,2.8,82.53,672.38,0,0
4149,2015-03-22 20:00,-10.7,5.04,81.18,672.78,0,0
4150,2015-03-22 21:00,-10.7,0.64,79.23,672.78,0,0
4151,2015-03-22 22:00,-11.1,0.5,77.82,672.88,0,0
4152,2015-03-22 23:00,-11.3,0.5,76.69,672.88,0,0
4153,2015-03-23 00:00,-12.1,0.5,77.13,672.78,0,0
4154,2015-03-23 01:00,-11.8,0.5,76.66,672.78,0,0
4155,2015-03-23 02:00,-11.4,1.68,75.79,672.58,0,0
4156,2015-03-23 03:00,-11.1,3.36,79.23,672.48,0,0
4157,2015-03-23 04:00,-11,5.6,74.32,672.18,0,0
4158,2015-03-23 05:00,-10.9,0.72,77.11,672.08,0,0
4159,2015-03-23 06:00,-10.8,0.56,69.63,672.18,0,0.2
4160,2015-03-23 07:00,-9.4,0.5,50.85,672.18,0,0
4161,2015-03-23 08:00,-8.6,0.5,47.26,672.38,0,0
4162,2015-03-23 09:00,-7.2,0.64,46.97,672.58,0.4204,0
4163,2015-03-23 10:00,-7.1,0.5,47.82,672.68,1.1771,0
4164,2015-03-23 11:00,-6.2,0.5,48.47,672.48,1.6816,0
4165,2015-03-23 12:00,-6.6,0.64,54.74,672.38,0,0
4166,2015-03-23 13:00,-6.2,2.08,61.05,672.08,0,0
4167,2015-03-23 14:00,-6.3,0.8,66.95,671.78,0,0.38
4168,2015-03-23 15:00,-6.3,0.64,67.73,671.48,0,0.97
4169,2015-03-23 16:00,-6.9,0.5,64.67,671.18,0,0.96
4170,2015-03-23 17:00,-6.6,0.5,75.83,670.98,0,0.99
4171,2015-03-23 18:00,-9.3,0.5,89.18,670.78,0,0
4172,2015-03-23 19:00,-10.8,2.8,96.94,670.78,0,0.82
4173,2015-03-23 20:00,-9.9,0.5,95.84,670.78,0,0.8
4174,2015-03-23 21:00,-10.1,0.5,96.95,670.48,0,1
4175,2015-03-23 22:00,-10.7,0.5,96.95,670.18,0,1
4176,2015-03-23 23:00,-11.9,1.6,96.2,669.88,0,1
4177,2015-03-24 00:00,-11.3,2.8,91.63,669.48,0.1682,1
4178,2015-03-24 01:00,-11.1,3.36,91.64,669.18,0,1
4179,2015-03-24 02:00,-11.5,4.56,94.05,668.78,0,1
4180,2015-03-24 03:00,-11.7,4.16,90.65,668.48,0.1682,1
4181,2015-03-24 04:00,-12.1,4.56,89.02,668.18,0,1
4182,2015-03-24 05:00,-12.1,4.16,92.64,668.08,0,1
4183,2015-03-24 06:00,-11.4,4.16,91.96,667.88,0,0.83
4184,2015-03-24 07:00,-11.2,3.44,89.64,667.68,0.1682,0.27
4185,2015-03-24 08:00,-12.1,2.96,75.85,667.68,0,0
4186,2015-03-24 09:00,-9.7,0.5,79.3,667.78,0,0.45
4187,2015-03-24 10:00,-9.3,3.04,82.7,667.98,0,0.22
4188,2015-03-24 11:00,-10,1.52,84.74,667.88,0,0.49
4189,2015-03-24 12:00,-9.8,3.52,90.58,667.78,0,0.7
4190,2015-03-24 13:00,-9.7,2.48,90.12,667.88,0,0.72
4191,2015-03-24 14:00,-10.2,4.8,87.34,667.68,0,0.83
4192,2015-03-24 15:00,-11.1,3.44,81.54,667.78,0,0.97
4193,2015-03-24 16:00,-10.9,1.76,87.62,667.58,0,0.95
4194,2015-03-24 17:00,-11,2.08,92.02,667.68,0,0.82
4195,2015-03-24 18:00,-11.6,4,92.68,667.48,0.1682,1
4196,2015-03-24 19:00,-10.9,4.32,90.98,667.78,0.1682,0.91
4197,2015-03-24 20:00,-11.2,2.32,90.66,667.78,0.1682,0.99
4198,2015-03-24 21:00,-11,1.76,90.99,667.28,0.1682,0.86
4199,2015-03-24 22:00,-11.4,0.5,90.99,667.18,0.1682,0.91
4200,2015-03-24 23:00,-12.1,0.64,90.73,667.38,0.1682,0.98
4201,2015-03-25 00:00,-11.8,1.04,91.7,666.98,0.1682,1
4202,2015-03-25 01:00,-11.5,0.5,89.77,666.88,0.3363,0.94
4203,2015-03-25 02:00,-11.1,0.56,89.46,666.38,0.3363,0.85
4204,2015-03-25 03:00,-11,0.56,87.96,665.88,0.3363,0.94
4205,2015-03-25 04:00,-10.8,0.8,88.56,665.58,0.3363,0.94
4206,2015-03-25 05:00,-11.1,0.72,88.22,665.38,0.1682,0.95
4207,2015-03-25 06:00,-10.9,0.5,88.24,665.38,0.3363,0.97
4208,2015-03-25 07:00,-10.5,0.5,88.56,665.08,0.3363,0.98
4209,2015-03-25 08:00,-10.4,0.56,87.05,664.48,0.3363,0.98
4210,2015-03-25 09:00,-10,1.04,87.07,664.48,0.3363,0.9
4211,2015-03-25 10:00,-9.3,0.88,85.72,664.08,0.3363,0.82
4212,2015-03-25 11:00,-8.6,0.56,84.97,664.08,0.3363,0.77
4213,2015-03-25 12:00,-9.2,0.5,88.03,663.68,0.8408,0.82
4214,2015-03-25 13:00,-9.1,0.64,85.46,663.38,1.5134,0.82
4215,2015-03-25 14:00,-8.7,2,92.41,663.18,1.5134,0.92
4216,2015-03-25 15:00,-8.9,1.12,94.46,663.18,1.5134,0.93
4217,2015-03-25 16:00,-9.3,0.56,94.45,663.48,1.009,0.9
4218,2015-03-25 17:00,-9.4,0.8,94.43,663.78,1.009,0.93
4219,2015-03-25 18:00,-9.5,0.56,94.43,663.88,0.8408,1
4220,2015-03-25 19:00,-9.7,3.92,94.43,664.08,0.5045,1
4221,2015-03-25 20:00,-9.7,1.6,94.09,664.38,0.6726,1
4222,2015-03-25 21:00,-9.8,2.32,94.09,664.38,0.3363,1
4223,2015-03-25 22:00,-9.9,1.28,94.08,664.38,0.3363,1
4224,2015-03-25 23:00,-9.9,2.8,94.08,664.48,0.1682,1
4225,2015-03-26 00:00,-9.6,4.72,94.08,664.58,0.1682,1
4226,2015-03-26 01:00,-8.8,2.96,94.08,664.38,0,1
4227,2015-03-26 02:00,-8.9,4.24,94.43,664.38,0,1
4228,2015-03-26 03:00,-9.1,6.56,93.36,664.88,0,1
4229,2015-03-26 04:00,-9.4,0.64,93.36,665.28,0,1
4230,2015-03-26 05:00,-9.4,0.5,93.69,665.68,0,1
4231,2015-03-26 06:00,-8.9,0.5,93.69,666.18,0,0.87
4232,2015-03-26 07:00,-7.9,0.5,93.1,666.58,0,0
4233,2015-03-26 08:00,-3.3,0.5,93.24,666.88,0,0.67
4234,2015-03-26 09:00,-1.5,0.5,93.49,667.38,0.1682,0.63
4235,2015-03-26 10:00,-1.6,0.5,94.27,667.68,2.3542,0.68
4236,2015-03-26 11:00,-1.3,0.5,90.42,667.98,2.6906,0.58
4237,2015-03-26 12:00,-1,0.5,92.18,667.98,2.6345,0
4238,2015-03-26 13:00,0.2,0.56,92.62,668.08,1.065,0
4239,2015-03-26 14:00,-0.5,0.8,89.18,668.18,0.7847,0
4240,2015-03-26 15:00,-2.7,0.5,89.39,667.98,0,0
4241,2015-03-26 16:00,-5.1,1.44,83.55,668.28,0,0
4242,2015-03-26 17:00,-7.9,0.64,81.96,668.08,0,0.4
4243,2015-03-26 18:00,-8.9,0.5,76.35,668.48,0,0.48
4244,2015-03-26 19:00,-10.5,5.12,81.76,668.48,0,0.31
4245,2015-03-26 20:00,-10.2,3.76,80.13,668.68,0,0.7
4246,2015-03-26 21:00,-9.9,1.68,93.68,668.58,0,0.53
4247,2015-03-26 22:00,-10.9,2.16,92.99,668.58,0,0.95
4248,2015-03-26 23:00,-11.7,1.2,92.99,668.48,0,1
4249,2015-03-27 00:00,-12.5,1.68,82.58,667.98,0,1
4250,2015-03-27 01:00,-13.7,1.36,71.21,667.68,0,1
4251,2015-03-27 02:00,-14.3,1.04,79.2,666.98,0,0.96
4252,2015-03-27 03:00,-14.2,0.5,96.51,666.18,0.1682,0.95
4253,2015-03-27 04:00,-14.6,0.5,92.52,666.08,0,1
4254,2015-03-27 05:00,-15.7,0.5,91.45,665.38,0,1
4255,2015-03-27 06:00,-16,1.76,91.77,665.18,0,0.14
4256,2015-03-27 07:00,-17.1,10.48,91.76,663.98,0,0
4257,2015-03-27 08:00,-16.8,23.52,90.72,665.78,0,0
4258,2015-03-27 09:00,-15.5,19.76,90.03,666.18,0,0
4259,2015-03-27 10:00,-15.3,20.32,89.15,666.48,0,0
4260,2015-03-27 11:00,-15.8,19.44,87.75,667.38,0,0
4261,2015-03-27 12:00,-13.4,29.6,83.49,668.38,0,0
4262,2015-03-27 13:00,-13,26.48,78.98,668.78,0,0
4263,2015-03-27 14:00,-12.3,25.2,78.61,669.88,0,0
4264,2015-03-27 15:00,-11.1,28.48,71.34,669.48,0,0
4265,2015-03-27 16:00,-10.9,25.76,68.77,670.28,0,0.42
4266,2015-03-27 17:00,-11,23.68,53.23,670.98,0,0.93
4267,2015-03-27 18:00,-10.7,23.36,57.72,671.28,0,0
4268,2015-03-27 19:00,-10.8,20.4,49.81,671.18,0,0
4269,2015-03-27 20:00,-10,23.36,48.15,672.38,0,0
4270,2015-03-27 21:00,-9.2,19.2,39.44,672.48,0,0
4271,2015-03-27 22:00,-10.1,17.04,35.68,672.28,0,0
4272,2015-03-27 23:00,-9.8,15.36,31.06,673.48,0,0
4273,2015-03-28 00:00,-8.2,18,26.84,673.98,0,0
4274,2015-03-28 01:00,-7.8,15.6,23.85,673.68,0,0
4275,2015-03-28 02:00,-7.8,14.56,19.83,674.08,0,0
4276,2015-03-28 03:00,-7.1,15.2,18.74,673.58,0,0
4277,2015-03-28 04:00,-7.1,18.64,23.25,674.18,0,0
4278,2015-03-28 05:00,-6.9,21.76,26.39,674.18,0,0
4279,2015-03-28 06:00,-6.1,20.96,22.13,675.28,0,1
4280,2015-03-28 07:00,-6.2,20.88,22.14,675.38,0,0.14
4281,2015-03-28 08:00,-6.7,20.48,27.13,675.28,0,0
4282,2015-03-28 09:00,-6,19.68,38.61,675.88,0,0
4283,2015-03-28 10:00,-6.5,14,44.18,676.08,0,0
4284,2015-03-28 11:00,-6.8,4.4,49.64,675.88,0,0
4285,2015-03-28 12:00,-6.7,10.16,57.18,675.28,0,0
4286,2015-03-28 13:00,-6.7,5.44,71.33,675.68,0,0
4287,2015-03-28 14:00,-6,15.84,91.45,675.38,0,0
4288,2015-03-28 15:00,-6.6,1.44,94.54,675.58,0,0.52
4289,2015-03-28 16:00,-6,0.96,95.95,675.28,0,0.86
4290,2015-03-28 17:00,-6.5,1.04,97.38,675.38,0,0.92
4291,2015-03-28 18:00,-6.2,0.56,95.95,675.78,0,0.9
4292,2015-03-28 19:00,-6.5,0.5,94.9,676.08,0,0.97
4293,2015-03-28 20:00,-6.7,0.5,94.85,675.98,0,1
4294,2015-03-28 21:00,-7.2,2.8,94.84,676.08,0,1
4295,2015-03-28 22:00,-9,7.76,94.47,676.48,0,1
4296,2015-03-28 23:00,-9.4,3.04,94.1,675.88,0,1
4297,2015-03-29 00:00,-8.2,10.08,91.51,675.08,0,1
4298,2015-03-29 01:00,-7.3,7.68,47.3,675.08,0,0.97
4299,2015-03-29 02:00,-8.3,7.76,27.54,674.78,0,0
4300,2015-03-29 03:00,-7.6,9.68,56.63,674.48,0,0
4301,2015-03-29 04:00,-6.7,7.92,50.82,674.68,0,0
4302,2015-03-29 05:00,-7.8,3.76,54.43,674.28,0,0
4303,2015-03-29 06:00,-6.7,3.52,71.45,674.58,0,0.05
4304,2015-03-29 07:00,-6.6,1.52,79.99,674.28,0,0.35
4305,2015-03-29 08:00,-6.1,3.84,82.23,674.08,0,0.34
4306,2015-03-29 09:00,-5.6,0.56,72.49,674.28,0,0.78
4307,2015-03-29 10:00,-5.1,1.6,76.94,673.98,0,0.6
4308,2015-03-29 11:00,-5.3,2,85.04,673.78,0,0.93
4309,2015-03-29 12:00,-5.2,1.04,89.42,673.58,0,0.8
4310,2015-03-29 13:00,-5.2,0.72,92.89,673.18,0.1121,0.78
4311,2015-03-29 14:00,-5.9,1.28,92.89,672.68,0.2242,0.87
4312,2015-03-29 15:00,-6.8,1.28,89.07,672.38,0.056,0.97
4313,2015-03-29 16:00,-8,2.32,90.23,671.78,0.1682,0.96
4314,2015-03-29 17:00,-9,3.28,87.71,671.28,0.056,0.93
4315,2015-03-29 18:00,-8.5,0.56,91.45,671.58,0,1
4316,2015-03-29 19:00,-7.9,0.64,95.9,671.68,0,1
4317,2015-03-29 20:00,-7.9,0.5,94.49,671.08,0,1
4318,2015-03-29 21:00,-7.9,0.5,95.9,670.78,0.056,1
4319,2015-03-29 22:00,-8.4,0.5,95.9,669.88,0.056,1
4320,2015-03-29 23:00,-8.5,0.64,95.89,669.78,0,1
4321,2015-03-30 00:00,-8.5,0.8,95.89,669.28,0,1
4322,2015-03-30 01:00,-8.6,1.44,95.89,668.78,0.056,1
4323,2015-03-30 02:00,-8.8,3.36,95.51,667.78,0.2522,1
4324,2015-03-30 03:00,-9.2,3.04,95.51,666.98,1.3453,1
4325,2015-03-30 04:00,-9.5,0.5,95.16,666.58,1.6816,1
4326,2015-03-30 05:00,-9.5,1.76,95.16,667.18,2.0179,1
4327,2015-03-30 06:00,-9.3,1.44,95.16,667.38,1.5134,1
4328,2015-03-30 07:00,-8.9,0.5,95.16,666.88,1.5134,0.98
4329,2015-03-30 08:00,-8.9,0.5,95.16,667.68,1.1771,0.98
4330,2015-03-30 09:00,-8.6,0.88,95.16,668.18,0.8408,0.98
4331,2015-03-30 10:00,-8.5,1.04,95.2,667.98,0.3363,0.96
4332,2015-03-30 11:00,-8.2,1.6,95.2,667.88,0.5045,0.84
4333,2015-03-30 12:00,-8.1,1.52,94.47,668.18,1.009,0.88
4334,2015-03-30 13:00,-8,0.5,94.13,668.28,1.1771,0.92
4335,2015-03-30 14:00,-8.3,0.72,94.13,668.18,0.6726,0.97
4336,2015-03-30 15:00,-8.4,0.5,93.46,668.78,0.6726,0.97
4337,2015-03-30 16:00,-8.7,0.5,93.1,668.88,0.5045,0.96
4338,2015-03-30 17:00,-9.1,0.5,93.1,669.18,0.5045,0.93
4339,2015-03-30 18:00,-9.2,0.5,92.42,669.18,0.8408,1
4340,2015-03-30 19:00,-9.2,0.5,94.86,670.38,0.5045,1
4341,2015-03-30 20:00,-9,2.32,92.45,671.68,1.5134,1
4342,2015-03-30 21:00,-8.8,1.68,92.44,672.58,1.009,1
4343,2015-03-30 22:00,-8.7,0.5,92.45,673.28,0.3363,1
4344,2015-03-30 23:00,-7.6,1.28,92.48,673.68,0,1
4345,2015-03-31 00:00,-7.2,0.96,92.54,674.68,0.1682,1
4346,2015-03-31 01:00,-6.5,0.5,92.63,673.98,0.0841,1
4347,2015-03-31 02:00,-7.1,1.12,91.02,672.38,0.4484,1
4348,2015-03-31 03:00,-6.8,1.36,89.42,672.68,1.3453,1
4349,2015-03-31 04:00,-7.5,1.76,89.13,671.38,1.4574,1
4350,2015-03-31 05:00,-8.1,1.92,85.05,672.28,1.065,1
4351,2015-03-31 06:00,-8.5,2.64,80.18,672.78,0.5045,1
4352,2015-03-31 07:00,-8.5,2.4,72.68,673.28,0.8968,0.59
4353,2015-03-31 08:00,-7.8,1.2,70.11,672.48,0.6166,0.52
4354,2015-03-31 09:00,-7.8,1.44,66.24,673.08,0.1682,0.61
4355,2015-03-31 10:00,-7.1,2.32,63.76,672.78,1.2332,0.9
4356,2015-03-31 11:00,-5.8,0.5,78.64,673.18,0.1121,0.98
4357,2015-03-31 12:00,-6.1,0.5,85.14,673.08,0,0.98
4358,2015-03-31 13:00,-6.3,0.88,85.09,672.58,0,0.98
4359,2015-03-31 14:00,-5.9,0.5,86.2,671.78,0,0.97
4360,2015-03-31 15:00,-6.3,1.68,85.6,670.68,0,0.97
4361,2015-03-31 16:00,-7.8,1.44,87.22,670.48,0,0.96
4362,2015-03-31 17:00,-9.2,1.6,87.71,669.98,0,0.93
4363,2015-03-31 18:00,-11.3,0.72,91.42,668.68,0,1
4364,2015-03-31 19:00,-12.4,0.64,88.47,668.88,0,1
4365,2015-03-31 20:00,-12.7,0.8,87.5,668.18,0,1
4366,2015-03-31 21:00,-13.5,0.5,85.14,668.38,0.0841,1
4367,2015-03-31 22:00,-14.2,0.8,86.79,668.08,0.1682,1
4368,2015-03-31 23:00,-14.4,0.72,86.51,668.38,0,1
4369,2015-04-01 00:00,-14.8,0.72,89.26,667.78,0.1682,1
4370,2015-04-01 01:00,-15.4,0.72,93.25,667.38,0,1
4371,2015-04-01 02:00,-16.4,0.5,89.07,666.98,0,0.95
4372,2015-04-01 03:00,-17.3,0.96,84.75,666.28,0,0.95
4373,2015-04-01 04:00,-18.1,0.56,84.19,665.48,0,0.84
4374,2015-04-01 05:00,-18.5,0.64,82.82,665.58,0,0.71
4375,2015-04-01 06:00,-18.9,0.5,82.82,666.08,0,1
4376,2015-04-01 07:00,-18.7,0.5,87.3,665.58,0,0.99
4377,2015-04-01 08:00,-18.3,0.5,87.62,666.28,0,0.99
4378,2015-04-01 09:00,-17.5,0.5,86.79,667.78,0,0.98
4379,2015-04-01 10:00,-16.6,0.5,84.64,667.98,0,0.98
4380,2015-04-01 11:00,-15.5,0.5,82.53,667.98,0,0.98
4381,2015-04-01 12:00,-15.8,0.5,70.57,668.78,0,0.98
4382,2015-04-01 13:00,-15.3,0.5,72.55,669.08,0,0.98
4383,2015-04-01 14:00,-15.2,0.64,70.7,669.18,0,0.98
4384,2015-04-01 15:00,-15.8,0.72,71.18,669.78,0,0.97
4385,2015-04-01 16:00,-15.9,22.88,72.63,669.88,0,0.97
4386,2015-04-01 17:00,-15.9,22.88,71.81,670.18,0,0.23
4387,2015-04-01 18:00,-14.9,19.2,71.36,670.78,0,0
4388,2015-04-01 19:00,-13.6,0.64,75.8,671.48,0,0.21
4389,2015-04-01 20:00,-12.5,0.64,85.1,672.48,0,0.37
4390,2015-04-01 21:00,-12.4,1.04,88.52,670.98,0,0.44
4391,2015-04-01 22:00,-12.1,0.5,89.22,671.98,0,0.7
4392,2015-04-01 23:00,-11.9,0.56,90.19,671.98,0,0.68
4393,2015-04-02 00:00,-11.6,0.5,89.6,671.38,0,0.72
4394,2015-04-02 01:00,-11.2,0.5,91.91,671.98,0,0.63
4395,2015-04-02 02:00,-11,0.8,86.67,671.78,0,0.44
4396,2015-04-02 03:00,-11,0.8,90.06,671.28,0,0.79
4397,2015-04-02 04:00,-10.8,0.64,89.43,671.08,0,0.96
4398,2015-04-02 05:00,-10.8,0.5,87.58,671.18,0,0.96
4399,2015-04-02 06:00,-10.8,1.12,86.68,670.98,0,0.73
4400,2015-04-02 07:00,-11.2,0.8,72.47,670.98,0,0.74
4401,2015-04-02 08:00,-10.8,1.36,62.75,670.88,0,0.72
4402,2015-04-02 09:00,-10.2,1.36,64.23,671.88,0,0.64
4403,2015-04-02 10:00,-9.6,1.2,70.34,671.48,0,0.7
4404,2015-04-02 11:00,-8.9,22.88,73.83,671.38,0.056,0.9
4405,2015-04-02 12:00,-9,12.16,71.81,671.58,0,0.98
4406,2015-04-02 13:00,-9.2,15.2,71.66,671.08,0,0.98
4407,2015-04-02 14:00,-9.9,19.2,71.3,670.98,0,0.98
4408,2015-04-02 15:00,-10.2,22.88,76.79,671.18,0,0.97
4409,2015-04-02 16:00,-9.8,22.88,82.11,670.58,0,0.96
4410,2015-04-02 17:00,-10.1,0.5,87.65,671.18,0,0.94
4411,2015-04-02 18:00,-10.8,22.88,89.15,671.38,0.056,1
4412,2015-04-02 19:00,-11.2,19.2,93.06,671.68,0.2803,1
4413,2015-04-02 20:00,-11.2,19.2,94.08,671.78,0.056,1
4414,2015-04-02 21:00,-11.3,12.16,92.03,671.98,0.056,1
4415,2015-04-02 22:00,-11.6,0.5,91.04,671.78,0.1121,1
4416,2015-04-02 23:00,-11.7,0.5,89.43,671.28,0.1121,1
4417,2015-04-03 00:00,-11.7,0.96,84.13,670.08,0.056,1
4418,2015-04-03 01:00,-11.4,1.52,92.67,670.98,0.056,1
4419,2015-04-03 02:00,-10.5,3.84,94.03,671.18,0,1
4420,2015-04-03 03:00,-10.3,4.48,94.39,672.18,0,1
4421,2015-04-03 04:00,-10.5,4.56,94.02,672.28,0,1
4422,2015-04-03 05:00,-10.5,2.08,94.02,672.28,0,0.98
4423,2015-04-03 06:00,-10.1,1.36,94.02,672.68,0,0
4424,2015-04-03 07:00,-9.3,0.8,86.93,673.38,0,0.52
4425,2015-04-03 08:00,-9.3,2.64,70.24,673.28,0,0.72
4426,2015-04-03 09:00,-8.8,3.84,61.16,673.18,0,0.83
4427,2015-04-03 10:00,-8.2,2.24,78.15,673.28,0,0.83
4428,2015-04-03 11:00,-7.6,1.76,73.84,673.38,0,0.83
4429,2015-04-03 12:00,-6.7,1.84,74.65,673.38,0,0.84
4430,2015-04-03 13:00,-6.3,0.5,77.72,673.28,0,0.91
4431,2015-04-03 14:00,-5.3,0.5,83.71,673.18,0,0.92
4432,2015-04-03 15:00,-5.3,0.5,86.48,672.98,0,0.96
4433,2015-04-03 16:00,-5.9,1.28,85.63,672.78,0,0.96
4434,2015-04-03 17:00,-6.6,0.5,87.15,672.58,0,0.94
4435,2015-04-03 18:00,-7.4,2.1,94.51,672.28,0,0.84
4436,2015-04-03 19:00,-8,2.62,95.9,672.18,0.1682,0.94
4437,2015-04-03 20:00,-8.4,3.28,94.13,671.98,0.3363,1
4438,2015-04-03 21:00,-9.2,2.68,91.1,671.58,0.6726,1
4439,2015-04-03 22:00,-9.7,2.74,85.61,671.08,0.1682,1
4440,2015-04-03 23:00,-10.3,1.78,92.41,670.58,0,1
4441,2015-04-04 00:00,-10.9,0.5,94.11,670.08,0,1
4442,2015-04-04 01:00,-11.6,1.58,95.51,669.48,0,0.96
4443,2015-04-04 02:00,-11.7,1.66,95.51,669.08,0,0.85
4444,2015-04-04 03:00,-11.6,0.5,94.43,668.58,0.3363,1
4445,2015-04-04 04:00,-12.4,0.5,93.05,668.18,0.1682,1
4446,2015-04-04 05:00,-13.1,2.08,93.69,668.08,0,1
4447,2015-04-04 06:00,-12.7,1.04,94.02,667.78,0.3363,0.94
4448,2015-04-04 07:00,-11.9,0.8,93.65,667.58,1.8498,0.9
4449,2015-04-04 08:00,-9.8,2.08,93.66,667.58,0,0.98
4450,2015-04-04 09:00,-9.2,2.8,93.68,667.38,0,0.98
4451,2015-04-04 10:00,-8.7,2.08,93.68,667.28,0,0.98
4452,2015-04-04 11:00,-9,4.56,93.69,666.98,0,0.98
4453,2015-04-04 12:00,-5.2,2.08,93.69,666.68,0,0.98
4454,2015-04-04 13:00,-5.5,0.5,93.68,666.28,0,0.98
4455,2015-04-04 14:00,-5.7,2.8,93.7,665.98,0,0.97
4456,2015-04-04 15:00,-6.9,2.08,93.69,665.58,0.1682,0.97
4457,2015-04-04 16:00,-7.3,2.08,92.99,665.38,0,0.96
4458,2015-04-04 17:00,-9.2,2.8,92.97,665.08,0.1682,0.94
4459,2015-04-04 18:00,-10.9,0.64,92.96,664.78,0.3363,1
4460,2015-04-04 19:00,-12,0.8,93.65,664.68,0.3363,1
4461,2015-04-04 20:00,-12.6,0.8,93.65,664.48,0.3363,1
4462,2015-04-04 21:00,-13.6,0.8,93.65,664.18,0.3363,1
4463,2015-04-04 22:00,-14.2,2.08,92.93,664.08,0,1
4464,2015-04-04 23:00,-14.4,1.28,92.91,663.98,0.1682,1
4465,2015-04-05 00:00,-14.8,1.28,92.53,663.88,0,1
4466,2015-04-05 01:00,-15.4,0.64,92.5,663.58,0,1
4467,2015-04-05 02:00,-15.8,0.8,92.5,663.38,0,1
4468,2015-04-05 03:00,-15.8,1.28,92.5,663.18,0,1
4469,2015-04-05 04:00,-16,0.8,92.13,662.98,0,1
4470,2015-04-05 05:00,-15.9,1.28,92.12,663.18,0,1
4471,2015-04-05 06:00,-15.9,2.8,92.11,663.28,0,0.99
4472,2015-04-05 07:00,-14.7,1.28,92.09,663.48,0,0.89
4473,2015-04-05 08:00,-13.7,1.28,92.11,663.98,0,0.96
4474,2015-04-05 09:00,-12.4,4.16,92.04,664.18,0,0.98
4475,2015-04-05 10:00,-11.7,2.08,92.16,664.48,0,0.98
4476,2015-04-05 11:00,-12.4,4.16,92.55,664.68,0,0.98
4477,2015-04-05 12:00,-13.5,3.04,92.5,664.78,0,0.98
4478,2015-04-05 13:00,-13.9,1.28,92.57,664.88,0,0.98
4479,2015-04-05 14:00,-13.9,1.28,92.5,664.78,0,0.98
4480,2015-04-05 15:00,-11.9,0.8,92.55,664.88,0,0.97
4481,2015-04-05 16:00,-12.2,0.64,92.55,665.08,0,0.96
4482,2015-04-05 17:00,-16.6,0.5,91.44,665.08,0,0.95
4483,2015-04-05 18:00,-18.7,0.5,91.71,665.18,0,1
4484,2015-04-05 19:00,-19.9,0.5,91.69,665.48,0,1
4485,2015-04-05 20:00,-19.7,0.5,90.97,665.78,0,1
4486,2015-04-05 21:00,-19.5,0.5,90.59,666.28,0,1
4487,2015-04-05 22:00,-19.6,0.5,90.58,666.58,0,1
4488,2015-04-05 23:00,-18.9,0.5,90.59,666.98,0,1
4489,2015-04-06 00:00,-18.2,0.8,90.04,666.78,0,1
4490,2015-04-06 01:00,-18.1,0.64,81.63,666.78,0,1
4491,2015-04-06 02:00,-17.7,0.5,75.31,666.78,0,1
4492,2015-04-06 03:00,-15.9,0.5,70.3,666.78,0,1
4493,2015-04-06 04:00,-16,0.5,67.96,667.08,0,1
4494,2015-04-06 05:00,-15.6,0.5,47.96,667.78,0,0.97
4495,2015-04-06 06:00,-15.1,0.5,39.46,668.48,0,0.99
4496,2015-04-06 07:00,-14.7,0.5,31.54,668.98,0,0
4497,2015-04-06 08:00,-13.2,5.52,31.33,669.68,0,0
4498,2015-04-06 09:00,-12.3,5.68,36.61,670.28,0,0
4499,2015-04-06 10:00,-11.5,6.48,41.88,670.38,0,0
4500,2015-04-06 11:00,-11.1,7.12,45.89,670.38,0,0
4501,2015-04-06 12:00,-9.9,10,48.94,670.68,0,0
4502,2015-04-06 13:00,-9.8,13.28,53.12,670.28,3.1109,0
4503,2015-04-06 14:00,-9.8,14.24,67.89,670.98,0,0
4504,2015-04-06 15:00,-10.2,18.08,65.52,670.88,0,0
4505,2015-04-06 16:00,-9.9,22.32,51.02,670.78,0,0
4506,2015-04-06 17:00,-11,22.16,47.98,670.88,0,0.95
4507,2015-04-06 18:00,-11.3,20.08,41.18,671.38,0,0
4508,2015-04-06 19:00,-13.4,16.32,45.78,671.88,0,0
4509,2015-04-06 20:00,-14.4,15.2,56.39,672.38,0,0
4510,2015-04-06 21:00,-14.3,16.8,52.35,672.38,0,0
4511,2015-04-06 22:00,-14.6,18.24,38.46,672.38,0,0
4512,2015-04-06 23:00,-14.4,21.76,32.82,672.58,0,0
4513,2015-04-07 00:00,-14.6,22,29.12,672.78,0,0
4514,2015-04-07 01:00,-14.5,20.88,26.32,672.48,0,0
4515,2015-04-07 02:00,-13.8,19.68,25.34,672.38,0,0
4516,2015-04-07 03:00,-14,25.76,35.97,671.88,0,0
4517,2015-04-07 04:00,-14.3,22.4,34.89,672.48,0,0
4518,2015-04-07 05:00,-14.9,20.96,29.14,673.38,0,0
4519,2015-04-07 06:00,-15.7,18,23.08,673.88,0,1
4520,2015-04-07 07:00,-15.4,17.92,17.27,675.08,0,0
4521,2015-04-07 08:00,-15.4,13.84,18.44,675.18,0,0
4522,2015-04-07 09:00,-15.1,15.84,19.95,675.68,0,0
4523,2015-04-07 10:00,-14.9,16.48,22.45,676.18,0,0
4524,2015-04-07 11:00,-14.6,16.24,23.8,676.18,0,0
4525,2015-04-07 12:00,-13.6,11.28,27.16,676.58,0,0
4526,2015-04-07 13:00,-13.4,9.6,30.26,677.38,0,0
4527,2015-04-07 14:00,-13.5,12.64,28.75,677.38,0,0
4528,2015-04-07 15:00,-13,13.84,28.79,677.88,0,0
4529,2015-04-07 16:00,-12.3,14.16,26.65,677.98,0,0
4530,2015-04-07 17:00,-11.9,16,25.72,678.58,0,0.95
4531,2015-04-07 18:00,-11.6,15.28,24.07,679.18,0,0
4532,2015-04-07 19:00,-11.6,15.36,29.64,679.08,0,0
4533,2015-04-07 20:00,-11.8,15.6,31.16,679.58,0,0
4534,2015-04-07 21:00,-11,10.96,33.31,680.08,0,0
4535,2015-04-07 22:00,-10.9,9.28,34.65,680.18,0,0
4536,2015-04-07 23:00,-10.7,13.68,32.26,679.88,0,0
4537,2015-04-08 00:00,-10.9,13.68,26.42,679.98,0,0
4538,2015-04-08 01:00,-10.7,13.6,26.55,680.18,0,0
4539,2015-04-08 02:00,-10.8,12.16,27.29,679.88,0,0
4540,2015-04-08 03:00,-10.9,9.84,29.18,680.08,0,0
4541,2015-04-08 04:00,-7.3,14.08,29.67,680.28,0,0
4542,2015-04-08 05:00,-6.9,14.72,33.54,680.68,0,0
4543,2015-04-08 06:00,-6.5,14.72,35.74,680.98,0,0.99
4544,2015-04-08 07:00,-5.3,14,36.71,681.68,0,0
4545,2015-04-08 08:00,-5,10.24,31.95,682.38,0,0.02
4546,2015-04-08 09:00,-4.6,6.8,28.07,682.68,0,0
4547,2015-04-08 10:00,-3.7,4.16,28.42,683.18,0,0
4548,2015-04-08 11:00,-4,5.84,25.94,683.48,0,0
4549,2015-04-08 12:00,-4.9,8.24,21.31,683.58,0,0
4550,2015-04-08 13:00,-4.7,8.32,19.45,683.88,0,0
4551,2015-04-08 14:00,-4.9,8.32,21.97,683.48,0,0
4552,2015-04-08 15:00,-5.1,7.44,22.68,684.08,0,0
4553,2015-04-08 16:00,-4.9,8.16,20.76,684.38,0,0
4554,2015-04-08 17:00,-5,8.64,21.39,684.48,0,0.95
4555,2015-04-08 18:00,-4.3,8.64,23.51,684.68,0,0
4556,2015-04-08 19:00,-4.5,11.28,24.22,685.28,0,0
4557,2015-04-08 20:00,-5.1,9.2,24.55,685.38,0,0
4558,2015-04-08 21:00,-5.1,3.6,24.47,685.18,0,0
4559,2015-04-08 22:00,-5.1,1.6,22.1,685.58,0,0
4560,2015-04-08 23:00,-5.8,2.32,27.04,685.38,0,0
4561,2015-04-09 00:00,-5.6,2,30.74,685.48,0,0
4562,2015-04-09 01:00,-4.6,0.5,31.39,685.38,0,0
4563,2015-04-09 02:00,-3.9,2.48,32.4,685.38,0,0
4564,2015-04-09 03:00,-4.1,2.8,31.42,685.28,0,0
4565,2015-04-09 04:00,-3.7,2.56,34.88,685.28,0,0
4566,2015-04-09 05:00,-4.8,3.44,32.01,685.48,0,0
4567,2015-04-09 06:00,-3.8,2.56,28.91,685.68,0,0.99
4568,2015-04-09 07:00,-3,1.2,28.58,685.78,0,0.08
4569,2015-04-09 08:00,-1.1,1.28,24.32,685.88,0,0
4570,2015-04-09 09:00,-1.2,1.28,20.95,686.08,0,0
4571,2015-04-09 10:00,1,0.5,23.71,686.18,0,0
4572,2015-04-09 11:00,0.9,0.5,24.75,686.08,0,0
4573,2015-04-09 12:00,0.4,0.5,27.65,686.08,0,0
4574,2015-04-09 13:00,1.7,1.76,30.93,686.08,0,0
4575,2015-04-09 14:00,1.8,2.48,36.24,685.88,0,0
4576,2015-04-09 15:00,-0.3,2.08,48.17,685.68,0,0
4577,2015-04-09 16:00,-0.5,2.32,48.06,685.58,0,0
4578,2015-04-09 17:00,-1.7,2.4,53.14,685.48,0,0.94
4579,2015-04-09 18:00,-3.2,3.52,51.14,685.38,0,0
4580,2015-04-09 19:00,-4.7,4.08,53.51,685.38,0,0
4581,2015-04-09 20:00,-4.9,5.52,46.01,685.58,0,0
4582,2015-04-09 21:00,-5,3.76,41.03,685.58,0,0
4583,2015-04-09 22:00,-4.9,3.2,38.69,685.38,0,0
4584,2015-04-09 23:00,-5.4,1.12,37.33,685.18,0,0
4585,2015-04-10 00:00,-5.1,2.4,37.5,684.88,0,0
4586,2015-04-10 01:00,-5.3,2.64,40.23,684.48,0,0
4587,2015-04-10 02:00,-5.1,1.52,42.44,684.28,0,0
4588,2015-04-10 03:00,-5.3,2.4,41.99,683.98,0,0
4589,2015-04-10 04:00,-5.7,3.2,43.64,683.78,0,0
4590,2015-04-10 05:00,-5.5,5.84,39.82,683.68,0,0
4591,2015-04-10 06:00,-4.1,3.44,37.27,683.78,0,0.99
4592,2015-04-10 07:00,-2.8,2.48,37.41,683.58,0,0.3
4593,2015-04-10 08:00,-1.6,0.96,41.18,683.48,0,0
4594,2015-04-10 09:00,-0.8,1.68,35.1,683.58,0,0
4595,2015-04-10 10:00,-1.1,3.36,25.62,683.48,0,0
4596,2015-04-10 11:00,-2.1,3.52,24.83,683.08,0,0
4597,2015-04-10 12:00,-3,2.72,44.68,682.88,0,0
4598,2015-04-10 13:00,-2.6,2.4,58.13,682.58,0,0
4599,2015-04-10 14:00,-4.1,2.08,60.19,682.18,0,0.12
4600,2015-04-10 15:00,-4.8,2.96,62.53,681.68,0,0.3
4601,2015-04-10 16:00,-5.6,5.12,68.36,681.08,0,0
4602,2015-04-10 17:00,-7.1,8,72.44,680.88,0,0.94
4603,2015-04-10 18:00,-7.8,6.64,64.16,680.68,0,0
4604,2015-04-10 19:00,-8,7.6,75.38,680.58,0,0
4605,2015-04-10 20:00,-9,7.76,87.92,680.28,0,0
4606,2015-04-10 21:00,-9.6,5.68,92.54,680.18,0,0
4607,2015-04-10 22:00,-9.2,3.12,98.12,680.08,0,0
4608,2015-04-10 23:00,-9.4,3.28,100,679.78,0,0.31
4609,2015-04-11 00:00,-10.1,3.44,98.86,679.38,0,0.28
4610,2015-04-11 01:00,-9.6,1.84,95.92,678.88,0,0.57
4611,2015-04-11 02:00,-9.8,2.08,85.67,678.68,0,0.44
4612,2015-04-11 03:00,-10.1,1.84,86.51,678.48,0,0.79
4613,2015-04-11 04:00,-10.2,0.5,87.98,678.38,0,0.91
4614,2015-04-11 05:00,-10.2,0.5,86.22,678.38,0,0.92
4615,2015-04-11 06:00,-9.2,0.5,77.18,678.58,0,0.98
4616,2015-04-11 07:00,-8.6,0.5,74.09,678.88,0.0841,0.91
4617,2015-04-11 08:00,-6.9,0.64,70.42,679.18,0,0.65
4618,2015-04-11 09:00,-6.2,0.88,70.74,679.48,0,0.66
4619,2015-04-11 10:00,-5.5,0.5,78.28,679.78,0,0.61
4620,2015-04-11 11:00,-5.3,0.5,76.49,679.88,0,0.65
4621,2015-04-11 12:00,-4.3,0.5,76.04,680.08,0,0.69
4622,2015-04-11 13:00,-4.5,0.5,81.72,680.28,0.056,0.69
4623,2015-04-11 14:00,-5.1,0.5,79.7,680.28,0,0.72
4624,2015-04-11 15:00,-6.6,1.44,78.73,680.48,0.056,0.66
4625,2015-04-11 16:00,-7.3,1.2,85.96,680.58,0,0.79
4626,2015-04-11 17:00,-7.9,3.04,94.52,680.78,0.056,0.94
4627,2015-04-11 18:00,-8.3,4.8,94.49,681.08,0,1
4628,2015-04-11 19:00,-8.8,8.96,94.13,681.48,0,0.93
4629,2015-04-11 20:00,-8.1,7.84,92.1,682.18,0,1
4630,2015-04-11 21:00,-7,9.84,94.13,682.68,0,0.6
4631,2015-04-11 22:00,-6.8,7.68,89.49,682.88,0,0.56
4632,2015-04-11 23:00,-6.6,3.76,57.61,683.18,0,0.66
4633,2015-04-12 00:00,-6.4,4.4,45.64,683.38,0,0.42
4634,2015-04-12 01:00,-6.4,5.68,36.12,683.38,0,0
4635,2015-04-12 02:00,-6.2,3.92,35.78,683.58,0,0
4636,2015-04-12 03:00,-6.2,1.28,33.44,683.68,0,0
4637,2015-04-12 04:00,-7.3,0.5,32.58,683.78,0,0
4638,2015-04-12 05:00,-7.2,1.52,37.72,683.98,0,0
4639,2015-04-12 06:00,-6.1,2.96,33.06,684.28,0,0.99
4640,2015-04-12 07:00,-5.5,5.12,33,684.48,0,0.6
4641,2015-04-12 08:00,-3.6,0.72,37.86,684.88,0,0.08
4642,2015-04-12 09:00,-1.9,0.5,34.73,685.28,0,0.33
4643,2015-04-12 10:00,-1.2,0.5,35.77,685.48,0,0
4644,2015-04-12 11:00,-0.2,0.72,35.2,685.58,0,0
4645,2015-04-12 12:00,-0.9,0.5,36.47,685.48,0,0
4646,2015-04-12 13:00,-1.7,0.72,42.64,685.38,0,0
4647,2015-04-12 14:00,-2.3,0.5,49,685.28,0,0
4648,2015-04-12 15:00,-3.4,1.24,50.72,685.18,0,0.1
4649,2015-04-12 16:00,-4,1.22,50.21,685.18,0,0
4650,2015-04-12 17:00,-4.6,0.5,56.26,685.18,0,0.94
4651,2015-04-12 18:00,-5.9,0.88,58.87,685.18,0,0
4652,2015-04-12 19:00,-6.9,0.8,61.13,685.58,0,0
4653,2015-04-12 20:00,-7,0.5,66.96,685.78,0,0
4654,2015-04-12 21:00,-7.2,0.5,61.87,685.78,0,0
4655,2015-04-12 22:00,-7.7,0.5,57.91,685.88,0,0
4656,2015-04-12 23:00,-7.8,0.5,54.76,685.78,0,0
4657,2015-04-13 00:00,-7.4,2.32,55.95,685.78,0,0
4658,2015-04-13 01:00,-7,5.28,58.08,685.58,0,0
4659,2015-04-13 02:00,-6.7,4.56,57.34,685.38,0,0
4660,2015-04-13 03:00,-6.5,5.52,61.24,685.38,0,0
4661,2015-04-13 04:00,-6.7,8.32,63.57,685.28,0,0
4662,2015-04-13 05:00,-6.3,9.36,54.04,685.38,0,0
4663,2015-04-13 06:00,-6.3,8.16,39.56,685.58,0,0.98
4664,2015-04-13 07:00,-5.8,5.52,30.68,685.98,0,0.01
4665,2015-04-13 08:00,-5.7,9.04,25.16,686.18,0,0
4666,2015-04-13 09:00,-4.9,4.96,25.77,686.58,0,0
4667,2015-04-13 10:00,-4.6,7.76,27.7,686.48,0,0
4668,2015-04-13 11:00,-4.2,2.24,37.9,686.58,0,0
4669,2015-04-13 12:00,-4.1,3.92,37.89,686.58,0,0
4670,2015-04-13 13:00,-4.4,3.6,36.39,686.48,0,0
4671,2015-04-13 14:00,-4.6,2.48,35.63,686.28,0,0
4672,2015-04-13 15:00,-4.8,3.28,47.14,686.38,0,0.09
4673,2015-04-13 16:00,-5.1,3.28,51.64,686.08,0,0
4674,2015-04-13 17:00,-5.5,2.72,56.85,685.98,0,0.92
4675,2015-04-13 18:00,-6.3,0.5,69.48,685.68,0,0
4676,2015-04-13 19:00,-7.6,0.5,67.33,685.68,0,0
4677,2015-04-13 20:00,-7.7,0.64,59.71,685.78,0,0
4678,2015-04-13 21:00,-7.5,3.04,51.95,685.48,0,0
4679,2015-04-13 22:00,-7.2,5.12,42.64,685.28,0,0
4680,2015-04-13 23:00,-7,8.88,30.44,684.98,0,0
4681,2015-04-14 00:00,-7.2,10.64,24.83,684.68,0,0
4682,2015-04-14 01:00,-6.5,7.44,19.88,684.68,0,0
4683,2015-04-14 02:00,-6.2,13.12,19.22,684.48,0,0.35
4684,2015-04-14 03:00,-6.7,10.96,17.14,684.48,0,0.5
4685,2015-04-14 04:00,-6.2,13.2,17.5,684.58,0,0.09
4686,2015-04-14 05:00,-5.9,14.4,18.73,684.68,0,0.35
4687,2015-04-14 06:00,-5.1,13.2,14.78,685.38,0,0.87
4688,2015-04-14 07:00,-4.5,12.48,13.24,685.68,0,0.63
4689,2015-04-14 08:00,-3.9,13.84,13.75,685.98,0,0.65
4690,2015-04-14 09:00,-3.8,13.12,14.9,686.18,0,0.6
4691,2015-04-14 10:00,-3.8,8.64,14.99,686.48,0,0
4692,2015-04-14 11:00,-2.8,8.64,16.62,686.58,0,0.57
4693,2015-04-14 12:00,-1.7,4.16,19.97,686.68,0,0.11
4694,2015-04-14 13:00,-2.2,6.8,20.5,686.58,0,0.01
4695,2015-04-14 14:00,-2.4,8,23.1,686.28,0,0
4696,2015-04-14 15:00,-2,3.68,29.08,686.08,0,0
4697,2015-04-14 16:00,-0.4,0.96,31.21,686.18,0,0
4698,2015-04-14 17:00,0,2.32,30.84,686.18,0,0.85
4699,2015-04-14 18:00,-1.8,2.72,30.9,686.28,0,0
4700,2015-04-14 19:00,-2.6,2.32,21.61,686.58,0,0
4701,2015-04-14 20:00,-2.2,4.88,13.11,686.68,0,0
4702,2015-04-14 21:00,-2.3,4.16,10.66,686.58,0,0
4703,2015-04-14 22:00,-2.1,3.84,10.05,686.58,0,0
4704,2015-04-14 23:00,-2.6,4.88,10.77,686.28,0,0
4705,2015-04-15 00:00,-2.8,3.92,9.76,685.98,0,0
4706,2015-04-15 01:00,-2.1,3.28,11.51,685.58,0,0
4707,2015-04-15 02:00,-2.2,2.4,10.88,685.28,0,0
4708,2015-04-15 03:00,-2,3.2,10.58,684.98,0,0
4709,2015-04-15 04:00,-2.8,1.68,10.81,684.68,0,0
4710,2015-04-15 05:00,-3,2.32,10.93,684.68,0,0
4711,2015-04-15 06:00,-1.5,1.52,9.31,684.68,0,0.99
4712,2015-04-15 07:00,1.5,0.88,7.68,684.78,0,0.05
4713,2015-04-15 08:00,3,0.5,8.54,684.78,0,0
4714,2015-04-15 09:00,2.2,0.5,10.11,684.88,0,0
4715,2015-04-15 10:00,2,1.44,11.85,684.78,0,0
4716,2015-04-15 11:00,2.2,1.2,14.75,684.58,0,0
4717,2015-04-15 12:00,2.2,0.5,19.11,684.38,0,0
4718,2015-04-15 13:00,1.5,0.5,20.84,684.18,0,0
4719,2015-04-15 14:00,1.4,0.5,24,683.88,0,0
4720,2015-04-15 15:00,-0.5,0.56,22.83,683.58,0,0
4721,2015-04-15 16:00,-1,0.5,23.76,683.38,0,0
4722,2015-04-15 17:00,-1.5,0.5,28.5,683.38,0,0.81
4723,2015-04-15 18:00,-2.7,0.5,31.38,683.18,0,0
4724,2015-04-15 19:00,-3.9,0.5,36.34,683.38,0,0
4725,2015-04-15 20:00,-4.1,0.5,27.6,683.38,0,0
4726,2015-04-15 21:00,-4.1,0.88,26.56,683.28,0,0
4727,2015-04-15 22:00,-4.2,0.5,24.98,683.28,0,0
4728,2015-04-15 23:00,-3.1,0.72,18.61,683.18,0,0
4729,2015-04-16 00:00,-2.9,1.12,14.26,682.78,0,0
4730,2015-04-16 01:00,-3.3,0.88,15.76,682.28,0,0
4731,2015-04-16 02:00,-3.3,2.08,13.14,681.98,0,0
4732,2015-04-16 03:00,-4,0.5,10.74,681.38,0,0.08
4733,2015-04-16 04:00,-4.5,0.8,11.21,681.08,0,0
4734,2015-04-16 05:00,-4.7,0.5,11.59,680.98,0,0
4735,2015-04-16 06:00,-3.8,1.36,9.32,680.98,0,0.82
4736,2015-04-16 07:00,-2.9,2.96,11.14,681.08,0,0.87
4737,2015-04-16 08:00,-2,4.16,17.8,681.08,0,0.19
4738,2015-04-16 09:00,-1.5,4.56,23.89,681.08,0,0.46
4739,2015-04-16 10:00,-1.7,2.48,31.89,681.08,0,0.74
4740,2015-04-16 11:00,-2.3,0.5,49.12,680.68,0,0.89
4741,2015-04-16 12:00,-2.3,0.5,73.66,680.48,0,0.84
4742,2015-04-16 13:00,-2.1,1.92,84.52,680.28,0,0.79
4743,2015-04-16 14:00,-2.2,3.12,89.37,679.88,0,0.88
4744,2015-04-16 15:00,-2.4,4,91.63,679.48,0,0.97
4745,2015-04-16 16:00,-3.1,2.88,97.88,678.78,0.6166,0.96
4746,2015-04-16 17:00,-3.7,2.32,97.05,678.88,0.056,0.94
4747,2015-04-16 18:00,-4.4,3.12,94.68,678.68,0,0.82
4748,2015-04-16 19:00,-5.3,4.16,97.08,678.58,0.2803,1
4749,2015-04-16 20:00,-4.9,2.08,94.98,678.68,0.056,0.88
4750,2015-04-16 21:00,-4.8,2.08,92.64,678.58,0.1121,0.97
4751,2015-04-16 22:00,-5.1,4.16,94.98,678.38,0.1682,0.87
4752,2015-04-16 23:00,-5.6,2.08,97.43,677.88,0.2803,0.94
4753,2015-04-17 00:00,-5.6,4.16,97.42,677.48,0.1121,0.82
4754,2015-04-17 01:00,-5.7,2.08,91.96,677.08,0.2803,0.99
4755,2015-04-17 02:00,-5.8,0.5,91.02,676.68,0.4484,0.98
4756,2015-04-17 03:00,-5.9,2.08,89.16,676.08,0.8408,0.91
4757,2015-04-17 04:00,-6.3,0.5,87.69,675.68,0.6166,0.98
4758,2015-04-17 05:00,-6.6,2.08,98.87,675.38,0.6726,0.75
4759,2015-04-17 06:00,-6.3,0.5,100,675.28,0.2522,0.98
4760,2015-04-17 07:00,-5.1,0.5,99.42,675.28,0.6166,0.98
4761,2015-04-17 08:00,-4.1,0.5,97.28,675.28,1.5975,0.98
4762,2015-04-17 09:00,-0.9,0.5,92.62,675.38,1.4294,0.98
4763,2015-04-17 10:00,1.9,0.5,92.63,675.58,1.4013,0.97
4764,2015-04-17 11:00,3,0.5,92.61,675.68,1.065,0.97
4765,2015-04-17 12:00,-0.3,0.5,91.95,675.58,0.3924,0.97
4766,2015-04-17 13:00,0.5,0.5,91.94,675.58,0,0.97
4767,2015-04-17 14:00,-1.2,0.8,91.94,675.48,0,0.97
4768,2015-04-17 15:00,-3,0.5,90.97,675.38,0,0.97
4769,2015-04-17 16:00,-3.8,0.5,90.94,675.28,0,0.96
4770,2015-04-17 17:00,-5.8,0.8,94.91,674.88,0,0.94
4771,2015-04-17 18:00,-6.9,1.36,95.6,674.98,0,0.85
4772,2015-04-17 19:00,-7.7,1.44,94.88,675.38,0,1
4773,2015-04-17 20:00,-7.8,0.88,94.87,675.58,0,1
4774,2015-04-17 21:00,-7.7,0.72,95.58,675.38,0,1
4775,2015-04-17 22:00,-7.7,1.28,94.87,675.48,0,1
4776,2015-04-17 23:00,-7.2,0.5,94.86,675.48,0,1
4777,2015-04-18 00:00,-7.1,1.28,94.86,675.28,0,1
4778,2015-04-18 01:00,-7.5,0.64,94.86,675.08,0,1
4779,2015-04-18 02:00,-7.7,1.36,94.86,674.68,0,1
4780,2015-04-18 03:00,-7.6,1.28,94.86,674.38,0,1
4781,2015-04-18 04:00,-7.8,0.56,94.51,674.48,0,1
4782,2015-04-18 05:00,-8,0.5,94.51,674.38,0,0.96
4783,2015-04-18 06:00,-6.9,6.72,94.51,674.48,0,0.98
4784,2015-04-18 07:00,-5.3,4.16,94.51,674.68,0,0.98
4785,2015-04-18 08:00,-3.6,4.16,93.49,674.68,0,0.98
4786,2015-04-18 09:00,-3.4,2.08,91.55,674.98,0,0.98
4787,2015-04-18 10:00,-3,2.8,89.96,675.08,0,0.98
4788,2015-04-18 11:00,-1.1,0.5,86.98,675.08,0,0.98
4789,2015-04-18 12:00,-1.9,0.5,86.7,675.18,0.1121,0.98
4790,2015-04-18 13:00,-3.3,0.64,87.61,675.08,0,0.97
4791,2015-04-18 14:00,-4.6,0.5,86.65,674.68,0,0.97
4792,2015-04-18 15:00,-3.5,1.82,78.67,674.68,0,0.94
4793,2015-04-18 16:00,-2.9,0.5,78.16,674.68,0,0.93
4794,2015-04-18 17:00,-4.4,1.54,76.23,674.78,0,0.88
4795,2015-04-18 18:00,-6.5,1.54,77.15,674.98,0,1
4796,2015-04-18 19:00,-8.9,4.16,80.16,675.18,0,0.47
4797,2015-04-18 20:00,-9.2,1.26,90.9,675.18,0.1682,0.71
4798,2015-04-18 21:00,-7.6,2.24,92.53,675.18,0.1682,0.97
4799,2015-04-18 22:00,-8.6,1.96,94.55,674.88,0.6726,1
4800,2015-04-18 23:00,-9.7,0.5,92.52,674.78,0,1
4801,2015-04-19 00:00,-9.7,0.5,94.54,674.48,0,1
4802,2015-04-19 01:00,-8.8,0.5,94.19,674.18,0.1682,0.95
4803,2015-04-19 02:00,-8.3,0.5,93.5,673.98,0,1
4804,2015-04-19 03:00,-8.7,0.5,92.48,673.68,0,1
4805,2015-04-19 04:00,-8.6,0.5,92.47,673.48,0,1
4806,2015-04-19 05:00,-8.6,0.5,92.47,673.48,0,0.77
4807,2015-04-19 06:00,-7.6,0.5,90.2,673.48,0,0.82
4808,2015-04-19 07:00,-6.1,0.72,87.46,673.88,0,0.97
4809,2015-04-19 08:00,-6.8,1.04,84.32,674.08,0,0.98
4810,2015-04-19 09:00,-7.9,0.5,77.81,674.38,0,0.97
4811,2015-04-19 10:00,-5.4,0.5,78.7,674.58,0,0.88
4812,2015-04-19 11:00,-4.1,0.5,87.69,674.68,0,0.73
4813,2015-04-19 12:00,-4.6,0.5,87.23,674.68,0,0.47
4814,2015-04-19 13:00,-4.8,0.5,86.96,674.88,2.6906,0.69
4815,2015-04-19 14:00,-1.6,0.5,80.18,674.88,2.5224,0
4816,2015-04-19 15:00,0.3,0.5,84.58,674.98,0.6726,0.34
4817,2015-04-19 16:00,-2.4,0.8,84.54,675.18,0,0.63
4818,2015-04-19 17:00,-6.3,0.96,88.5,675.38,0,0.46
4819,2015-04-19 18:00,-8.3,1.28,95.58,675.58,0,0.73
4820,2015-04-19 19:00,-9,1.28,97.37,675.88,0,1
4821,2015-04-19 20:00,-9.1,4.16,95.91,676.08,0,1
4822,2015-04-19 21:00,-8.9,6.88,95.55,676.18,0,0.92
4823,2015-04-19 22:00,-9.2,6.72,95.19,676.48,0,1
4824,2015-04-19 23:00,-9.3,3.6,94.49,676.58,0,0.85
4825,2015-04-20 00:00,-9.1,8.56,94.48,676.58,0,0.88
4826,2015-04-20 01:00,-9,3.36,94.13,676.58,0,0.99
4827,2015-04-20 02:00,-8.4,2.4,94.1,676.58,0,0.93
4828,2015-04-20 03:00,-8.5,1.92,93.72,676.58,0,0.91
4829,2015-04-20 04:00,-8.7,3.2,62.22,676.58,0,0.83
4830,2015-04-20 05:00,-9.2,3.6,35.22,676.68,0,1
4831,2015-04-20 06:00,-8.2,3.84,25.6,677.18,0,0.81
4832,2015-04-20 07:00,-7.6,4.16,22.04,677.48,0,0
4833,2015-04-20 08:00,-7.4,4.8,20.68,677.68,0,0
4834,2015-04-20 09:00,-6.7,2.16,21.6,678.18,0,0
4835,2015-04-20 10:00,-8.1,4.8,24.91,678.68,0,0
4836,2015-04-20 11:00,-6.8,11.2,35.17,678.78,0,0
4837,2015-04-20 12:00,-6.9,5.2,47.24,679.08,0,0
4838,2015-04-20 13:00,-6.2,3.76,55.86,679.18,0,0
4839,2015-04-20 14:00,-8.4,8.96,60.08,678.88,0,0
4840,2015-04-20 15:00,-7.7,7.84,57.41,679.08,0,0
4841,2015-04-20 16:00,-8,6.96,54,679.08,0,0
4842,2015-04-20 17:00,-7.9,6.32,59.47,679.38,0,0.43
4843,2015-04-20 18:00,-8,6.4,87.67,679.48,0,0.98
4844,2015-04-20 19:00,-8.5,5.92,97.39,679.88,0,0
4845,2015-04-20 20:00,-8.6,6.88,96.66,679.98,0,0
4846,2015-04-20 21:00,-9.3,8.32,94.87,680.08,0,0.53
4847,2015-04-20 22:00,-9.2,7.6,94.17,680.38,0,0.47
4848,2015-04-20 23:00,-7.9,9.84,73.84,680.58,0,0.78
4849,2015-04-21 00:00,-7.5,9.44,38.17,680.68,0,0.88
4850,2015-04-21 01:00,-7.5,6,30.04,680.88,0,0
4851,2015-04-21 02:00,-7.5,5.52,23.43,680.98,0,0
4852,2015-04-21 03:00,-5.8,9.84,23.93,680.98,0,0
4853,2015-04-21 04:00,-5.6,6.4,23.86,681.28,0,0
4854,2015-04-21 05:00,-5.5,7.68,22.28,681.78,0,1
4855,2015-04-21 06:00,-4.4,10.72,17.49,682.28,0,0.76
4856,2015-04-21 07:00,-3.5,6.56,15.07,682.68,0,0
4857,2015-04-21 08:00,-3.8,7.76,14.42,683.18,0,0
4858,2015-04-21 09:00,-3.5,6.48,16.74,683.68,0,0
4859,2015-04-21 10:00,-3.6,6,16.72,684.18,0,0
4860,2015-04-21 11:00,-4.3,6.48,19.8,684.38,0,0
4861,2015-04-21 12:00,-4.5,6.16,21.61,684.58,0,0
4862,2015-04-21 13:00,-3,5.36,29.29,684.88,0,0
4863,2015-04-21 14:00,-2.9,2.72,34.95,684.98,0,0
4864,2015-04-21 15:00,-2.1,3.6,42.1,685.08,0,0
4865,2015-04-21 16:00,-1.7,3.52,44.13,685.08,0,0
4866,2015-04-21 17:00,-3.4,6.4,49.4,685.08,0,0.41
4867,2015-04-21 18:00,-3.5,7.68,61.01,685.18,0,0.89
4868,2015-04-21 19:00,-2.9,9.2,68.03,685.48,0,0
4869,2015-04-21 20:00,-3.9,7.84,75.64,685.68,0,0
4870,2015-04-21 21:00,-3.6,7.28,53.13,685.88,0,0
4871,2015-04-21 22:00,-2.8,8,33.48,685.78,0,0
4872,2015-04-21 23:00,-2.9,6.4,39.97,685.68,0,0
4873,2015-04-22 00:00,-2.2,4.32,45.21,685.58,0,0
4874,2015-04-22 01:00,-2.2,3.68,46.76,685.18,0,0
4875,2015-04-22 02:00,-3.1,2.96,40.57,685.08,0,0
4876,2015-04-22 03:00,-4.2,0.5,38.11,684.68,0,0
4877,2015-04-22 04:00,-4.3,1.04,38.23,684.38,0,0
4878,2015-04-22 05:00,-3.1,5.44,30.71,684.38,0,1
4879,2015-04-22 06:00,-1.8,5.6,20.47,684.28,0,0.73
4880,2015-04-22 07:00,-0.7,3.12,18.84,684.28,0,0.05
4881,2015-04-22 08:00,0.5,0.88,13.85,684.28,0,0
4882,2015-04-22 09:00,0.3,2.72,18.14,684.18,0,0
4883,2015-04-22 10:00,0.6,2.08,19.78,683.88,0,0
4884,2015-04-22 11:00,1.4,1.2,24.25,683.58,0,0
4885,2015-04-22 12:00,0.4,1.44,30.3,683.38,0,0
4886,2015-04-22 13:00,-0.2,0.96,39.84,683.08,0,0
4887,2015-04-22 14:00,-1.4,2.88,39.33,682.68,0,0
4888,2015-04-22 15:00,-1.2,2.96,43.81,682.48,0,0
4889,2015-04-22 16:00,-1.6,3.68,46.79,682.08,0,0
4890,2015-04-22 17:00,-2.6,6.72,49.89,681.58,0,0.24
4891,2015-04-22 18:00,-3.2,1.84,75.85,681.58,0,0.81
4892,2015-04-22 19:00,-4.1,0.88,86.59,681.58,0,0
4893,2015-04-22 20:00,-4.6,0.56,91.99,681.48,0,0
4894,2015-04-22 21:00,-4.2,6.56,91.66,681.18,0,0
4895,2015-04-22 22:00,-4,5.6,93.62,680.78,0,0
4896,2015-04-22 23:00,-3.8,3.84,92.63,680.38,0,0
4897,2015-04-23 00:00,-3.7,3.6,80.51,679.78,0,0.45
4898,2015-04-23 01:00,-4.7,3.12,90.98,679.28,0,0.74
4899,2015-04-23 02:00,-5.4,5.76,90.01,678.68,0,0.89
4900,2015-04-23 03:00,-6.2,1.76,93.89,678.18,0,1
4901,2015-04-23 04:00,-6.5,2.56,98.86,677.68,0,1
4902,2015-04-23 05:00,-6.4,2.8,97.39,677.48,0,1
4903,2015-04-23 06:00,-3.8,0.5,92.12,677.38,0,0.67
4904,2015-04-23 07:00,-3.1,1.28,77.42,677.28,0,0
4905,2015-04-23 08:00,-4.6,2.08,78.28,677.18,0,0
4906,2015-04-23 09:00,-4.4,1.52,76.63,677.08,0,0
4907,2015-04-23 10:00,-5.2,3.92,61.76,677.08,0,0
4908,2015-04-23 11:00,-5.2,6.88,62.34,676.88,0,0
4909,2015-04-23 12:00,-4.9,3.6,60.37,676.78,0,0
4910,2015-04-23 13:00,-4.5,2.4,55.87,676.68,0,0
4911,2015-04-23 14:00,-2.8,0.64,58.85,676.48,0,0
4912,2015-04-23 15:00,-1.6,0.96,65.94,676.38,0,0
4913,2015-04-23 16:00,-5.2,0.5,65.88,676.18,0,0.86
4914,2015-04-23 17:00,-7.2,6.4,84.94,676.08,0,0.95
4915,2015-04-23 18:00,-7.1,1.6,86.54,675.98,0,1
4916,2015-04-23 19:00,-8.4,9.44,85.05,676.18,0,0.74
4917,2015-04-23 20:00,-7.1,11.36,81.54,676.18,0,0.87
4918,2015-04-23 21:00,-7.2,9.68,86.67,676.18,0,0.71
4919,2015-04-23 22:00,-7.4,6.32,85.23,676.28,0,0
4920,2015-04-23 23:00,-7.5,9.92,86.06,676.08,0,0
4921,2015-04-24 00:00,-6.7,9.68,83.02,675.98,0,0
4922,2015-04-24 01:00,-6.7,8.16,76.21,675.88,0,0
4923,2015-04-24 02:00,-7.2,7.36,60.89,675.78,0,0
4924,2015-04-24 03:00,-6.4,12,37.57,675.58,0,0
4925,2015-04-24 04:00,-6.5,11.84,33.81,675.68,0,0
4926,2015-04-24 05:00,-6.6,11.68,29.5,675.88,0,1
4927,2015-04-24 06:00,-6.1,11.6,23.57,676.38,0,0.63
4928,2015-04-24 07:00,-5.1,8.56,21.72,676.68,0,0.05
4929,2015-04-24 08:00,-4.6,8.48,19.35,677.18,0,0
4930,2015-04-24 09:00,-3.4,6.08,23.31,677.38,0,0
4931,2015-04-24 10:00,-3.1,8.72,23.57,677.68,0,0
4932,2015-04-24 11:00,-3.4,7.12,25.79,677.98,0,0
4933,2015-04-24 12:00,-2.6,7.28,28.7,677.98,0,0
4934,2015-04-24 13:00,-2.4,6.4,29.34,678.08,0,0
4935,2015-04-24 14:00,-2.9,7.04,33.16,678.08,0,0
4936,2015-04-24 15:00,-2.9,6,33.87,678.08,0,0
4937,2015-04-24 16:00,-1.7,2.8,35.93,678.28,0,0
4938,2015-04-24 17:00,-1.6,0.96,49.54,678.38,0,0.29
4939,2015-04-24 18:00,-2.3,0.5,66.76,678.48,0,0.76
4940,2015-04-24 19:00,-4.7,0.5,77.82,678.58,0,0
4941,2015-04-24 20:00,-5.3,0.5,76.08,678.68,0,0
4942,2015-04-24 21:00,-5.2,0.72,63.24,678.58,0,0
4943,2015-04-24 22:00,-5.3,2.64,89.33,678.58,0,0
4944,2015-04-24 23:00,-5,3.84,98.15,678.18,0,0
4945,2015-04-25 00:00,-5.8,6.4,96.36,677.68,0,0
4946,2015-04-25 01:00,-6.2,5.2,98.88,677.48,0,0
4947,2015-04-25 02:00,-6.9,8.32,96,676.98,0,0
4948,2015-04-25 03:00,-7.3,7.68,96.35,676.58,0,0
4949,2015-04-25 04:00,-6.4,4.72,94.62,676.68,0,0.75
4950,2015-04-25 05:00,-5.8,3.68,93.64,676.58,0.2242,0.95
4951,2015-04-25 06:00,-5.6,3.68,91.56,676.48,0.2803,0.9
4952,2015-04-25 07:00,-4.8,2.48,97.55,676.68,0.3363,0.91
4953,2015-04-25 08:00,-4.1,3.44,94.66,676.48,0.7287,0.77
4954,2015-04-25 09:00,-4.2,5.52,93.05,676.48,0.7847,0.73
4955,2015-04-25 10:00,-3.4,4.56,93.38,676.48,1.5134,0.64
4956,2015-04-25 11:00,-3.2,3.92,91.16,676.28,1.3453,0.75
4957,2015-04-25 12:00,-2.2,1.36,90.58,676.18,1.065,0.54
4958,2015-04-25 13:00,-1.1,0.5,88.88,676.08,0.7287,0.6
4959,2015-04-25 14:00,-0.3,0.72,86.14,675.98,0.1121,0.56
4960,2015-04-25 15:00,-1.7,0.72,85.6,676.08,0,0.78
4961,2015-04-25 16:00,-1.6,0.64,87.14,676.08,0,0.26
4962,2015-04-25 17:00,-4.5,0.96,89.93,675.78,0.056,0.27
4963,2015-04-25 18:00,-5.4,0.5,92.08,675.78,0,1
4964,2015-04-25 19:00,-5.5,2.56,98.52,675.78,0,0
4965,2015-04-25 20:00,-5.5,2.96,94.99,675.88,0,0.92
4966,2015-04-25 21:00,-5.5,1.36,96.38,675.88,0.0841,0.97
4967,2015-04-25 22:00,-5.4,0.72,96.04,675.88,0.4204,1
4968,2015-04-25 23:00,-5.7,0.5,98.52,675.68,0.1682,1
4969,2015-04-26 00:00,-6.4,0.5,97.43,675.48,0,1
4970,2015-04-26 01:00,-7.1,0.5,88.89,675.08,0,1
4971,2015-04-26 02:00,-6.9,1.52,97.43,674.88,0,1
4972,2015-04-26 03:00,-7.2,4,94.61,674.48,0,1
4973,2015-04-26 04:00,-7.7,0.5,93.61,674.28,0,1
4974,2015-04-26 05:00,-7,2,89.16,674.28,0,0.78
4975,2015-04-26 06:00,-6.3,3.36,92.42,674.58,0,0.95
4976,2015-04-26 07:00,-5.5,5.36,85.62,674.48,0,0.52
4977,2015-04-26 08:00,-4.7,2.48,80.82,674.58,0.3924,0.65
4978,2015-04-26 09:00,-3.8,3.28,82.3,674.48,0,0.55
4979,2015-04-26 10:00,-3.2,3.04,89.05,674.58,0,0.54
4980,2015-04-26 11:00,-3.2,4,94.13,674.38,0,0.57
4981,2015-04-26 12:00,-2.7,2.4,85.47,674.18,0.056,0.58
4982,2015-04-26 13:00,-1.7,1.68,84.73,674.18,0.1121,0.45
4983,2015-04-26 14:00,-1.3,2.08,91.86,673.88,0.3924,0.49
4984,2015-04-26 15:00,-2.1,2.8,89.1,673.58,0.6726,0.56
4985,2015-04-26 16:00,-2.9,1.04,96.18,673.18,0.5045,0.25
4986,2015-04-26 17:00,-4.3,1.76,96.16,672.88,0.6726,0.19
4987,2015-04-26 18:00,-6.3,3.04,97.09,672.48,0.2803,1
4988,2015-04-26 19:00,-6.5,5.2,100,672.78,0.3363,0.53
4989,2015-04-26 20:00,-5.9,0.72,100,672.58,0.2522,0.97
4990,2015-04-26 21:00,-6.5,4.24,99.63,672.38,0.0841,1
4991,2015-04-26 22:00,-6.2,1.52,99.62,672.28,0.0841,1
4992,2015-04-26 23:00,-6,0.5,100,671.68,0.1682,1
4993,2015-04-27 00:00,-6.1,0.5,100,671.18,0.1682,0.98
4994,2015-04-27 01:00,-5.9,0.64,98.88,670.78,0.1682,0.86
4995,2015-04-27 02:00,-5.9,0.5,96.36,670.28,0.0841,1
4996,2015-04-27 03:00,-5.8,0.5,96.01,670.08,0.0841,1
4997,2015-04-27 04:00,-6.1,0.5,95.67,669.78,0.1682,1
4998,2015-04-27 05:00,-6.1,0.56,93.35,669.68,0.1682,0.84
4999,2015-04-27 06:00,-6,0.5,92.75,669.28,0.1682,0.98
5000,2015-04-27 07:00,-5.3,0.5,91.25,669.18,0.3363,0.94
5001,2015-04-27 08:00,-4.3,0.5,89.89,669.08,1.3453,0.91
5002,2015-04-27 09:00,-4.4,0.5,89.6,669.28,1.065,0.89
5003,2015-04-27 10:00,-3.8,0.5,89.11,669.28,1.7376,0.94
5004,2015-04-27 11:00,-3.3,0.5,87.93,668.98,1.9619,0.96
5005,2015-04-27 12:00,-3.4,0.5,87.12,668.98,1.9058,0.86
5006,2015-04-27 13:00,-3.6,1.28,90.95,668.38,1.9058,0.87
5007,2015-04-27 14:00,-3.4,0.64,85.53,668.78,1.7376,0.91
5008,2015-04-27 15:00,-2.8,2.88,82.95,668.48,1.4013,0.85
5009,2015-04-27 16:00,-4.7,2.88,86.6,668.08,1.1771,0.77
5010,2015-04-27 17:00,-5.3,0.5,87.06,668.78,0.9529,0.95
5011,2015-04-27 18:00,-5.4,0.5,87.62,668.58,0.6726,1
5012,2015-04-27 19:00,-5.7,0.5,88.43,668.88,0.1682,0.98
5013,2015-04-27 20:00,-6.2,0.5,90.18,669.08,0.0841,0.92
5014,2015-04-27 21:00,-6,0.5,90.16,669.18,0.0841,0.83
5015,2015-04-27 22:00,-6.3,0.88,90.45,669.18,0.0841,0.74
5016,2015-04-27 23:00,-5.6,2.24,92.65,668.98,0.0841,0.84
5017,2015-04-28 00:00,-5.4,0.56,99.62,669.18,0.0841,1
5018,2015-04-28 01:00,-6.4,2.32,99.62,668.98,0.0841,1
5019,2015-04-28 02:00,-6.6,0.5,98.51,669.08,0.0841,1
5020,2015-04-28 03:00,-6.5,1.12,97.41,668.98,0.0841,1
5021,2015-04-28 04:00,-6.6,1.36,97.41,669.08,0.2522,1
5022,2015-04-28 05:00,-7.3,2.96,97.39,669.08,0.2522,0.96
5023,2015-04-28 06:00,-7.3,1.52,95.6,669.28,0.4204,0.87
5024,2015-04-28 07:00,-6.5,1.68,94.88,669.88,0.6726,0.98
5025,2015-04-28 08:00,-5.1,1.6,94.88,670.38,0.8968,0.98
5026,2015-04-28 09:00,-2.3,0.5,94.88,670.88,0.8408,0.98
5027,2015-04-28 10:00,-1,0.5,94.53,671.18,2.5784,0.98
5028,2015-04-28 11:00,0.6,0.5,94.52,671.28,0.2242,0.97
5029,2015-04-28 12:00,-2.8,0.56,94.19,671.48,0,0.98
5030,2015-04-28 13:00,-4.2,0.5,94.16,671.88,0,0.97
5031,2015-04-28 14:00,-5.4,1.6,91.23,671.68,0,0.97
5032,2015-04-28 15:00,-6.9,1.68,88.84,672.08,0,0.97
5033,2015-04-28 16:00,-8.4,0.96,79.73,672.58,0,0.97
5034,2015-04-28 17:00,-9.1,5.2,67.71,672.58,0,0.88
5035,2015-04-28 18:00,-9.8,10.64,67,673.18,0,0.87
5036,2015-04-28 19:00,-10.1,5.52,63.21,673.38,0,0
5037,2015-04-28 20:00,-9.8,5.04,48.8,674.18,0,0
5038,2015-04-28 21:00,-9,2,31.62,674.78,0,0
5039,2015-04-28 22:00,-8.1,1.6,15.92,675.18,0,0
5040,2015-04-28 23:00,-8.1,0.96,14.45,675.38,0,0
5041,2015-04-29 00:00,-8,1.76,13.21,675.38,0,0
5042,2015-04-29 01:00,-8.1,1.28,13.72,675.18,0,0
5043,2015-04-29 02:00,-8.1,0.56,15.81,675.28,0,0
5044,2015-04-29 03:00,-8.1,0.64,20.65,675.28,0,0
5045,2015-04-29 04:00,-8.1,0.5,22.53,675.08,0,0
5046,2015-04-29 05:00,-8.1,0.56,21.02,675.08,0,0.94
5047,2015-04-29 06:00,-6.7,0.5,17.08,675.48,0,0.7
5048,2015-04-29 07:00,-4.8,0.8,15.34,675.48,0,0.13
5049,2015-04-29 08:00,-4,0.5,14.39,675.68,0,0.19
5050,2015-04-29 09:00,-4.6,2.56,17.07,675.98,0,0.14
5051,2015-04-29 10:00,-3.9,1.92,32.62,675.98,0,0.28
5052,2015-04-29 11:00,-5,2.56,43.3,675.68,0,0
5053,2015-04-29 12:00,-5.1,4,60.7,675.38,0,0.15
5054,2015-04-29 13:00,-5.5,4.4,66.66,675.28,0,0
5055,2015-04-29 14:00,-6.4,3.28,72.26,674.98,0,0
5056,2015-04-29 15:00,-6.1,1.92,73.48,674.88,0,0.17
5057,2015-04-29 16:00,-6.9,2.08,78.34,674.68,0.2522,0.37
5058,2015-04-29 17:00,-7.6,1.6,93.94,674.78,0.0841,0.95
5059,2015-04-29 18:00,-7.6,1.52,93.93,674.88,0.6726,1
5060,2015-04-29 19:00,-8,0.5,94.93,674.98,0.8408,1
5061,2015-04-29 20:00,-8.4,2.24,91.94,674.98,0.1682,1
5062,2015-04-29 21:00,-8.4,3.36,90.02,674.88,0,1
5063,2015-04-29 22:00,-8.6,1.28,91.93,674.58,0.3363,1
5064,2015-04-29 23:00,-8.5,0.5,93.89,674.28,0.1682,1
5065,2015-04-30 00:00,-9.2,0.64,91.5,674.08,0.1682,1
5066,2015-04-30 01:00,-9.3,0.5,80.17,673.58,0,1
5067,2015-04-30 02:00,-10.5,0.5,87.71,673.28,0.1682,1
5068,2015-04-30 03:00,-11.6,0.5,90.18,673.08,0,1
5069,2015-04-30 04:00,-12,0.72,81.55,672.98,0,1
5070,2015-04-30 05:00,-11.8,0.56,63.36,673.18,0,0.11
5071,2015-04-30 06:00,-10.3,0.5,47.84,673.38,0,0.78
5072,2015-04-30 07:00,-10.2,1.04,47.86,673.58,0,0
5073,2015-04-30 08:00,-8.6,0.64,46.83,673.68,1.3453,0.08
5074,2015-04-30 09:00,-7.7,0.72,46.51,673.98,0.9529,0.1
5075,2015-04-30 10:00,-7.3,0.5,47.22,674.18,0,0
5076,2015-04-30 11:00,-6.8,0.5,49.05,674.38,0,0
5077,2015-04-30 12:00,-5.8,0.5,70.61,674.58,0,0
5078,2015-04-30 13:00,-4.4,0.5,75.05,674.58,0,0.67
5079,2015-04-30 14:00,-4.8,0.5,76.97,674.78,0,0.75
5080,2015-04-30 15:00,-5.4,0.5,80.31,674.78,0,0.87
5081,2015-04-30 16:00,-6.3,0.8,74.12,674.78,0,0.72
5082,2015-04-30 17:00,-6.6,0.5,74.91,674.68,0,0.63
5083,2015-04-30 18:00,-7.2,0.5,83.1,674.48,0.1682,1
5084,2015-04-30 19:00,-7.2,0.56,84.13,674.58,0.0841,0.91
5085,2015-04-30 20:00,-7.2,0.56,90.59,674.68,0.0841,0.6
5086,2015-04-30 21:00,-6.4,0.8,91.91,674.68,0.1682,0.83
5087,2015-04-30 22:00,-5.9,0.8,98.87,674.88,0.0841,0.96
5088,2015-04-30 23:00,-5.3,0.5,98.87,674.98,0.0841,0.91
5089,2015-05-01 00:00,-5.1,0.5,98.5,674.68,0,1
5090,2015-05-01 01:00,-4.8,0.5,98.14,674.28,0.0841,1
5091,2015-05-01 02:00,-4.5,0.5,98.14,674.08,0,1
5092,2015-05-01 03:00,-4.2,0.5,97.42,674.08,0,1
5093,2015-05-01 04:00,-4.2,0.5,97.07,673.58,0.1682,1
5094,2015-05-01 05:00,-4.2,0.72,96.35,673.38,0.0841,1
5095,2015-05-01 06:00,-3.7,2.08,96.01,673.58,0.1682,0.89
5096,2015-05-01 07:00,-3.1,6.72,96.02,673.58,0.8408,0.97
5097,2015-05-01 08:00,-2.5,5.44,95.01,673.68,0.2242,0.94
5098,2015-05-01 09:00,-2,4.16,93.39,673.58,0,0.8
5099,2015-05-01 10:00,-1.9,0.5,92.42,673.28,0.2803,0.8
5100,2015-05-01 11:00,-2.1,0.5,92.1,673.08,0.3363,0.86
5101,2015-05-01 12:00,-2.3,0.88,89.96,673.58,0.2803,0.86
5102,2015-05-01 13:00,-1.3,0.72,88.52,673.78,0.1121,0.91
5103,2015-05-01 14:00,-1.1,1.12,87.97,673.78,0.056,0.66
5104,2015-05-01 15:00,-0.6,1.28,85.82,673.58,0,0.86
5105,2015-05-01 16:00,-1.8,0.72,89.96,673.48,0.056,0.96
5106,2015-05-01 17:00,-2.3,0.8,93.38,673.18,0.1121,0.95
5107,2015-05-01 18:00,-2.8,0.88,93.36,673.08,0.3363,1
5108,2015-05-01 19:00,-3.3,0.88,90.53,672.68,0.4484,1
5109,2015-05-01 20:00,-3.4,1.2,91.46,672.98,0.1682,1
5110,2015-05-01 21:00,-3.6,0.88,95.03,672.58,0.4484,1
5111,2015-05-01 22:00,-4,0.96,97.09,673.08,1.7376,1
5112,2015-05-01 23:00,-4.4,0.5,96.04,673.48,1.065,1
5113,2015-05-02 00:00,-4.9,0.8,95.01,673.38,0.6166,1
5114,2015-05-02 01:00,-4.9,2,95.01,672.28,1.4574,1
5115,2015-05-02 02:00,-5.1,1.92,96.38,673.08,1.7376,1
5116,2015-05-02 03:00,-6,1.36,93.98,673.28,1.1211,1
5117,2015-05-02 04:00,-6.4,2.24,93.64,673.78,0.5045,1
5118,2015-05-02 05:00,-6.9,0.5,84.06,673.78,0.2242,0.96
5119,2015-05-02 06:00,-6.9,0.5,64.59,674.18,0,0.94
5120,2015-05-02 07:00,-6.9,0.96,64.32,675.18,0,0.92
5121,2015-05-02 08:00,-5.8,0.88,43.18,675.78,0,0.9
5122,2015-05-02 09:00,-4.3,0.88,25.27,676.08,0,0.87
5123,2015-05-02 10:00,-3.1,0.88,24.19,676.48,0,0.5
5124,2015-05-02 11:00,-2.6,0.5,26.39,676.88,0,0
5125,2015-05-02 12:00,-1.6,0.64,41.79,677.08,0,0
5126,2015-05-02 13:00,-2.2,0.88,47.45,677.08,0,0
5127,2015-05-02 14:00,-1.6,1.12,70.46,676.68,0,0.74
5128,2015-05-02 15:00,-1.2,1.6,87.27,676.88,0,0.74
5129,2015-05-02 16:00,-1,0.5,93.11,676.78,0.1682,0.96
5130,2015-05-02 17:00,-0.6,0.88,94.1,676.98,1.6255,0.95
5131,2015-05-02 18:00,-0.9,2.64,95.09,676.88,1.5695,1
5132,2015-05-02 19:00,-0.9,1.12,96.44,677.38,1.6255,1
5133,2015-05-02 20:00,-0.8,0.8,96.45,677.78,1.7376,1
5134,2015-05-02 21:00,-0.6,0.72,95.43,677.68,1.4574,1
5135,2015-05-02 22:00,-0.5,0.64,95.43,677.88,0.4484,1
5136,2015-05-02 23:00,-0.5,0.8,95.1,677.88,0.1682,1
5137,2015-05-03 00:00,-0.7,0.5,94.42,677.78,0.1121,1
5138,2015-05-03 01:00,-0.5,0.5,93.46,677.78,0,1
5139,2015-05-03 02:00,-0.3,0.5,93.14,677.88,0,1
5140,2015-05-03 03:00,-0.2,0.5,93.13,677.48,0,1
5141,2015-05-03 04:00,-0.3,0.5,93.39,677.58,0,1
5142,2015-05-03 05:00,-0.3,0.5,92.8,677.88,0,0.7
5143,2015-05-03 06:00,0.1,0.64,92.41,678.08,0,0.77
5144,2015-05-03 07:00,0.5,2.08,92.43,678.28,0,0.61
5145,2015-05-03 08:00,1.1,0.5,90.01,678.28,0.056,0.68
5146,2015-05-03 09:00,1.4,2.8,89.34,678.38,0,0.72
5147,2015-05-03 10:00,2,4.16,90.6,678.78,0.3363,0.77
5148,2015-05-03 11:00,1.7,2.8,89.5,678.78,0.0841,0.55
5149,2015-05-03 12:00,1.3,4.16,89.13,678.78,0.056,0.95
5150,2015-05-03 13:00,0.8,0.5,90.43,678.88,0,0.82
5151,2015-05-03 14:00,1.1,0.8,91.92,678.78,0.2522,0.77
5152,2015-05-03 15:00,1.1,0.5,91.61,678.68,0.5605,0.67
5153,2015-05-03 16:00,1.1,0.5,91.38,679.18,0.2242,0.93
5154,2015-05-03 17:00,1.1,2.08,90.37,679.48,0.1121,0.95
5155,2015-05-03 18:00,0.5,0.5,86.54,679.58,0.056,1
5156,2015-05-03 19:00,0,1.28,89.17,679.78,0,0.93
5157,2015-05-03 20:00,-0.1,2.08,90.1,680.18,0.056,0.94
5158,2015-05-03 21:00,-0.1,3.36,89.75,680.48,0,0.95
5159,2015-05-03 22:00,-0.1,5.44,91.21,680.38,0.056,0.5
5160,2015-05-03 23:00,0,7.04,94.14,680.48,0.2803,0.82
5161,2015-05-04 00:00,0,7.52,94.14,680.18,0.1121,0.98
5162,2015-05-04 01:00,0.1,4.16,94.13,680.28,0,0.97
5163,2015-05-04 02:00,0.1,6.72,94.13,679.88,0.056,1
5164,2015-05-04 03:00,-0.3,6.72,94.13,679.78,0.1682,1
5165,2015-05-04 04:00,-0.3,4.16,94.13,679.58,0.056,0.92
5166,2015-05-04 05:00,-0.2,0.8,94.13,679.78,0,0.57
5167,2015-05-04 06:00,0.9,2.8,93.38,679.98,0,0.89
5168,2015-05-04 07:00,1.4,5.44,93.09,680.08,0.056,0.74
5169,2015-05-04 08:00,2.6,4.16,93.49,679.98,0,0.78
5170,2015-05-04 09:00,3.2,7.52,94.14,680.48,0.056,0.81
5171,2015-05-04 10:00,3.6,6.72,94.52,680.58,0.1121,0.8
5172,2015-05-04 11:00,3.4,9.36,94.84,680.78,0.056,0.84
5173,2015-05-04 12:00,3,9.36,95.5,680.98,0,0.94
5174,2015-05-04 13:00,2.6,9.36,95.49,680.98,0.056,0.77
5175,2015-05-04 14:00,3,12.16,94.13,680.88,0,0.81
5176,2015-05-04 15:00,1.9,0.5,94.35,680.88,0.1121,0.97
5177,2015-05-04 16:00,1.3,0.5,95.79,681.08,0.1121,0.96
5178,2015-05-04 17:00,0.2,0.5,91.53,681.18,0.6166,0.47
5179,2015-05-04 18:00,-0.3,0.56,89.23,681.08,0.1121,0.68
5180,2015-05-04 19:00,-0.2,0.5,90.53,680.88,0.056,0.79
5181,2015-05-04 20:00,-0.3,0.5,87.45,681.38,0.056,0.95
5182,2015-05-04 21:00,-0.6,0.5,74.41,681.18,0.1682,0.94
5183,2015-05-04 22:00,-0.7,0.5,67.15,680.78,0.2803,0.79
5184,2015-05-04 23:00,-0.6,0.5,64.39,680.88,0.2242,0.68
5185,2015-05-05 00:00,-0.9,0.5,60.27,680.88,0.1682,0.71
5186,2015-05-05 01:00,-0.8,0.5,60.06,680.38,0.1121,0
5187,2015-05-05 02:00,-0.9,0.8,54.3,680.28,0.056,0.09
5188,2015-05-05 03:00,-1,1.2,50.64,679.98,0.056,0.64
5189,2015-05-05 04:00,-1.1,2,53.44,679.88,0.056,0.28
5190,2015-05-05 05:00,-1.1,1.52,57.56,679.58,0.056,0.62
5191,2015-05-05 06:00,-0.7,0.88,71.11,679.48,0,0.4
5192,2015-05-05 07:00,-0.6,0.88,71.52,679.58,0,0.81
5193,2015-05-05 08:00,-0.1,0.56,83.19,679.78,0.056,0.67
5194,2015-05-05 09:00,0.2,0.5,92.38,679.78,0.3363,0.98
5195,2015-05-05 10:00,0.9,0.5,92.23,680.38,0.7287,0.98
5196,2015-05-05 11:00,0.8,19.2,94.32,680.08,1.2892,0.97
5197,2015-05-05 12:00,0.7,15.2,94.69,680.38,0.7847,0.97
5198,2015-05-05 13:00,0.5,16.56,90.58,680.38,0.3924,0.97
5199,2015-05-05 14:00,0.2,0.5,90.16,679.98,0.3924,0.97
5200,2015-05-05 15:00,-0.2,16.56,83.29,679.88,0.2803,0.97
5201,2015-05-05 16:00,-0.2,15.2,90.18,680.18,0.2803,0.96
5202,2015-05-05 17:00,-0.4,15.2,98.01,679.98,0.7287,0.95
5203,2015-05-05 18:00,-0.7,16.56,97.34,680.18,0.8968,1
5204,2015-05-05 19:00,-1.1,19.2,89.34,680.18,0.2803,0.97
5205,2015-05-05 20:00,-1.3,15.2,95.69,680.08,0.2803,0.87
5206,2015-05-05 21:00,-1.6,0.5,90.64,680.08,0.2242,0.8
5207,2015-05-05 22:00,-2,9.36,83.2,679.68,0.1121,0.86
5208,2015-05-05 23:00,-2.9,9.36,82.35,679.28,0.056,0.75
5209,2015-05-06 00:00,-3.3,9.36,87.16,679.08,0,0.58
5210,2015-05-06 01:00,-3.5,7.84,77.88,678.48,0.056,0.81
5211,2015-05-06 02:00,-3.9,0.5,80.62,678.18,0,0.7
5212,2015-05-06 03:00,-4,0.5,75.85,677.88,0,0
5213,2015-05-06 04:00,-4.2,0.5,76.79,677.68,0,0.22
5214,2015-05-06 05:00,-4.5,0.5,73.67,677.28,0,0.03
5215,2015-05-06 06:00,-4.3,0.5,78.32,677.58,0,0.36
5216,2015-05-06 07:00,-3.6,0.5,83.32,677.18,0.056,0.7
5217,2015-05-06 08:00,-2.9,0.88,94.34,677.58,0.056,0.98
5218,2015-05-06 09:00,-2.2,0.5,84.88,677.58,2.1861,0.66
5219,2015-05-06 10:00,-2.9,0.5,81.29,677.68,0,0
5220,2015-05-06 11:00,-3.4,0.72,77.19,677.88,0,0
5221,2015-05-06 12:00,-3,0.5,80.85,678.08,0,0
5222,2015-05-06 13:00,-3.2,0.8,65.27,678.48,0,0
5223,2015-05-06 14:00,-2.5,1.04,68.47,678.38,0,0
5224,2015-05-06 15:00,-2,0.72,74.34,678.28,0,0
5225,2015-05-06 16:00,-3.2,0.64,65.93,678.08,0,0.04
5226,2015-05-06 17:00,-4.6,0.64,60.62,678.08,0,0.36
5227,2015-05-06 18:00,-5.5,0.96,68.82,678.28,0,0.75
5228,2015-05-06 19:00,-6.7,1.12,73.71,678.58,0,0
5229,2015-05-06 20:00,-8.4,0.96,74.47,678.88,0,0
5230,2015-05-06 21:00,-9.4,1.04,62.61,679.18,0,0
5231,2015-05-06 22:00,-9.8,0.64,34.95,678.98,0,0
5232,2015-05-06 23:00,-10.1,0.96,22.46,679.08,0,0
5233,2015-05-07 00:00,-10.1,0.88,18.86,679.08,0,0
5234,2015-05-07 01:00,-9.9,1.12,14.99,678.88,0,0
5235,2015-05-07 02:00,-9.8,0.88,13.65,678.68,0,0
5236,2015-05-07 03:00,-10.1,1.04,13.49,678.78,0,0
5237,2015-05-07 04:00,-10.2,0.96,12.55,678.88,0,0
5238,2015-05-07 05:00,-9.2,0.64,10.73,679.08,0,0.95
5239,2015-05-07 06:00,-7.4,1.04,9.36,679.48,0,0
5240,2015-05-07 07:00,-6.3,1.04,8.53,679.78,0,0
5241,2015-05-07 08:00,-5.3,1.12,9.53,679.98,0,0
5242,2015-05-07 09:00,-4.9,0.8,11.83,680.18,0,0
5243,2015-05-07 10:00,-4.4,0.96,21.68,680.28,0,0
5244,2015-05-07 11:00,-3.8,0.64,26.67,680.48,0,0
5245,2015-05-07 12:00,-3.4,0.5,28.49,680.68,0,0
5246,2015-05-07 13:00,-2.7,0.56,32.48,680.78,0,0.52
5247,2015-05-07 14:00,-1.7,0.56,40.38,680.68,0,0.65
5248,2015-05-07 15:00,-2.5,0.88,39.85,680.48,0,0.58
5249,2015-05-07 16:00,-2.9,0.8,32.85,680.48,0,0.59
5250,2015-05-07 17:00,-4.6,0.64,32.8,680.48,0,0.25
5251,2015-05-07 18:00,-5,0.56,36.61,680.68,0,0.68
5252,2015-05-07 19:00,-5.6,0.5,42.68,680.88,0,0
5253,2015-05-07 20:00,-6,0.64,50.57,680.98,0,0
5254,2015-05-07 21:00,-5.3,0.72,50.42,681.08,0,0
5255,2015-05-07 22:00,-5.6,0.56,47.57,680.88,0,0
5256,2015-05-07 23:00,-5.2,0.5,52.59,680.98,0,0
5257,2015-05-08 00:00,-5.4,0.88,59.86,680.58,0,0
5258,2015-05-08 01:00,-6,0.72,64.82,680.48,0,0
5259,2015-05-08 02:00,-6.5,0.72,65.89,680.38,0,0
5260,2015-05-08 03:00,-7,0.56,62.88,680.08,0,0
5261,2015-05-08 04:00,-6.9,0.5,63.24,680.28,0,0
5262,2015-05-08 05:00,-5.5,0.5,57.26,680.28,0,0.75
5263,2015-05-08 06:00,-4.4,0.5,44.85,680.18,0,0.64
5264,2015-05-08 07:00,-3.7,0.56,43.15,680.08,0,0.58
5265,2015-05-08 08:00,-2.3,0.5,52.18,679.98,0,0.98
5266,2015-05-08 09:00,-2.1,0.5,57.27,680.18,0,0.98
5267,2015-05-08 10:00,-1.9,0.5,63.94,680.48,0,0.98
5268,2015-05-08 11:00,-1.5,0.5,70.57,680.28,0,0.98
5269,2015-05-08 12:00,0.9,0.5,77.62,680.48,0,0.98
5270,2015-05-08 13:00,0.9,0.5,76.84,680.18,0,0.97
5271,2015-05-08 14:00,-0.2,0.5,86.94,679.38,0.5045,0.97
5272,2015-05-08 15:00,-1.4,0.5,93.13,679.58,2.2421,0.97
5273,2015-05-08 16:00,-3.1,0.5,92.49,678.88,0.9249,0.96
5274,2015-05-08 17:00,-2.7,0.5,95.08,678.88,0,0.95
5275,2015-05-08 18:00,-2.6,0.56,92.47,678.88,0.2522,1
5276,2015-05-08 19:00,-3.9,0.5,92.7,679.18,0.1682,1
5277,2015-05-08 20:00,-4.2,0.5,100,679.38,0,0.94
5278,2015-05-08 21:00,-5,0.5,96.01,679.28,0.1121,1
5279,2015-05-08 22:00,-5.6,0.5,94.61,679.48,0,1
5280,2015-05-08 23:00,-5.6,0.5,100,679.28,0,1
5281,2015-05-09 00:00,-5.2,0.5,100,679.48,0,1
5282,2015-05-09 01:00,-5.4,0.5,100,679.38,0.056,1
5283,2015-05-09 02:00,-5.6,1.44,100,679.28,0,1
5284,2015-05-09 03:00,-5.8,0.96,84.08,679.68,0,1
5285,2015-05-09 04:00,-6.1,2.4,93.92,680.08,0,1
5286,2015-05-09 05:00,-6,2,96.5,680.68,0,0.85
5287,2015-05-09 06:00,-5.2,1.68,89.84,681.48,0,0.98
5288,2015-05-09 07:00,-6,1.76,80.11,681.88,0,0.98
5289,2015-05-09 08:00,-6.3,1.76,66.43,681.78,0,0.98
5290,2015-05-09 09:00,-5.7,1.52,42.73,681.98,0,0.98
5291,2015-05-09 10:00,-5.7,2.88,29.68,682.08,0,0.98
5292,2015-05-09 11:00,-6.3,3.28,29.12,681.88,0,0.98
5293,2015-05-09 12:00,-6.4,0.88,34.11,682.28,0,0.98
5294,2015-05-09 13:00,-5.4,1.76,37.29,682.38,0,0.98
5295,2015-05-09 14:00,-4.5,0.5,41.95,682.68,0,0.98
5296,2015-05-09 15:00,-4.3,1.28,43,682.78,0,0.97
5297,2015-05-09 16:00,-5.2,2.96,42.44,682.58,0,0.97
5298,2015-05-09 17:00,-5.4,1.6,46.8,682.88,0,0.96
5299,2015-05-09 18:00,-5.6,2.32,49.49,683.18,0,1
5300,2015-05-09 19:00,-6.9,5.04,53.32,683.28,0,0.23
5301,2015-05-09 20:00,-7,4.88,60.89,683.58,0,0
5302,2015-05-09 21:00,-7.1,6,50.46,683.78,0,0
5303,2015-05-09 22:00,-7.5,12.08,51.2,683.68,0,0
5304,2015-05-09 23:00,-7.4,7.2,36.53,683.88,0,0
5305,2015-05-10 00:00,-6.5,6.48,34.26,683.88,0,0
5306,2015-05-10 01:00,-5.9,9.68,33.15,683.78,0,0
5307,2015-05-10 02:00,-5.6,11.2,33.49,683.78,0,0
5308,2015-05-10 03:00,-6,6.24,32.21,683.88,0,0
5309,2015-05-10 04:00,-4.9,10.32,31.22,683.98,0,0
5310,2015-05-10 05:00,-3.6,10.88,27.42,684.58,0,0.69
5311,2015-05-10 06:00,-2.8,12.64,29.01,684.98,0,0
5312,2015-05-10 07:00,-1.8,9.44,29,685.48,0,0
5313,2015-05-10 08:00,-1.9,10.08,31.14,685.88,0,0
5314,2015-05-10 09:00,-1.3,4.4,31.36,686.48,0,0
5315,2015-05-10 10:00,0.9,0.5,30.55,686.88,0,0
5316,2015-05-10 11:00,0.6,1.12,33.63,686.78,0,0
5317,2015-05-10 12:00,0.9,1.04,36.39,687.18,0,0
5318,2015-05-10 13:00,0.4,0.8,38.26,687.28,0,0
5319,2015-05-10 14:00,-0.3,1.28,41.62,687.28,0,0
5320,2015-05-10 15:00,-0.6,1.28,41.71,687.58,0,0
5321,2015-05-10 16:00,-1,2.4,44,687.58,0,0
5322,2015-05-10 17:00,-1.3,5.36,40.56,687.68,0,0
5323,2015-05-10 18:00,-1.5,8,34.85,687.78,0,1
5324,2015-05-10 19:00,-1.6,11.2,27.95,687.88,0,0
5325,2015-05-10 20:00,-1.4,9.04,21.31,688.78,0,0
5326,2015-05-10 21:00,-1.4,8.8,16.72,689.08,0,0
5327,2015-05-10 22:00,-1.6,6.24,13.6,689.28,0,0
5328,2015-05-10 23:00,-0.4,7.28,14.54,689.18,0,0
5329,2015-05-11 00:00,-0.5,1.92,12.98,689.18,0,0
5330,2015-05-11 01:00,-0.5,3.44,11.55,689.18,0,0
5331,2015-05-11 02:00,-1.1,3.68,10.65,688.98,0,0
5332,2015-05-11 03:00,-1.3,3.6,10.11,688.88,0,0
5333,2015-05-11 04:00,-1.3,2.16,9.51,688.88,0,0
5334,2015-05-11 05:00,-0.7,2.16,8.19,688.98,0,0.97
5335,2015-05-11 06:00,-0.2,7.12,8.12,689.08,0,0.55
5336,2015-05-11 07:00,0.9,5.84,8.57,689.18,0,0.8
5337,2015-05-11 08:00,1.1,4.88,8.79,689.28,0,0.94
5338,2015-05-11 09:00,0.7,7.12,11.29,689.48,0,0.99
5339,2015-05-11 10:00,0.9,3.36,10.8,689.68,0,0.98
5340,2015-05-11 11:00,1.9,3.6,12.71,689.78,0,0
5341,2015-05-11 12:00,2.8,3.12,14.7,689.68,0,0.35
5342,2015-05-11 13:00,3.6,1.6,16.54,689.98,0,0
5343,2015-05-11 14:00,3.5,1.76,16.64,689.78,0,0.28
5344,2015-05-11 15:00,3.6,0.88,19.18,689.78,0,0.17
5345,2015-05-11 16:00,3.2,0.5,25.98,689.78,0,0.13
5346,2015-05-11 17:00,2.8,0.5,33.08,689.78,0,0
5347,2015-05-11 18:00,2.7,1.12,36.51,689.78,0,0.96
5348,2015-05-11 19:00,2,2.88,41.25,689.88,0,0
5349,2015-05-11 20:00,2.4,3.28,45.17,690.18,0,0
5350,2015-05-11 21:00,2.6,1.12,38.44,690.28,0,0
5351,2015-05-11 22:00,3.1,4.24,28.53,690.28,0,0
5352,2015-05-11 23:00,3.8,4.16,26.95,690.18,0,0
5353,2015-05-12 00:00,2.6,0.8,21.87,690.08,0,0.11
5354,2015-05-12 01:00,2.1,0.88,18.9,689.88,0,0.4
5355,2015-05-12 02:00,2.4,0.56,28.96,689.68,0,0.11
5356,2015-05-12 03:00,2.4,0.5,27.15,689.48,0,0
5357,2015-05-12 04:00,2.4,0.5,31.16,689.48,0,0
5358,2015-05-12 05:00,3,0.5,19.27,689.48,0,0.99
5359,2015-05-12 06:00,4.7,0.5,15.05,689.58,0,0.12
5360,2015-05-12 07:00,5.6,0.56,10.41,689.88,0,0.09
5361,2015-05-12 08:00,6.6,0.5,8.35,689.98,0,0.15
5362,2015-05-12 09:00,7,0.5,8.29,690.18,0,0.37
5363,2015-05-12 10:00,7.7,0.5,9.14,690.38,0,0.07
5364,2015-05-12 11:00,7.6,0.56,11.04,690.38,0,0.26
5365,2015-05-12 12:00,7.6,0.5,15.42,690.38,0,0
5366,2015-05-12 13:00,7,0.5,26.18,690.38,0,0.17
5367,2015-05-12 14:00,6.4,0.8,24.87,690.38,0,0.01
5368,2015-05-12 15:00,5.9,1.04,22.71,690.08,0,0.33
5369,2015-05-12 16:00,4.5,1.28,24,689.98,0,0.29
5370,2015-05-12 17:00,3.7,0.96,27.37,689.78,0,0.41
5371,2015-05-12 18:00,2.7,0.8,36.21,689.68,0,0.65
5372,2015-05-12 19:00,0.9,0.5,46.49,689.58,0,0
5373,2015-05-12 20:00,0.5,2.64,48.56,689.68,0,0
5374,2015-05-12 21:00,-0.8,2.4,56.72,689.38,0,0
5375,2015-05-12 22:00,-0.8,0.5,69.93,689.38,0,0
5376,2015-05-12 23:00,-0.5,2.56,76.44,689.28,0,0
5377,2015-05-13 00:00,-0.7,3.76,81.57,688.88,0,0
5378,2015-05-13 01:00,-1.1,2.96,74.22,688.38,0,0
5379,2015-05-13 02:00,-1.4,2.4,74.77,687.68,0,0
5380,2015-05-13 03:00,-1,3.28,67.81,687.68,0,0
5381,2015-05-13 04:00,-1.1,1.76,49.7,687.48,0,0
5382,2015-05-13 05:00,-1.7,1.44,36.22,687.38,0,0.99
5383,2015-05-13 06:00,-0.7,2.8,30.23,687.38,0,0.35
5384,2015-05-13 07:00,0.1,0.96,34.83,687.88,0,0.5
5385,2015-05-13 08:00,1,3.04,39.81,688.08,0,0
5386,2015-05-13 09:00,1.4,1.28,41.07,688.38,0,0.85
5387,2015-05-13 10:00,2.1,1.84,44.65,687.88,0,0.58
5388,2015-05-13 11:00,2,0.96,48.01,687.98,0,0.4
5389,2015-05-13 12:00,1.8,3.76,51.04,687.48,0,0.71
5390,2015-05-13 13:00,2.3,1.04,52.6,687.18,0,0.22
5391,2015-05-13 14:00,1.2,3.36,60.82,686.78,0,0.92
5392,2015-05-13 15:00,0.3,1.92,63.45,686.18,0,0.97
5393,2015-05-13 16:00,0.7,0.88,57.49,686.08,0,0.96
5394,2015-05-13 17:00,0,2.24,53.08,685.58,0,0.91
5395,2015-05-13 18:00,-0.3,2.16,60.11,684.68,0,1
5396,2015-05-13 19:00,-0.7,1.12,72.26,684.18,0.056,0.71
5397,2015-05-13 20:00,-0.9,3.12,73.23,683.78,0,0.87
5398,2015-05-13 21:00,-1.1,1.36,84.98,683.58,0,0.87
5399,2015-05-13 22:00,-1.2,1.6,93.34,682.98,0.1121,0.98
5400,2015-05-13 23:00,-1.6,1.84,77.19,682.38,0.1682,0.91
5401,2015-05-14 00:00,-2.1,2.24,68.48,682.18,0,0.87
5402,2015-05-14 01:00,-2.7,1.84,66.9,681.48,0,0.63
5403,2015-05-14 02:00,-3.1,0.72,62.9,680.98,0,0.4
5404,2015-05-14 03:00,-4,2.16,56.21,680.38,0,0.65
5405,2015-05-14 04:00,-4.5,2.32,49.67,680.08,0,0.43
5406,2015-05-14 05:00,-4.4,1.44,43.78,679.88,0,0
5407,2015-05-14 06:00,-4.3,3.36,40.77,680.08,0,0.52
5408,2015-05-14 07:00,-3.6,4,40.34,680.18,0,0
5409,2015-05-14 08:00,-2.6,2.16,38.74,680.48,0,0.03
5410,2015-05-14 09:00,-1.8,2.24,36.98,680.58,0,0
5411,2015-05-14 10:00,-0.8,1.76,35.23,680.68,0,0
5412,2015-05-14 11:00,0.3,1.36,35.69,680.68,0,0
5413,2015-05-14 12:00,0.4,0.8,36.94,680.58,0,0
5414,2015-05-14 13:00,0.6,0.8,36.84,680.38,0,0
5415,2015-05-14 14:00,0.9,1.28,39.38,680.08,0,0
5416,2015-05-14 15:00,0.4,0.56,39.37,679.58,0,0.59
5417,2015-05-14 16:00,-0.7,1.6,41.3,679.18,0,0.77
5418,2015-05-14 17:00,-2.4,1.04,54.33,678.38,0,0.96
5419,2015-05-14 18:00,-2.7,0.5,75.32,677.98,0,0.73
5420,2015-05-14 19:00,-3,1.28,90.71,677.58,0,0.87
5421,2015-05-14 20:00,-3.1,2.16,100,677.18,0,0.9
5422,2015-05-14 21:00,-3.1,7.12,100,676.58,0.1682,1
5423,2015-05-14 22:00,-3,3.92,100,675.78,0.1682,1
5424,2015-05-14 23:00,-3.2,1.92,100,675.48,0,1
5425,2015-05-15 00:00,-3.6,0.5,97.8,674.78,0,1
5426,2015-05-15 01:00,-4,0.5,87.88,673.88,0,1
5427,2015-05-15 02:00,-4.8,3.68,75.17,673.28,0,0.96
5428,2015-05-15 03:00,-5.2,4,81.48,672.58,0,0
5429,2015-05-15 04:00,-5.3,0.5,87.5,671.98,0.1121,0
5430,2015-05-15 05:00,-4.5,0.64,90.16,671.38,1.4013,0.98
5431,2015-05-15 06:00,-5.2,0.64,90.48,670.08,1.2892,0.98
5432,2015-05-15 07:00,-5.4,2.08,93.66,670.28,0.2242,0.98
5433,2015-05-15 08:00,-3.1,0.5,92.4,669.58,0.3924,0.27
5434,2015-05-15 09:00,-4.3,6.72,97.39,668.98,0.7847,0.98
5435,2015-05-15 10:00,-4.2,9.36,97.37,668.58,0,0.98
5436,2015-05-15 11:00,-4.7,12.16,97.37,667.48,0,0.98
5437,2015-05-15 12:00,-5.4,0.5,94.17,669.28,0,0.98
5438,2015-05-15 13:00,-7.4,0.8,93.58,668.88,0,0.98
5439,2015-05-15 14:00,-9.8,1.04,88.88,669.08,1.5975,0.68
5440,2015-05-15 15:00,-10.7,0.72,95.04,669.58,4.6244,0.97
5441,2015-05-15 16:00,-6.8,0.5,94.84,670.18,0,0.97
5442,2015-05-15 17:00,-6.8,0.8,95.54,669.58,0,0.96
5443,2015-05-15 18:00,-5.6,2.32,95.93,672.38,0,0.92
5444,2015-05-15 19:00,-5.2,2.08,95.58,671.68,0,1
5445,2015-05-15 20:00,-4.5,1.84,95.61,674.28,0,1
5446,2015-05-15 21:00,-4.5,9.36,95.62,674.98,0.3363,1
5447,2015-05-15 22:00,-4.4,4.16,95.63,675.48,2.0179,1
5448,2015-05-15 23:00,-3.8,9.36,95.66,676.78,2.6065,1
5449,2015-05-16 00:00,-3.4,2.08,95.66,676.88,3.0269,1
5450,2015-05-16 01:00,-3.3,4.16,95.66,677.38,2.2702,1
5451,2015-05-16 02:00,-3.3,6.72,95.32,678.18,2.102,1
5452,2015-05-16 03:00,-3.4,6.72,95.33,678.68,1.4574,1
5453,2015-05-16 04:00,-3.7,4.16,95.68,679.68,0.8968,1
5454,2015-05-16 05:00,-3.8,0.5,95.32,680.18,1.065,0.98
5455,2015-05-16 06:00,-3.8,0.5,95.32,680.68,1.4574,0.84
5456,2015-05-16 07:00,-3.6,0.5,94.98,681.38,1.7937,0.9
5457,2015-05-16 08:00,-3.8,0.5,93.24,682.18,0.7287,0.93
5458,2015-05-16 09:00,-4.1,0.5,86.73,682.68,1.4574,0.92
5459,2015-05-16 10:00,-4,0.5,83.7,683.28,1.6816,0.89
5460,2015-05-16 11:00,-4,0.5,80.12,683.78,1.8498,0.88
5461,2015-05-16 12:00,-6,0.5,82,683.98,0.5605,0.88
5462,2015-05-16 13:00,-6.5,0.5,88.02,684.38,0,0.87
5463,2015-05-16 14:00,-6.5,1.6,81.59,684.58,0,0.67
5464,2015-05-16 15:00,-6.4,2.4,80.42,684.68,0,0.64
5465,2015-05-16 16:00,-5,2.96,86.01,685.08,0,0.12
5466,2015-05-16 17:00,-4.5,3.28,76.23,685.08,0,0.96
5467,2015-05-16 18:00,-4,3.92,56.37,685.08,0,0.88
5468,2015-05-16 19:00,-3.3,4.24,45.75,685.18,0,0
5469,2015-05-16 20:00,-2.2,4.08,31.22,685.38,0,0
5470,2015-05-16 21:00,-2.4,3.36,27.87,685.38,0,0
5471,2015-05-16 22:00,-1.8,3.12,30.15,685.48,0,0
5472,2015-05-16 23:00,-2.5,2.96,53.53,685.28,0,0
5473,2015-05-17 00:00,-2.2,3.36,64.9,685.18,0,0
5474,2015-05-17 01:00,-2.7,3.12,72.68,684.88,0,0
5475,2015-05-17 02:00,-1.9,3.6,80.19,684.68,0,0
5476,2015-05-17 03:00,-1.7,3.2,83.94,684.48,0,0
5477,2015-05-17 04:00,-1.5,2.64,83.01,684.48,0,0
5478,2015-05-17 05:00,-1.1,3.12,63.25,684.48,0,0.98
5479,2015-05-17 06:00,-0.9,2.96,62.34,684.58,0,0.1
5480,2015-05-17 07:00,-0.8,2.88,53.78,684.68,0,0
5481,2015-05-17 08:00,-0.7,3.84,53.53,684.78,0,0
5482,2015-05-17 09:00,-0.3,6,53.56,684.98,0,0
5483,2015-05-17 10:00,0.1,4.88,56.4,685.08,0,0
5484,2015-05-17 11:00,0.7,3.52,58.28,685.08,0,0
5485,2015-05-17 12:00,3.1,1.52,69.47,685.08,0,0
5486,2015-05-17 13:00,3.1,2.24,75.54,684.88,0,0
5487,2015-05-17 14:00,2.3,2.24,78.83,684.68,0,0
5488,2015-05-17 15:00,2.2,1.6,79.6,684.58,0,0
5489,2015-05-17 16:00,1.4,2.64,81.42,684.48,0,0
5490,2015-05-17 17:00,1.8,0.72,79.46,684.48,0,0
5491,2015-05-17 18:00,1.1,0.5,83.68,684.38,0,0.92
5492,2015-05-17 19:00,-0.6,1.28,81.03,684.28,0,0
5493,2015-05-17 20:00,-2.4,0.5,81.46,684.18,0,0.87
5494,2015-05-17 21:00,-2.9,0.88,88.32,684.08,0,0
5495,2015-05-17 22:00,-2.9,0.5,86.39,683.78,0,0.45
5496,2015-05-17 23:00,-2.6,0.64,66.54,683.48,0,0
5497,2015-05-18 00:00,-2.3,0.5,54.24,683.18,0,0
5498,2015-05-18 01:00,-2,0.8,42.95,682.88,0,0
5499,2015-05-18 02:00,-1.6,0.5,42.38,682.58,0,0
5500,2015-05-18 03:00,-1.6,0.5,44.25,682.28,0,0
5501,2015-05-18 04:00,-1.7,0.5,34.48,682.08,0,0
5502,2015-05-18 05:00,0.4,0.72,32.51,681.98,0,0.98
5503,2015-05-18 06:00,2.4,0.88,43.41,681.78,0,0.14
5504,2015-05-18 07:00,2.8,1.36,53.5,681.68,0,0.13
5505,2015-05-18 08:00,3.5,0.5,56.19,681.58,0,0
5506,2015-05-18 09:00,3.4,1.6,56.8,681.48,0,0
5507,2015-05-18 10:00,3.4,1.04,57.69,681.38,0,0
5508,2015-05-18 11:00,3.2,0.5,61.98,681.18,0,0
5509,2015-05-18 12:00,2.7,0.72,66.15,680.88,0,0
5510,2015-05-18 13:00,1.6,0.56,69.47,680.58,0,0
5511,2015-05-18 14:00,1.5,1.04,69.73,680.48,0,0
5512,2015-05-18 15:00,1.8,1.36,73.39,680.08,0,0
5513,2015-05-18 16:00,1.1,0.5,75.65,679.78,0,0.42
5514,2015-05-18 17:00,0,0.8,78.51,679.58,0,0.5
5515,2015-05-18 18:00,-0.3,0.5,90.1,679.38,0,0.93
5516,2015-05-18 19:00,-1,0.8,95.8,679.18,0,0.54
5517,2015-05-18 20:00,-1,0.5,97.16,679.08,0.1682,0.83
5518,2015-05-18 21:00,-1.3,0.56,98.91,678.78,0.3363,0
5519,2015-05-18 22:00,-2.7,0.5,97.5,678.28,0,0.43
5520,2015-05-18 23:00,-3.2,1.12,95.44,677.98,0,0
5521,2015-05-19 00:00,-3.1,1.28,97.48,677.48,0,0.67
5522,2015-05-19 01:00,-2.9,0.5,100,676.98,0,0
5523,2015-05-19 02:00,-4.1,0.56,95.06,676.48,0,0.52
5524,2015-05-19 03:00,-3.9,0.8,90.33,675.88,0,0
5525,2015-05-19 04:00,-4.5,0.5,85.59,675.78,0,0
5526,2015-05-19 05:00,-4.2,0.5,75.91,675.78,0,0.94
5527,2015-05-19 06:00,-3.2,0.5,81.69,675.98,0,0.8
5528,2015-05-19 07:00,-2.8,0.5,75.56,675.68,0,0.88
5529,2015-05-19 08:00,-2.5,0.64,77.44,675.68,0,0.95
5530,2015-05-19 09:00,-2.2,2.56,80.48,675.78,0,0.69
5531,2015-05-19 10:00,-1.9,4.56,82.48,675.78,0,0.68
5532,2015-05-19 11:00,-1.6,5.6,88.14,675.78,0.056,0.84
5533,2015-05-19 12:00,-1,3.52,94.45,675.78,1.5695,0.97
5534,2015-05-19 13:00,1,0.64,87.52,675.58,2.0179,0.97
5535,2015-05-19 14:00,2.5,2.08,90.05,675.38,1.8498,0.97
5536,2015-05-19 15:00,-1.3,4.24,88.55,675.18,0.7847,0.97
5537,2015-05-19 16:00,-1.3,0.5,88.61,674.88,0.1121,0.66
5538,2015-05-19 17:00,-1.9,1.76,86.05,674.38,0,0
5539,2015-05-19 18:00,-3.5,1.04,90.59,674.18,0.056,0.81
5540,2015-05-19 19:00,-4.6,1.36,90.86,674.28,0,0.78
5541,2015-05-19 20:00,-5.7,4.64,93.36,674.28,0.056,0.62
5542,2015-05-19 21:00,-6.1,3.44,92.37,673.98,0,0.91
5543,2015-05-19 22:00,-5.8,3.28,93.66,673.68,0,0.86
5544,2015-05-19 23:00,-7.7,4.4,93.65,673.28,0,1
5545,2015-05-20 00:00,-8,5.04,85.97,672.78,0.056,1
5546,2015-05-20 01:00,-7.8,4.24,89.03,672.58,0,0.93
5547,2015-05-20 02:00,-7.8,5.76,93.95,672.18,0,0.97
5548,2015-05-20 03:00,-7.1,3.68,100,672.08,0.1682,1
5549,2015-05-20 04:00,-6.7,2.4,94.57,671.78,0.7847,1
5550,2015-05-20 05:00,-8,5.36,87.83,671.18,1.2332,0.87
5551,2015-05-20 06:00,-9,1.84,55.15,671.18,0.5605,0.74
5552,2015-05-20 07:00,-7.8,3.44,33.18,671.18,0.2242,0
5553,2015-05-20 08:00,-8.1,3.6,60.29,670.98,0.056,0
5554,2015-05-20 09:00,-7.9,5.12,71.2,670.98,0.056,0
5555,2015-05-20 10:00,-6.8,2.16,80.16,671.18,0,0
5556,2015-05-20 11:00,-5.4,2.56,82.6,670.98,0,0.25
5557,2015-05-20 12:00,-5,0.96,85.13,671.08,0,0.98
5558,2015-05-20 13:00,-5.9,1.92,86.15,670.78,0,0.98
5559,2015-05-20 14:00,-6.7,2.96,86.12,670.68,0.1682,0.88
5560,2015-05-20 15:00,-6.4,3.44,98.86,670.38,0.1682,0.33
5561,2015-05-20 16:00,-7.9,2.56,100,670.18,0,0.82
5562,2015-05-20 17:00,-8.1,1.44,99.61,670.08,0,0.43
5563,2015-05-20 18:00,-9.7,0.5,97.32,669.98,0,0.93
5564,2015-05-20 19:00,-11.9,5.68,96.2,669.38,0,1
5565,2015-05-20 20:00,-12.8,4.16,96.2,669.98,0,1
5566,2015-05-20 21:00,-13,3.04,95.44,669.98,0,1
5567,2015-05-20 22:00,-13.1,1.2,95.07,669.68,0,1
5568,2015-05-20 23:00,-13.8,10.24,100,668.78,0,1
5569,2015-05-21 00:00,-13.3,9.04,95.07,668.78,0,1
5570,2015-05-21 01:00,-13.2,11.76,100,668.28,0.5045,1
5571,2015-05-21 02:00,-13.4,12.24,94.71,667.98,0.8408,1
5572,2015-05-21 03:00,-13.6,11.92,95.07,668.68,1.009,1
5573,2015-05-21 04:00,-13.9,10.56,94,668.48,1.1771,1
5574,2015-05-21 05:00,-13.4,7.84,95.06,669.48,1.3453,0.99
5575,2015-05-21 06:00,-13.2,11.28,93.99,669.38,0.8408,0.95
5576,2015-05-21 07:00,-12.9,11.2,94,670.18,1.6816,0.88
5577,2015-05-21 08:00,-12.2,5.6,94.01,670.78,2.3542,0.73
5578,2015-05-21 09:00,-12.3,6.88,94.02,671.38,1.5134,0.78
5579,2015-05-21 10:00,-11.4,4.8,94.03,672.08,0.5045,0.79
5580,2015-05-21 11:00,-11.6,9.04,94.05,672.18,0.5045,0.93
5581,2015-05-21 12:00,-11,5.6,94.43,672.58,0.056,0.81
5582,2015-05-21 13:00,-11.4,8.4,94.44,672.68,0,0.87
5583,2015-05-21 14:00,-11.7,11.52,95.15,672.48,0,0.89
5584,2015-05-21 15:00,-11.6,13.44,95.16,673.18,0,0.97
5585,2015-05-21 16:00,-11.7,15.12,95.16,673.48,0,0.97
5586,2015-05-21 17:00,-11.5,6.16,95.16,674.38,0,0.91
5587,2015-05-21 18:00,-10.9,8.88,95.16,674.28,0,0.94
5588,2015-05-21 19:00,-11.5,14.4,95.14,674.68,0,1
5589,2015-05-21 20:00,-11.1,12.56,95.14,674.88,0,1
5590,2015-05-21 21:00,-10.9,11.76,95.14,674.88,0,1
5591,2015-05-21 22:00,-10.8,8.16,95.14,676.08,0,1
5592,2015-05-21 23:00,-9.2,7.2,95.14,676.08,0,1
5593,2015-05-22 00:00,-9.1,6.8,95.14,676.08,0.1682,1
5594,2015-05-22 01:00,-9.1,8.56,95.15,675.68,0,1
5595,2015-05-22 02:00,-9.2,4.48,95.15,676.08,0,1
5596,2015-05-22 03:00,-8.9,6.48,95.14,675.68,0,1
5597,2015-05-22 04:00,-9.5,7.28,95.14,675.48,0,1
5598,2015-05-22 05:00,-9.3,7.12,95.15,675.58,0,0.06
5599,2015-05-22 06:00,-8.8,4.24,95.14,675.88,0,0
5600,2015-05-22 07:00,-8.7,8.24,95.16,675.88,0,0.43
5601,2015-05-22 08:00,-7.2,1.44,95.16,676.18,0,0
5602,2015-05-22 09:00,-5,0.72,95.18,676.48,0,0
5603,2015-05-22 10:00,-4.4,0.64,95.18,676.78,0,0
5604,2015-05-22 11:00,-5.1,2,95.18,676.88,0,0
5605,2015-05-22 12:00,-5.8,4.08,95.55,676.68,0,0
5606,2015-05-22 13:00,-6.7,3.92,95.91,676.68,0,0
5607,2015-05-22 14:00,-7.1,6.8,95.91,676.58,0,0
5608,2015-05-22 15:00,-6.2,6.56,95.92,676.48,0,0
5609,2015-05-22 16:00,-5.7,8,95.93,676.38,0,0.19
5610,2015-05-22 17:00,-5.8,7.12,96.66,676.08,0,0.83
5611,2015-05-22 18:00,-6.1,9.44,96.66,675.88,0,0.92
5612,2015-05-22 19:00,-5.6,9.68,96.65,675.48,0,1
5613,2015-05-22 20:00,-5,9.52,96.63,675.98,0,1
5614,2015-05-22 21:00,-5.2,7.68,96.64,676.18,0,1
5615,2015-05-22 22:00,-5.2,6.64,60.8,675.98,0,1
5616,2015-05-22 23:00,-4.7,4.56,96.64,675.48,0,1
5617,2015-05-23 00:00,-4.8,5.12,96.64,675.48,0,1
5618,2015-05-23 01:00,-4.5,5.52,96.64,675.38,0,1
5619,2015-05-23 02:00,-4.5,4,96.64,675.38,0,1
5620,2015-05-23 03:00,-4.1,5.2,95.93,674.98,0,1
5621,2015-05-23 04:00,-4,0.88,96.32,674.98,0,1
5622,2015-05-23 05:00,-3.8,0.5,97.41,675.08,0,0.96
5623,2015-05-23 06:00,-3.3,0.64,97.43,675.68,0,0.8
5624,2015-05-23 07:00,-3.4,0.5,97.43,675.38,0,0.98
5625,2015-05-23 08:00,-3.5,0.5,97.43,675.48,0,0.87
5626,2015-05-23 09:00,-3.5,1.28,97.44,675.28,0,0.85
5627,2015-05-23 10:00,-3.1,1.28,97.44,675.48,0.056,0.87
5628,2015-05-23 11:00,-3.4,4.16,97.43,675.58,0,0.91
5629,2015-05-23 12:00,-3.5,1.2,97.43,675.78,0,0.98
5630,2015-05-23 13:00,-3.4,0.72,97.43,675.88,0,0.97
5631,2015-05-23 14:00,-3.1,4.16,97.43,676.08,0,0.97
5632,2015-05-23 15:00,-3.2,5.44,97.43,676.08,0,0.97
5633,2015-05-23 16:00,-3.3,5.44,97.44,676.28,0,0.97
5634,2015-05-23 17:00,-3.4,5.44,97.44,676.28,0,0.95
5635,2015-05-23 18:00,-3.4,5.44,97.44,676.28,0.056,0.93
5636,2015-05-23 19:00,-3.5,6.72,97.43,676.48,0,1
5637,2015-05-23 20:00,-3.6,9.36,97.43,676.78,0.1682,1
5638,2015-05-23 21:00,-3.7,9.36,97.07,676.88,0.1682,1
5639,2015-05-23 22:00,-3.6,6.72,97.07,677.08,0.5605,1
5640,2015-05-23 23:00,-3.7,4.16,97.07,676.88,0.3363,1
5641,2015-05-24 00:00,-3.5,6.72,97.08,676.78,0.2242,1
5642,2015-05-24 01:00,-3.5,4.16,96.36,676.58,0.1682,1
5643,2015-05-24 02:00,-3.5,6.72,95.66,676.08,0,1
5644,2015-05-24 03:00,-3.9,2.8,94.97,676.08,0,1
5645,2015-05-24 04:00,-3.8,4.16,94.97,675.78,0,1
5646,2015-05-24 05:00,-3.9,4.16,94.63,676.28,0,0.42
5647,2015-05-24 06:00,-3.7,2.08,94.64,676.78,0,0.66
5648,2015-05-24 07:00,-3.5,0.5,93.89,677.18,0,0.66
5649,2015-05-24 08:00,-3.1,0.64,91.77,677.38,0,0.7
5650,2015-05-24 09:00,-2.8,0.5,90.91,677.58,0,0.72
5651,2015-05-24 10:00,-1.9,0.5,92.62,677.98,0,0.7
5652,2015-05-24 11:00,-1.4,0.5,95.08,678.18,0,0.63
5653,2015-05-24 12:00,-2.5,1.56,92.18,678.28,0,0.46
5654,2015-05-24 13:00,-2.7,0.5,91.51,678.18,0,0.71
5655,2015-05-24 14:00,-2.4,0.64,91.29,678.28,0,0.51
5656,2015-05-24 15:00,-2.7,0.64,92.38,678.38,0,0.71
5657,2015-05-24 16:00,-2.8,4.16,94.68,678.28,0,0.31
5658,2015-05-24 17:00,-3.2,4.16,94.68,678.18,0,0.91
5659,2015-05-24 18:00,-3.1,5.44,95.02,678.28,0,0.93
5660,2015-05-24 19:00,-4.1,6.72,95.01,678.38,0,1
5661,2015-05-24 20:00,-4.3,6.72,95.01,678.58,0,1
5662,2015-05-24 21:00,-4.3,4.16,95.01,678.48,0.056,1
5663,2015-05-24 22:00,-4.4,4.16,95,678.38,0.056,1
5664,2015-05-24 23:00,-4.6,6.72,95,678.28,0,1
5665,2015-05-25 00:00,-4.8,6.72,95,677.98,0.056,1
5666,2015-05-25 01:00,-5,6.72,94.99,677.78,0.056,1
5667,2015-05-25 02:00,-5,6.72,94.98,677.58,0,1
5668,2015-05-25 03:00,-5,4.16,94.98,677.38,0,1
5669,2015-05-25 04:00,-4.9,4.16,94.97,677.18,0,1
5670,2015-05-25 05:00,-5.2,6.72,94.63,677.18,0,0
5671,2015-05-25 06:00,-6,4.16,94.63,677.18,0,0
5672,2015-05-25 07:00,-6.7,2.8,94.61,677.18,0,0.91
5673,2015-05-25 08:00,-7.3,4.16,93.94,677.18,0,0
5674,2015-05-25 09:00,-7,2.8,93.94,677.28,0,0
5675,2015-05-25 10:00,-6.4,0.5,93.66,677.38,0,0
5676,2015-05-25 11:00,-5.9,0.5,93.36,677.38,0,0
5677,2015-05-25 12:00,-4.5,1.04,93.03,677.18,0,0
5678,2015-05-25 13:00,-3.8,0.64,93.03,677.18,0,0
5679,2015-05-25 14:00,-2.4,0.5,92.7,676.98,0,0.01
5680,2015-05-25 15:00,0.6,0.5,92.37,676.88,0.0841,0
5681,2015-05-25 16:00,-2.2,0.72,88.65,676.68,0,0.93
5682,2015-05-25 17:00,-2.4,0.8,92.68,676.58,0.2242,0.95
5683,2015-05-25 18:00,-3.3,0.5,93.01,676.48,0.3363,0.93
5684,2015-05-25 19:00,-4.2,1.12,93.66,676.38,0,1
5685,2015-05-25 20:00,-4.8,0.8,93.65,676.38,0.056,1
5686,2015-05-25 21:00,-5.1,0.5,93.65,676.18,0.2803,1
5687,2015-05-25 22:00,-4.9,0.5,94.97,675.68,1.6816,1
5688,2015-05-25 23:00,-5.6,1.6,95.63,674.98,0.2242,1
5689,2015-05-26 00:00,-6.9,1.44,95.63,674.38,0.056,1
5690,2015-05-26 01:00,-8.6,2.88,93.53,674.78,0,1
5691,2015-05-26 02:00,-8.3,2.88,91.49,674.58,0,1
5692,2015-05-26 03:00,-8.3,2.32,92.49,674.18,0,1
5693,2015-05-26 04:00,-8.5,1.44,94.18,673.98,0,1
5694,2015-05-26 05:00,-9,3.92,93.5,673.88,0,0.66
5695,2015-05-26 06:00,-8.7,4.64,93.49,673.78,0.056,0.65
5696,2015-05-26 07:00,-9,3.04,94.19,673.98,1.1211,0.45
5697,2015-05-26 08:00,-8.6,3.6,93.87,674.18,0,0
5698,2015-05-26 09:00,-4.9,2.16,93.89,674.38,0,0.66
5699,2015-05-26 10:00,-3.6,0.72,93.9,674.88,0,0
5700,2015-05-26 11:00,-2,0.5,93.58,675.18,0,0.57
5701,2015-05-26 12:00,0.6,0.5,93.57,675.28,0,0.71
5702,2015-05-26 13:00,-1.9,1.36,93.57,675.38,0,0.26
5703,2015-05-26 14:00,-4.8,7.6,93.6,675.48,0,0
5704,2015-05-26 15:00,-7.2,9.28,93.6,675.48,0,0
5705,2015-05-26 16:00,-6.9,5.12,93.91,675.88,0,0
5706,2015-05-26 17:00,-8.1,7.28,92.56,675.98,0,0.48
5707,2015-05-26 18:00,-8.8,8.48,93.09,676.08,0,0.8
5708,2015-05-26 19:00,-8.5,11.04,94.55,676.18,0,0.21
5709,2015-05-26 20:00,-8.3,15.04,94.88,676.38,0,0.71
5710,2015-05-26 21:00,-7.5,12.88,94.88,676.18,0,0
5711,2015-05-26 22:00,-8.2,11.52,94.87,676.28,0,0.25
5712,2015-05-26 23:00,-8.3,11.84,94.86,676.18,0,0.85
5713,2015-05-27 00:00,-8.8,11.12,94.51,675.88,0,0.96
5714,2015-05-27 01:00,-8.9,11.36,93.46,675.98,0,1
5715,2015-05-27 02:00,-8.4,11.28,91.43,676.18,0,1
5716,2015-05-27 03:00,-8.4,11.04,82.94,675.88,0,0.96
5717,2015-05-27 04:00,-8.1,11.36,66.83,676.28,0,0.88
5718,2015-05-27 05:00,-8,9.92,42.99,676.58,0,0.99
5719,2015-05-27 06:00,-7.3,9.84,38.56,677.08,0,0.08
5720,2015-05-27 07:00,-7.1,10.16,33.15,677.38,0,0
5721,2015-05-27 08:00,-6.9,9.12,32.97,677.78,0,0
5722,2015-05-27 09:00,-6.4,9.44,38.89,678.18,0,0
5723,2015-05-27 10:00,-5.6,13.12,53.5,678.38,0,0
5724,2015-05-27 11:00,-5.6,10.88,67.52,678.68,0,0
5725,2015-05-27 12:00,-5.6,8.96,78,678.88,0,0
5726,2015-05-27 13:00,-5.8,9.28,77.09,678.98,0,0
5727,2015-05-27 14:00,-5.4,8.96,73.13,679.28,0,0
5728,2015-05-27 15:00,-5.1,10.4,64.96,679.48,0,0
5729,2015-05-27 16:00,-4.9,7.92,59.56,679.48,0,0
5730,2015-05-27 17:00,-4.4,9.28,45.93,679.68,0,0.42
5731,2015-05-27 18:00,-5.1,9.44,48.72,679.88,0,0.76
5732,2015-05-27 19:00,-5.2,9.04,57.31,679.98,0,0
5733,2015-05-27 20:00,-5,9.04,48.29,680.28,0,0
5734,2015-05-27 21:00,-4.1,11.04,45.12,680.28,0,0
5735,2015-05-27 22:00,-4.2,9.28,38.64,680.28,0,0
5736,2015-05-27 23:00,-4.5,10.32,33.11,680.08,0,0
5737,2015-05-28 00:00,-4.8,9.28,26.57,679.98,0,0
5738,2015-05-28 01:00,-4.6,9.44,19.51,679.88,0,0
5739,2015-05-28 02:00,-4.7,8.88,15.98,679.88,0,0
5740,2015-05-28 03:00,-5,8.56,13.68,679.68,0,0
5741,2015-05-28 04:00,-5,5.68,13.22,679.98,0,0
5742,2015-05-28 05:00,-3.2,3.2,11.62,680.18,0,0.95
5743,2015-05-28 06:00,-2.2,3.6,10.03,680.48,0,0.16
5744,2015-05-28 07:00,-1.7,5.2,11.07,680.68,0,0.09
5745,2015-05-28 08:00,-1,2.88,13.52,680.78,0,0.05
5746,2015-05-28 09:00,-0.2,2.64,13.83,680.98,0,0
5747,2015-05-28 10:00,-0.2,3.36,17.61,680.98,0,0.09
5748,2015-05-28 11:00,-0.3,1.44,22.98,681.18,0,0
5749,2015-05-28 12:00,-0.1,1.76,23.72,681.18,0,0
5750,2015-05-28 13:00,-1.3,1.84,23.92,681.08,0,0.09
5751,2015-05-28 14:00,-0.9,0.72,24.19,681.08,0,0.05
5752,2015-05-28 15:00,-1.7,1.52,26.64,680.98,0,0
5753,2015-05-28 16:00,-2.1,1.2,31.46,680.88,0,0
5754,2015-05-28 17:00,-2.6,0.88,31.46,680.68,0,0.51
5755,2015-05-28 18:00,-3.5,2.32,31.72,680.58,0,0.74
5756,2015-05-28 19:00,-4.4,1.2,33.41,680.68,0,0
5757,2015-05-28 20:00,-5.5,1.04,29.33,680.88,0,0
5758,2015-05-28 21:00,-5.5,0.56,28.51,680.78,0,0
5759,2015-05-28 22:00,-5.7,0.5,31.7,680.68,0,0
5760,2015-05-28 23:00,-6,0.5,31.29,680.48,0,0
5761,2015-05-29 00:00,-6.1,0.96,35.43,680.28,0,0
5762,2015-05-29 01:00,-6.2,0.8,53.19,679.98,0,0
5763,2015-05-29 02:00,-6.4,0.5,59.56,679.48,0,0
5764,2015-05-29 03:00,-6.7,0.72,68.68,679.08,0,0
5765,2015-05-29 04:00,-6.6,0.88,69.27,678.98,0,0
5766,2015-05-29 05:00,-5.7,0.72,61.8,679.08,0,0.98
5767,2015-05-29 06:00,-4.9,0.64,61.23,679.08,0,0.84
5768,2015-05-29 07:00,-4.9,0.5,56.14,679.28,0,0.98
5769,2015-05-29 08:00,-3.7,0.8,55.23,679.28,0,0.64
5770,2015-05-29 09:00,-1.8,0.5,56.22,679.48,0,0.51
5771,2015-05-29 10:00,-1.2,0.5,58.41,679.58,0,0.45
5772,2015-05-29 11:00,-1.1,0.96,61.39,679.68,0,0
5773,2015-05-29 12:00,-0.5,0.5,62.38,679.78,0,0
5774,2015-05-29 13:00,-0.8,0.5,62.21,679.58,0,0.16
5775,2015-05-29 14:00,-1,0.5,65.47,679.48,0,0.32
5776,2015-05-29 15:00,-0.8,0.5,65.77,679.38,0,0.34
5777,2015-05-29 16:00,-1.1,0.5,73.23,679.28,0,0.79
5778,2015-05-29 17:00,-2,0.56,76.51,679.28,0,0.7
5779,2015-05-29 18:00,-1.4,0.5,76.94,679.48,0,0.41
5780,2015-05-29 19:00,-2.8,0.5,86.35,679.28,0,0.62
5781,2015-05-29 20:00,-3,0.5,93.42,679.58,0,0.68
5782,2015-05-29 21:00,-3.6,0.5,93.38,679.18,0,0.65
5783,2015-05-29 22:00,-4,0.88,94.03,679.08,0,0
5784,2015-05-29 23:00,-3.7,0.64,100,678.88,0.1121,0.66
5785,2015-05-30 00:00,-3.6,0.5,100,678.68,0.5605,1
5786,2015-05-30 01:00,-4.1,0.5,92.35,678.18,0,1
5787,2015-05-30 02:00,-7,0.5,81.04,678.18,0,1
5788,2015-05-30 03:00,-7.3,0.5,76.15,677.98,0,0.87
5789,2015-05-30 04:00,-7.2,0.72,75.12,677.68,0,0.82
5790,2015-05-30 05:00,-6,0.5,77.63,677.78,0,0.71
5791,2015-05-30 06:00,-4,0.5,65.08,678.08,0,0.88
5792,2015-05-30 07:00,-3.4,0.64,51.57,678.28,0,0.76
5793,2015-05-30 08:00,-2.6,0.88,46.41,678.48,0,0.46
5794,2015-05-30 09:00,-2.1,0.8,52.36,678.98,0,0
5795,2015-05-30 10:00,-1.4,0.5,54.12,679.38,0,0
5796,2015-05-30 11:00,-1.4,0.72,59.03,679.68,0,0
5797,2015-05-30 12:00,-0.4,0.88,64.35,679.88,0,0
5798,2015-05-30 13:00,0.6,1.44,67.92,680.18,0,0
5799,2015-05-30 14:00,2.2,0.5,67.77,680.28,0,0
5800,2015-05-30 15:00,0.6,0.5,69.37,680.38,0,0
5801,2015-05-30 16:00,1.6,0.64,74.41,680.48,0,0
5802,2015-05-30 17:00,0.9,0.56,77.75,680.58,0.056,0.26
5803,2015-05-30 18:00,0.5,0.5,72.4,680.58,0.3924,0.27
5804,2015-05-30 19:00,-3.4,0.5,84.09,680.68,0.056,0
5805,2015-05-30 20:00,-5,1.12,87.12,680.78,0,0
5806,2015-05-30 21:00,-5.1,0.5,90.62,680.88,0,0
5807,2015-05-30 22:00,-4.7,0.5,89.99,680.88,0,0
5808,2015-05-30 23:00,-4.7,0.5,85.91,680.78,0,0.53
5809,2015-05-31 00:00,-4.4,0.5,86.15,680.88,0,1
5810,2015-05-31 01:00,-4.2,0.56,85.06,680.68,0,1
5811,2015-05-31 02:00,-4.7,3.36,77.96,680.28,0,0.98
5812,2015-05-31 03:00,-4.6,4,77.8,680.18,0,0.92
5813,2015-05-31 04:00,-4.4,3.68,69.17,680.28,0,0
5814,2015-05-31 05:00,-3.5,6.56,61.68,680.48,0,0.98
5815,2015-05-31 06:00,-2.2,7.44,56.55,680.68,0,0.25
5816,2015-05-31 07:00,-1.1,4.64,53.05,680.98,0,0.09
5817,2015-05-31 08:00,-0.9,5.92,56.15,681.08,0,0.12
5818,2015-05-31 09:00,0.6,3.12,69.52,681.28,0,0
5819,2015-05-31 10:00,0,5.04,72.34,681.58,0,0
5820,2015-05-31 11:00,1.1,4.4,67.7,681.68,0,0
5821,2015-05-31 12:00,2.3,1.52,63.85,681.68,0,0
5822,2015-05-31 13:00,2.8,1.36,76.31,681.98,0,0
5823,2015-05-31 14:00,3.7,0.5,77.3,682.18,0,0
5824,2015-05-31 15:00,3.3,0.5,77.83,682.28,0,0.34
5825,2015-05-31 16:00,2,0.5,77.6,682.08,0.1682,0
5826,2015-05-31 17:00,0.5,0.5,81.75,681.98,0.1121,0.48
5827,2015-05-31 18:00,-0.5,0.5,84.41,682.08,0.2803,0.93
5828,2015-05-31 19:00,-1.6,0.56,85.97,682.48,0.4484,0.23
5829,2015-05-31 20:00,-2.3,0.5,89.57,682.78,0.2803,0.82
5830,2015-05-31 21:00,-3.5,0.5,87.47,682.88,0.3363,0.75
5831,2015-05-31 22:00,-3.3,1.04,89.47,682.88,0,0.92
5832,2015-05-31 23:00,-2.8,0.5,87.42,682.98,0,1
5833,2015-06-01 00:00,-2.8,0.5,89.13,682.78,0,1
5834,2015-06-01 01:00,-3.1,0.5,95.09,682.68,0,1
5835,2015-06-01 02:00,-2.9,1.04,95.07,682.58,0,1
5836,2015-06-01 03:00,-2.9,0.5,96.08,682.48,0,1
5837,2015-06-01 04:00,-3,0.5,91.39,682.38,0,1
5838,2015-06-01 05:00,-0.6,0.5,73,682.58,0,0.92
5839,2015-06-01 06:00,1.5,0.5,62.61,682.78,0,0.43
5840,2015-06-01 07:00,1.7,0.5,59.89,682.88,0,0.51
5841,2015-06-01 08:00,3.1,0.5,69.15,683.08,0,0
5842,2015-06-01 09:00,3.3,0.64,70.32,683.28,0,0
5843,2015-06-01 10:00,2.3,0.64,64.28,683.38,0,0
5844,2015-06-01 11:00,1.8,0.8,62.34,683.28,0,0
5845,2015-06-01 12:00,1.7,0.96,60.62,683.38,0,0
5846,2015-06-01 13:00,3,1.2,66.7,683.48,0.056,0.23
5847,2015-06-01 14:00,3.4,0.5,68.95,683.58,0,0.7
5848,2015-06-01 15:00,2,0.8,69.8,683.68,0,0.55
5849,2015-06-01 16:00,0.3,0.5,80.97,683.58,0,0.92
5850,2015-06-01 17:00,0.6,0.5,81.97,683.58,0.056,0.75
5851,2015-06-01 18:00,-0.1,0.5,86.93,683.58,0,0
5852,2015-06-01 19:00,-1.2,0.64,89.59,683.68,0.1682,0.49
5853,2015-06-01 20:00,-1.5,0.56,90.1,683.88,0.1121,0
5854,2015-06-01 21:00,-2,0.5,94.47,683.88,0,0.56
5855,2015-06-01 22:00,-1.6,0.5,94.44,683.88,0,0.57
5856,2015-06-01 23:00,-1.8,1.04,98.55,683.68,0,0.97
5857,2015-06-02 00:00,-1.5,1.36,100,683.68,0.056,0.79
5858,2015-06-02 01:00,-1.7,0.5,98.55,683.48,0,1
5859,2015-06-02 02:00,-2.8,0.8,90.65,683.48,0,1
5860,2015-06-02 03:00,-3.4,0.5,87.99,683.38,0,0.51
5861,2015-06-02 04:00,-3.6,0.5,87.14,683.48,0,0
5862,2015-06-02 05:00,-2.5,0.5,78.77,683.78,0,0.68
5863,2015-06-02 06:00,-1.1,0.5,63.52,683.98,0,0.61
5864,2015-06-02 07:00,-0.2,0.5,66.58,684.28,0,0.77
5865,2015-06-02 08:00,0.7,3.28,73.61,684.68,0,0.68
5866,2015-06-02 09:00,1.4,0.64,79.02,685.08,0,0.75
5867,2015-06-02 10:00,3.6,2.32,78.57,685.58,0,0.37
5868,2015-06-02 11:00,3.6,4.4,81.95,685.98,0,0
5869,2015-06-02 12:00,6.6,1.6,75.57,686.38,0,0
5870,2015-06-02 13:00,6.2,2.4,73.4,686.78,0,0
5871,2015-06-02 14:00,5.3,3.44,71.45,687.18,0,0
5872,2015-06-02 15:00,3.9,4.08,74.26,687.48,0,0
5873,2015-06-02 16:00,4.3,2.8,77.73,687.88,0,0
5874,2015-06-02 17:00,4.5,2.24,72.82,687.98,0,0.84
5875,2015-06-02 18:00,4.3,1.68,76.94,688.28,0,0.63
5876,2015-06-02 19:00,3.6,2.4,85.18,688.58,0,0.34
5877,2015-06-02 20:00,2.6,1.36,90.62,688.98,0,0
5878,2015-06-02 21:00,2.3,2,91.32,689.08,0,0
5879,2015-06-02 22:00,1.9,0.5,86.91,689.28,0,0
5880,2015-06-02 23:00,2.3,0.5,80.55,689.38,0,0
5881,2015-06-03 00:00,1.7,1.36,76.61,689.38,0,0
5882,2015-06-03 01:00,1.8,1.52,75.88,689.28,0,0
5883,2015-06-03 02:00,2.1,1.04,74.57,689.18,0,0
5884,2015-06-03 03:00,1.9,0.5,74.28,689.08,0,0
5885,2015-06-03 04:00,2.4,0.5,67.71,689.08,0,0
5886,2015-06-03 05:00,6.3,0.88,59.33,689.18,0,0
5887,2015-06-03 06:00,8.4,0.5,56.6,689.48,0,0.15
5888,2015-06-03 07:00,9.6,0.5,54.69,689.88,0,0
5889,2015-06-03 08:00,10.2,0.5,59.1,689.98,0,0
5890,2015-06-03 09:00,10.6,2.08,64.39,690.38,0,0
5891,2015-06-03 10:00,11.3,0.5,65.04,690.48,0,0
5892,2015-06-03 11:00,10.3,0.8,62.47,690.68,0,0
5893,2015-06-03 12:00,9.8,0.96,68.85,690.68,0,0
5894,2015-06-03 13:00,8.8,1.2,69.85,690.88,0,0
5895,2015-06-03 14:00,7.6,0.5,72.25,690.88,0,0
5896,2015-06-03 15:00,8,0.8,72.5,690.88,0,0
5897,2015-06-03 16:00,7.9,0.5,74.82,690.88,0,0
5898,2015-06-03 17:00,6.4,0.5,75.03,690.78,0,0.85
5899,2015-06-03 18:00,6.2,0.5,78.11,690.88,0.2242,0.61
5900,2015-06-03 19:00,4.7,0.72,84.82,690.98,0,0
5901,2015-06-03 20:00,2.6,1.68,89.7,691.38,0,0
5902,2015-06-03 21:00,2.2,0.5,97.55,691.58,0,0
5903,2015-06-03 22:00,1.4,1.76,99.64,691.58,0,0
5904,2015-06-03 23:00,1.8,2.56,93.9,691.48,0,0.68
5905,2015-06-04 00:00,1.9,3.84,90.84,691.38,0,0.78
5906,2015-06-04 01:00,1.6,3.92,91.13,691.38,0,0.78
5907,2015-06-04 02:00,1.2,3.76,88.5,691.18,0,0.78
5908,2015-06-04 03:00,0.9,4,88.5,690.98,0,0.73
5909,2015-06-04 04:00,1,3.92,86.01,691.08,0,0
5910,2015-06-04 05:00,2.6,2.56,84.1,691.28,0,0
5911,2015-06-04 06:00,4.9,2.24,76.84,691.38,0,0
5912,2015-06-04 07:00,8.4,0.5,76.68,691.58,0,0
5913,2015-06-04 08:00,9.8,0.5,75.71,691.78,0,0
5914,2015-06-04 09:00,7.9,0.5,76.46,691.98,0,0.14
5915,2015-06-04 10:00,8.7,0.88,72.63,692.18,0,0.66
5916,2015-06-04 11:00,6.2,0.5,68.83,692.28,0,0.62
5917,2015-06-04 12:00,10.3,0.5,67.4,692.28,0.056,0.77
5918,2015-06-04 13:00,7.5,0.5,69.12,692.38,2.3542,0.97
5919,2015-06-04 14:00,6.3,0.64,72.25,692.28,0.2803,0.97
5920,2015-06-04 15:00,6.5,0.5,79.85,692.28,0,0.83
5921,2015-06-04 16:00,9.8,0.5,81.2,692.08,0.1121,0.29
5922,2015-06-04 17:00,8.7,0.5,81.54,691.88,0.056,0.88
5923,2015-06-04 18:00,7.7,1.76,81.07,691.98,0,0.54
5924,2015-06-04 19:00,3.1,0.5,81,692.08,0,0.87
5925,2015-06-04 20:00,2.7,3.12,94.9,692.28,0,0
5926,2015-06-04 21:00,2.7,0.5,94.56,692.28,0,0.6
5927,2015-06-04 22:00,2.3,0.5,85.53,692.28,0,0.85
5928,2015-06-04 23:00,1.9,0.88,85.03,692.08,0,0.84
5929,2015-06-05 00:00,2.3,0.5,84,691.88,0,0.89
5930,2015-06-05 01:00,2.2,0.5,82.52,691.68,0,0.95
5931,2015-06-05 02:00,2.2,0.5,82.52,691.48,0,0.93
5932,2015-06-05 03:00,2.2,0.5,83.01,691.38,0,0.58
5933,2015-06-05 04:00,1,0.5,83.41,691.28,0,0
5934,2015-06-05 05:00,5.1,0.8,84.69,691.28,0,0
5935,2015-06-05 06:00,6.3,0.64,75.21,691.28,0,0.14
5936,2015-06-05 07:00,6.8,0.5,87.9,691.38,0,0.28
5937,2015-06-05 08:00,6.5,0.5,87.6,691.48,0,0
5938,2015-06-05 09:00,6.8,0.5,89.3,691.68,0,0
5939,2015-06-05 10:00,6.4,0.64,83.5,691.78,0,0
5940,2015-06-05 11:00,6.3,0.5,77.55,691.88,0,0
5941,2015-06-05 12:00,6.2,0.5,74.53,691.98,0,0
5942,2015-06-05 13:00,6.9,0.5,65.99,691.98,0,0.04
5943,2015-06-05 14:00,7.4,0.64,72.39,691.88,0,0.75
5944,2015-06-05 15:00,7.1,0.5,78.09,691.78,0,0
5945,2015-06-05 16:00,7.1,0.5,93.6,691.48,0,0
5946,2015-06-05 17:00,6.7,0.5,87.1,691.38,0,0.89
5947,2015-06-05 18:00,5.2,0.96,84.5,691.08,0,0
5948,2015-06-05 19:00,4.8,3,89.6,691.28,0,0
5949,2015-06-05 20:00,2.3,2.06,96.2,691.58,0,0
5950,2015-06-05 21:00,2,1.34,97.2,691.68,0,0
5951,2015-06-05 22:00,1.5,1.58,95.9,691.68,0,0
5952,2015-06-05 23:00,2.6,1.6,96.9,691.48,0,0
5953,2015-06-06 00:00,3.1,4.64,98.8,691.48,0,0
5954,2015-06-06 01:00,3,4.96,100,691.28,0,0
5955,2015-06-06 02:00,3.6,4.96,100,691.18,0,0
5956,2015-06-06 03:00,2.9,4.08,100,690.98,0,0
5957,2015-06-06 04:00,3.5,4.96,100,690.98,0,0.79
5958,2015-06-06 05:00,4.8,4.32,97.4,691.08,0,0.97
5959,2015-06-06 06:00,6.1,0.96,97.5,691.18,0,0.01
5960,2015-06-06 07:00,7.6,0.64,97.5,691.48,0,0
5961,2015-06-06 08:00,7.2,0.72,97.5,691.68,0,0
5962,2015-06-06 09:00,6.9,0.5,87,691.88,0,0
5963,2015-06-06 10:00,6.5,0.5,85,692.18,0,0
5964,2015-06-06 11:00,6.3,0.5,83.2,692.28,0,0
5965,2015-06-06 12:00,6.8,0.56,71.51,692.58,0,0
5966,2015-06-06 13:00,5.7,0.56,61,692.58,0.1121,0.09
5967,2015-06-06 14:00,7,0.5,62.93,692.48,0,0.8
5968,2015-06-06 15:00,6.3,0.88,59.65,692.38,0,0.76
5969,2015-06-06 16:00,3.2,0.5,53.86,692.38,0.2242,0.97
5970,2015-06-06 17:00,3.8,2.8,61.47,691.88,0.056,0.84
5971,2015-06-06 18:00,5.4,0.5,60.53,691.68,0,0
5972,2015-06-06 19:00,2.8,0.64,75.74,691.68,0.056,0
5973,2015-06-06 20:00,1.3,2.96,84.1,691.98,3.9237,0.19
5974,2015-06-06 21:00,1.8,0.88,95.4,691.98,0.8408,0.72
5975,2015-06-06 22:00,1,0.5,100,691.58,0,0.84
5976,2015-06-06 23:00,0.7,0.64,100,691.78,0.2242,0.23
5977,2015-06-07 00:00,1,1.28,100,691.78,1.1211,1
5978,2015-06-07 01:00,0.8,1.04,100,691.38,1.4013,1
5979,2015-06-07 02:00,-0.5,3.52,100,690.98,0,1
5980,2015-06-07 03:00,-1.3,0.56,100,690.88,0,1
5981,2015-06-07 04:00,-0.1,0.8,99.9,690.68,0,0.86
5982,2015-06-07 05:00,1.1,0.5,94.4,690.58,0,0.97
5983,2015-06-07 06:00,2.6,0.5,83.5,690.88,0,0
5984,2015-06-07 07:00,2.9,0.5,72.74,690.98,0,0.71
5985,2015-06-07 08:00,4.7,0.5,76.01,690.98,0,0
5986,2015-06-07 09:00,4.1,0.5,85.6,690.98,0,0
5987,2015-06-07 10:00,4.4,0.72,79.05,691.08,0,0.42
5988,2015-06-07 11:00,4.3,0.56,69.08,691.28,0,0.5
5989,2015-06-07 12:00,4.5,0.72,74.34,691.08,0,0.96
5990,2015-06-07 13:00,5.9,0.8,68.21,691.18,0,0.86
5991,2015-06-07 14:00,4.2,0.72,75.47,691.08,0,0
5992,2015-06-07 15:00,4.9,0.5,68.63,690.78,0.056,0.35
5993,2015-06-07 16:00,4.7,0.5,66.31,690.58,0,0.61
5994,2015-06-07 17:00,4.3,1.28,71.43,690.38,0,0.92
5995,2015-06-07 18:00,2.6,0.56,92.2,690.28,0,0.93
5996,2015-06-07 19:00,1.1,1.36,96.8,690.18,0,0
5997,2015-06-07 20:00,0.4,1.76,87.7,689.98,0,0
5998,2015-06-07 21:00,0.2,0.64,100,689.58,0,0
5999,2015-06-07 22:00,-0.1,2.08,100,689.88,0,0
6000,2015-06-07 23:00,0.3,0.56,100,689.38,0,0.53
6001,2015-06-08 00:00,-0.1,3.68,99.1,688.78,0,0.58
6002,2015-06-08 01:00,1.1,0.5,100,688.58,0,0.61
6003,2015-06-08 02:00,0.3,1.76,100,688.08,0,0.7
6004,2015-06-08 03:00,-0.1,2.8,100,687.48,0.2803,0.72
6005,2015-06-08 04:00,0.3,0.5,100,687.28,0.056,0.21
6006,2015-06-08 05:00,0.8,0.5,100,687.18,0.3363,0.9
6007,2015-06-08 06:00,0.7,0.5,100,686.88,0.7847,0.97
6008,2015-06-08 07:00,2.1,0.5,97.6,686.98,0.2242,0.55
6009,2015-06-08 08:00,1.7,1.2,92.4,686.98,0,0
6010,2015-06-08 09:00,3.1,0.5,86.9,686.78,0,0.18
6011,2015-06-08 10:00,4,0.5,75.84,686.88,0,0.87
6012,2015-06-08 11:00,2.6,1.44,87.8,686.88,0,0.2
6013,2015-06-08 12:00,7.4,0.5,100,686.48,0,0.64
6014,2015-06-08 13:00,3.5,0.64,100,686.08,1.2612,0.96
6015,2015-06-08 14:00,7,0.5,100,685.78,1.9058,0.42
6016,2015-06-08 15:00,4.9,0.5,100,685.28,0.4484,0.85
6017,2015-06-08 16:00,3.8,0.5,100,685.18,0.5045,0.96
6018,2015-06-08 17:00,1.2,1.28,100,684.88,0.8408,0.95
6019,2015-06-08 18:00,0.2,2.32,100,684.78,0.5045,0.94
6020,2015-06-08 19:00,0.3,0.88,100,684.78,0.2803,1
6021,2015-06-08 20:00,0.1,1.36,100,684.98,0,1
6022,2015-06-08 21:00,0.1,0.5,100,684.78,0,1
6023,2015-06-08 22:00,-0.5,3.28,100,684.68,0,1
6024,2015-06-08 23:00,-0.7,3.28,100,684.38,0,1
6025,2015-06-09 00:00,-0.8,1.92,100,684.08,0,1
6026,2015-06-09 01:00,-0.8,1.68,100,683.68,0,1
6027,2015-06-09 02:00,-1.1,0.5,100,683.48,0,1
6028,2015-06-09 03:00,-1.2,2.08,100,683.18,0,1
6029,2015-06-09 04:00,-1.1,2.32,100,683.08,0,0.4
6030,2015-06-09 05:00,-1.4,2.48,100,683.18,0,0.97
6031,2015-06-09 06:00,-0.3,0.5,99.9,683.08,0,0.97
6032,2015-06-09 07:00,0.2,0.5,100,683.18,0,0.84
6033,2015-06-09 08:00,1.9,1.44,99,683.38,0,0.83
6034,2015-06-09 09:00,3.9,0.5,97.9,683.58,0,0.08
6035,2015-06-09 10:00,3.4,0.5,97.8,683.68,0,0.63
6036,2015-06-09 11:00,4.1,0.5,94.6,683.78,0.056,0.81
6037,2015-06-09 12:00,6.1,0.72,95.9,683.88,0.1121,0.57
6038,2015-06-09 13:00,7.8,2.06,97.9,683.98,0,0.32
6039,2015-06-09 14:00,8.2,2.6,97.1,683.88,0.056,0
6040,2015-06-09 15:00,8.9,2.76,96.8,683.88,0.056,0.96
6041,2015-06-09 16:00,3.7,1.12,98.3,683.68,0,0.94
6042,2015-06-09 17:00,1.2,1.04,100,683.68,0.1682,0.95
6043,2015-06-09 18:00,0.9,1.28,100,683.88,0.2803,0.93
6044,2015-06-09 19:00,0.1,0.88,100,683.88,0.1121,1
6045,2015-06-09 20:00,-0.2,1.04,100,684.08,0,1
6046,2015-06-09 21:00,-0.7,0.5,100,684.18,0,1
6047,2015-06-09 22:00,-2,0.5,99.7,684.18,0,1
6048,2015-06-09 23:00,-3.5,0.5,93.9,684.08,0,1
6049,2015-06-10 00:00,-2,0.5,100,684.08,0,1
6050,2015-06-10 01:00,-0.5,0.5,100,683.98,0,1
6051,2015-06-10 02:00,-0.4,0.5,100,683.78,0,1
6052,2015-06-10 03:00,-0.9,0.5,100,683.78,0,1
6053,2015-06-10 04:00,-0.4,0.5,100,684.08,0.056,0.78
6054,2015-06-10 05:00,0.1,0.72,100,683.88,0.1121,0.97
6055,2015-06-10 06:00,0.1,0.5,100,683.98,0.6166,0.97
6056,2015-06-10 07:00,1.1,0.5,99.9,684.48,0.3363,0.97
6057,2015-06-10 08:00,2.3,0.5,100,684.68,0.2242,0.97
6058,2015-06-10 09:00,3.8,0.5,100,684.98,0.5605,0.95
6059,2015-06-10 10:00,4.1,0.5,100,685.38,0.6726,0.97
6060,2015-06-10 11:00,4.7,0.8,100,685.38,0.4484,0.81
6061,2015-06-10 12:00,2.2,0.72,100,685.58,0,0.82
6062,2015-06-10 13:00,0.5,4.48,100,685.58,0,0.8
6063,2015-06-10 14:00,-0.5,3.68,99.5,685.68,0,0.83
6064,2015-06-10 15:00,3,2.16,97.8,685.98,0,0.75
6065,2015-06-10 16:00,3.9,1.76,98.9,685.98,0.3924,0.92
6066,2015-06-10 17:00,4.1,1.04,99.4,685.98,0.7847,0.75
6067,2015-06-10 18:00,3.7,0.5,100,685.98,0.5605,0.71
6068,2015-06-10 19:00,1.8,0.5,100,686.08,0,1
6069,2015-06-10 20:00,0,0.5,100,686.48,0,0.94
6070,2015-06-10 21:00,0,0.5,100,686.48,0,0.86
6071,2015-06-10 22:00,-0.2,0.5,100,686.48,0,0.85
6072,2015-06-10 23:00,-0.4,0.5,100,686.48,0,0.95
6073,2015-06-11 00:00,-0.8,1.04,100,686.08,0,1
6074,2015-06-11 01:00,-1.6,1.76,100,685.98,0,0.83
6075,2015-06-11 02:00,-1.5,1.6,100,685.68,0,0.58
6076,2015-06-11 03:00,-1.4,0.72,100,685.48,0,0.98
6077,2015-06-11 04:00,-1.4,0.64,100,685.18,0,1
6078,2015-06-11 05:00,-0.1,1.68,100,685.08,0,0
6079,2015-06-11 06:00,1.5,0.5,100,685.18,0,0.91
6080,2015-06-11 07:00,2.4,0.8,100,685.38,0,0.96
6081,2015-06-11 08:00,3.1,0.64,98.1,685.48,0,0.66
6082,2015-06-11 09:00,5,0.64,96.9,685.58,0,0.81
6083,2015-06-11 10:00,5.7,1.36,94.5,685.88,0,0.57
6084,2015-06-11 11:00,3.7,0.5,90.4,685.78,0,0.82
6085,2015-06-11 12:00,4.5,0.64,93.1,685.48,0.2803,0.84
6086,2015-06-11 13:00,5.7,0.88,89.5,685.48,0.4204,0.97
6087,2015-06-11 14:00,7.1,0.5,99.8,685.28,1.7376,0.51
6088,2015-06-11 15:00,4.3,1.36,97.2,685.18,0.7847,0.72
6089,2015-06-11 16:00,5.2,0.8,96.5,685.08,0,0
6090,2015-06-11 17:00,4.1,0.5,97.7,684.88,0,0.75
6091,2015-06-11 18:00,2.3,0.96,99.9,684.88,0,0.76
6092,2015-06-11 19:00,0.7,1.6,100,684.88,0.056,0
6093,2015-06-11 20:00,0.3,1.84,100,684.98,0.2242,0.9
6094,2015-06-11 21:00,-0.6,5.12,100,684.98,0,0.92
6095,2015-06-11 22:00,-0.5,4.32,100,684.68,0,0.85
6096,2015-06-11 23:00,-0.5,6.16,100,684.68,0,0.78
6097,2015-06-12 00:00,-0.2,3.76,100,684.18,0,0.85
6098,2015-06-12 01:00,-0.5,4.64,99.9,683.88,0.056,0.55
6099,2015-06-12 02:00,-1,4.32,100,683.78,0,0.48
6100,2015-06-12 03:00,-1.8,4.96,100,683.58,0,0.86
6101,2015-06-12 04:00,-1,3.28,99.4,683.78,0,0
6102,2015-06-12 05:00,-0.9,4.72,67.32,683.78,0,0.68
6103,2015-06-12 06:00,0.3,3.28,88.6,683.98,0,0.84
6104,2015-06-12 07:00,0.9,0.5,94.3,683.88,0,0.98
6105,2015-06-12 08:00,1.4,0.5,98.1,683.88,0,0.96
6106,2015-06-12 09:00,1.7,0.5,99,683.88,0.1682,0.97
6107,2015-06-12 10:00,2.3,0.5,100,684.08,4.0358,0.84
6108,2015-06-12 11:00,1.9,0.5,100,683.38,1.009,0.89
6109,2015-06-12 12:00,1.3,1.12,100,683.18,0.8408,0.97
6110,2015-06-12 13:00,1.1,0.64,100,682.28,1.5695,0.97
6111,2015-06-12 14:00,1.8,2.24,100,683.28,0.5605,0.97
6112,2015-06-12 15:00,1.7,1.44,100,683.18,0,0.97
6113,2015-06-12 16:00,1.3,1.68,100,682.98,0,0.96
6114,2015-06-12 17:00,0.9,4.48,98.9,682.98,0,0.95
6115,2015-06-12 18:00,1.3,3.72,100,682.68,0,0.93
6116,2015-06-12 19:00,1.2,4.74,100,682.48,0.2242,1
6117,2015-06-12 20:00,0.6,6.22,99.2,682.28,1.5134,1
6118,2015-06-12 21:00,0.6,6.48,100,682.38,0.3924,1
6119,2015-06-12 22:00,0.4,7,99,681.78,2.2421,1
6120,2015-06-12 23:00,0.4,6.38,100,681.58,2.5784,1
6121,2015-06-13 00:00,0.7,5.98,100,681.38,2.1861,1
6122,2015-06-13 01:00,0.7,5.3,100,681.18,2.9148,1
6123,2015-06-13 02:00,0.6,3.54,100,681.18,2.5784,1
6124,2015-06-13 03:00,0.1,3.22,100,681.28,5.3811,1
6125,2015-06-13 04:00,-0.4,6.48,100,680.88,3.195,0.41
6126,2015-06-13 05:00,-2.2,5.22,99.7,681.58,0,0.96
6127,2015-06-13 06:00,-2.4,4.32,96.9,681.78,0.056,0.88
6128,2015-06-13 07:00,-1.7,3.06,95.8,682.18,0,0.28
6129,2015-06-13 08:00,-2,2.36,68.76,682.18,0,0
6130,2015-06-13 09:00,-2.7,3.26,74.54,682.48,0,0
6131,2015-06-13 10:00,-2.9,4.84,91.3,682.58,0,0
6132,2015-06-13 11:00,-2.4,6.74,73.03,682.78,0,0
6133,2015-06-13 12:00,-2.6,0.5,67.47,682.88,0,0.05
6134,2015-06-13 13:00,-3.1,7.44,59.96,682.88,0,0.13
6135,2015-06-13 14:00,-0.6,2.64,66.61,683.08,0,0.37
6136,2015-06-13 15:00,0.4,7.6,81,682.68,0,0.67
6137,2015-06-13 16:00,1.5,0.64,98.5,682.68,1.2892,0.96
6138,2015-06-13 17:00,1.1,0.5,100,682.18,3.6995,0.95
6139,2015-06-13 18:00,0.9,0.96,100,681.78,4.6524,0.94
6140,2015-06-13 19:00,-0.1,3.76,100,682.18,2.4103,1
6141,2015-06-13 20:00,0.4,4.98,100,682.48,0.1121,1
6142,2015-06-13 21:00,0.2,5.16,100,682.38,0.3363,1
6143,2015-06-13 22:00,-0.3,3.26,100,681.78,2.4103,1
6144,2015-06-13 23:00,0,2.8,100,681.48,0.7287,1
6145,2015-06-14 00:00,0,2.72,100,681.08,0.5605,1
6146,2015-06-14 01:00,0,4.92,99.7,680.68,2.3542,1
6147,2015-06-14 02:00,0.1,5.4,99.7,680.28,0.5045,1
6148,2015-06-14 03:00,-0.2,5.5,100,680.38,0.5045,1
6149,2015-06-14 04:00,-0.7,5.26,100,680.28,0.056,0.77
6150,2015-06-14 05:00,-0.8,3.22,100,679.68,0.2242,0.98
6151,2015-06-14 06:00,0,4.76,100,679.58,0.2803,0.97
6152,2015-06-14 07:00,-0.2,3.76,99.7,679.48,0.2803,0.98
6153,2015-06-14 08:00,0.7,3.7,99.7,679.28,0.8408,0.98
6154,2015-06-14 09:00,0.3,3.14,99.7,679.08,1.1211,0.98
6155,2015-06-14 10:00,0.5,2.78,100,679.08,2.074,0.98
6156,2015-06-14 11:00,1.6,1.7,100,679.38,0.056,0.97
6157,2015-06-14 12:00,2.9,1.5,100,679.08,0,0.97
6158,2015-06-14 13:00,1.8,1.58,100,679.08,0,0.88
6159,2015-06-14 14:00,2.4,2.64,100,679.18,0.056,0.97
6160,2015-06-14 15:00,2.2,1.54,100,679.38,0.8968,0.97
6161,2015-06-14 16:00,2.6,0.96,100,679.18,0.2242,0.96
6162,2015-06-14 17:00,4.4,1.3,100,679.28,0,0.95
6163,2015-06-14 18:00,3.6,1.54,100,679.48,0.1121,0.93
6164,2015-06-14 19:00,1.9,2.48,100,679.58,0.1682,1
6165,2015-06-14 20:00,0.8,2.72,100,679.98,0.056,1
6166,2015-06-14 21:00,0.3,3.66,100,680.08,0.6166,1
6167,2015-06-14 22:00,0.2,4.76,100,680.28,1.4013,1
6168,2015-06-14 23:00,-0.2,2.06,100,680.08,0.7847,1
6169,2015-06-15 00:00,-1.2,0.9,100,679.78,0,1
6170,2015-06-15 01:00,-1.9,0.72,100,679.58,0,1
6171,2015-06-15 02:00,-2.4,1.12,100,679.38,0,1
6172,2015-06-15 03:00,-2.4,1.28,100,679.18,0,1
6173,2015-06-15 04:00,-2.3,0.74,100,679.28,0,0.94
6174,2015-06-15 05:00,-1.8,0.5,100,679.58,0.3924,0.97
6175,2015-06-15 06:00,-0.4,0.58,100,679.88,0.1121,0.91
6176,2015-06-15 07:00,2.2,0.6,100,680.08,0,0.37
6177,2015-06-15 08:00,3.2,0.5,100,680.18,0,0.83
6178,2015-06-15 09:00,2.9,0.98,100,680.58,0,0.46
6179,2015-06-15 10:00,4.2,1.26,100,680.88,0.2242,0
6180,2015-06-15 11:00,4,1.76,100,681.18,0.1121,0.97
6181,2015-06-15 12:00,4.7,2.08,100,681.38,1.3453,0.97
6182,2015-06-15 13:00,5.9,1.56,100,681.48,0.6166,0.88
6183,2015-06-15 14:00,6.1,1.8,100,681.48,0.056,0.97
6184,2015-06-15 15:00,4.4,2.72,100,681.58,1.009,0.96
6185,2015-06-15 16:00,4.2,0.56,100,681.58,0.2803,0.96
6186,2015-06-15 17:00,2,1.84,100,681.68,0.056,0.95
6187,2015-06-15 18:00,1.5,0.5,100,681.88,1.1771,0.94
6188,2015-06-15 19:00,1.6,0.5,100,681.98,1.2892,0.98
6189,2015-06-15 20:00,0.6,0.5,100,682.28,0.8968,1
6190,2015-06-15 21:00,0,0.88,100,682.48,0.5605,1
6191,2015-06-15 22:00,-0.4,0.5,100,682.58,0.4484,1
6192,2015-06-15 23:00,-0.8,0.5,100,682.48,0.3924,1
6193,2015-06-16 00:00,-0.8,0.5,100,682.28,0.5605,1
6194,2015-06-16 01:00,-0.9,0.5,100,682.18,0.8408,1
6195,2015-06-16 02:00,-1,0.5,100,682.08,1.1211,1
6196,2015-06-16 03:00,-1,1.12,100,681.88,0.2242,1
6197,2015-06-16 04:00,-0.9,0.96,100,681.88,0.2803,0.62
6198,2015-06-16 05:00,-0.7,0.5,100,681.88,0.2803,0.98
6199,2015-06-16 06:00,0.1,2.16,100,681.88,0.1682,0.97
6200,2015-06-16 07:00,1.8,0.72,100,682.08,0,0.97
6201,2015-06-16 08:00,3.2,0.5,100,682.18,0,0.89
6202,2015-06-16 09:00,4.1,0.88,100,682.28,0.056,0.75
6203,2015-06-16 10:00,4.9,0.88,100,682.38,0.8408,0.72
6204,2015-06-16 11:00,5.2,1.36,100,682.38,0.7287,0.97
6205,2015-06-16 12:00,4.1,1.6,100,682.18,0.3924,0.97
6206,2015-06-16 13:00,3.7,1.2,100,682.18,1.7376,0.97
6207,2015-06-16 14:00,3.6,0.96,100,681.88,2.3542,0.97
6208,2015-06-16 15:00,2.7,3.04,100,681.68,2.7466,0.97
6209,2015-06-16 16:00,1,1.44,100,681.28,2.6345,0.96
6210,2015-06-16 17:00,0.2,6.4,100,681.18,2.4103,0.95
6211,2015-06-16 18:00,-0.7,7.76,100,680.98,0.8968,0.94
6212,2015-06-16 19:00,-1,6.24,100,681.18,0.056,1
6213,2015-06-16 20:00,-1.7,0.5,100,681.18,0,1
6214,2015-06-16 21:00,-2.1,1.04,100,681.28,0,1
6215,2015-06-16 22:00,-2.2,1.73,100,681.28,0,1
6216,2015-06-16 23:00,-2.4,1.64,100,680.98,0,1
6217,2015-06-17 00:00,-2.8,2.16,100,680.98,0,1
6218,2015-06-17 01:00,-5.4,1.58,100,681.08,0,1
6219,2015-06-17 02:00,-5.2,1.36,100,680.88,0,1
6220,2015-06-17 03:00,-6.8,0.5,100,681.08,0,1
6221,2015-06-17 04:00,-6.5,5.36,100,681.38,0,0
6222,2015-06-17 05:00,-5.9,6.16,100,681.38,0,0
6223,2015-06-17 06:00,-5.1,5.92,100,681.68,0,0.45
6224,2015-06-17 07:00,-4.4,6.96,100,681.88,0,0.17
6225,2015-06-17 08:00,-4,6.4,100,682.38,0,0.27
6226,2015-06-17 09:00,-2.5,10.56,100,682.78,0,0.48
6227,2015-06-17 10:00,-3.2,11.52,100,683.08,0,0.65
6228,2015-06-17 11:00,-4.6,11.12,100,683.78,0,0.81
6229,2015-06-17 12:00,-3.9,10.48,97.4,683.98,0,0.9
6230,2015-06-17 13:00,-2.2,15.28,94.5,684.18,0,0.47
6231,2015-06-17 14:00,-0.3,11.84,100,684.08,0,0
6232,2015-06-17 15:00,-0.5,10.64,100,684.38,0,0.05
6233,2015-06-17 16:00,0.1,12.32,100,684.48,0,0
6234,2015-06-17 17:00,1.2,12.64,100,684.78,0,0.95
6235,2015-06-17 18:00,2,12.16,100,685.08,0,0.15
6236,2015-06-17 19:00,2.3,12.88,100,684.98,0,0.78
6237,2015-06-17 20:00,1.7,15.04,49.81,684.98,0,0.85
6238,2015-06-17 21:00,1.1,12.56,36.03,685.08,0,0.39
6239,2015-06-17 22:00,0.9,11.76,33.88,684.98,0,0
6240,2015-06-17 23:00,0.7,12.56,26.55,685.08,0,0.33
6241,2015-06-18 00:00,0.8,11.52,23.56,684.88,0,0.43
6242,2015-06-18 01:00,0.4,11.6,18.98,684.78,0,0.55
6243,2015-06-18 02:00,0.4,10.72,21.49,684.58,0.056,0.26
6244,2015-06-18 03:00,0.4,10,23.78,684.58,0,0
6245,2015-06-18 04:00,1.5,9.44,28.43,684.58,0,0.6
6246,2015-06-18 05:00,1,7.04,30.59,684.68,0,0.87
6247,2015-06-18 06:00,1.5,8.16,33.63,684.68,0,0.86
6248,2015-06-18 07:00,1.7,9.12,48.08,684.88,0,0.7
6249,2015-06-18 08:00,1.4,5.36,59.51,684.98,0,0.89
6250,2015-06-18 09:00,1.4,3.6,61.15,684.98,0,0.82
6251,2015-06-18 10:00,0.9,7.44,70.79,684.58,0,0.97
6252,2015-06-18 11:00,1,7.36,77.91,684.58,0,0.85
6253,2015-06-18 12:00,0.3,9.2,97.9,684.58,0,0.66
6254,2015-06-18 13:00,0.8,10.48,98.6,684.58,0,0.96
6255,2015-06-18 14:00,2.7,1.12,100,684.28,0,0.65
6256,2015-06-18 15:00,2.8,0.5,100,683.98,0,0.89
6257,2015-06-18 16:00,1.6,0.5,99.9,683.68,0.056,0.96
6258,2015-06-18 17:00,0.6,0.5,100,683.28,0,0.96
6259,2015-06-18 18:00,0.7,0.5,100,683.38,0,0.53
6260,2015-06-18 19:00,-0.2,0.72,100,683.08,0,0.98
6261,2015-06-18 20:00,-0.9,2.8,100,683.08,0,1
6262,2015-06-18 21:00,-0.7,0.72,100,683.08,0,0.85
6263,2015-06-18 22:00,-0.6,2.8,100,682.78,0,0.98
6264,2015-06-18 23:00,-0.4,0.96,100,682.68,0,1
6265,2015-06-19 00:00,-0.3,0.8,100,682.18,0,1
6266,2015-06-19 01:00,-0.4,1.36,100,681.78,0,1
6267,2015-06-19 02:00,-0.6,2.16,100,681.18,0,1
6268,2015-06-19 03:00,-1,0.8,100,681.08,0.056,1
6269,2015-06-19 04:00,-1.1,2.04,100,680.88,0,0.65
6270,2015-06-19 05:00,-1.2,1.42,100,680.68,0,0.97
6271,2015-06-19 06:00,-0.5,1.76,100,680.68,0.056,0.97
6272,2015-06-19 07:00,-0.1,3.14,100,680.78,0,0.97
6273,2015-06-19 08:00,-0.6,4.7,99.8,680.68,0.056,0.92
6274,2015-06-19 09:00,-2.4,5.64,94.8,680.78,0,0.94
6275,2015-06-19 10:00,-0.8,4.82,96.3,680.78,0,0.96
6276,2015-06-19 11:00,-0.7,0.88,97.8,680.98,0,0.86
6277,2015-06-19 12:00,0.3,0.5,92.8,680.98,0,0.86
6278,2015-06-19 13:00,-0.3,0.56,68.17,680.58,0,0.87
6279,2015-06-19 14:00,-0.1,0.5,60.59,680.28,0,0.82
6280,2015-06-19 15:00,-1.6,1.12,77.41,680.38,0,0.92
6281,2015-06-19 16:00,-3.1,4.08,86.6,680.28,0,0.97
6282,2015-06-19 17:00,-2.5,5.36,90.9,680.08,0,0.96
6283,2015-06-19 18:00,-2.6,3.12,98.1,680.38,0,0.86
6284,2015-06-19 19:00,-2.9,1.76,99.8,680.48,0,0
6285,2015-06-19 20:00,-3.9,2.32,100,680.08,0,0
6286,2015-06-19 21:00,-3.7,3.84,100,680.38,0,0
6287,2015-06-19 22:00,-3.6,2.88,100,680.48,0,0
6288,2015-06-19 23:00,-3.7,2.96,100,680.18,0,0
6289,2015-06-20 00:00,-3.7,5.84,100,679.88,0,0
6290,2015-06-20 01:00,-4.3,2.8,94.2,679.58,0,0
6291,2015-06-20 02:00,-5.2,1.6,95.4,679.38,0,0
6292,2015-06-20 03:00,-5.2,3.44,100,678.58,0,0
6293,2015-06-20 04:00,-5.5,7.12,100,678.18,0,0
6294,2015-06-20 05:00,-5.5,2.08,100,678.18,0,0.78
6295,2015-06-20 06:00,-5.4,1.68,100,677.78,0,0.78
6296,2015-06-20 07:00,-5,0.8,100,677.88,0,0.73
6297,2015-06-20 08:00,-3.6,0.88,100,677.98,0,0.7
6298,2015-06-20 09:00,-3,0.5,100,678.48,0,0.71
6299,2015-06-20 10:00,-3.5,0.5,100,678.38,0,0.53
6300,2015-06-20 11:00,-3.2,0.64,98.8,678.58,0,0.58
6301,2015-06-20 12:00,-3.8,0.8,96.4,678.98,0,0.5
6302,2015-06-20 13:00,-5.2,2.8,88.8,679.18,0,0
6303,2015-06-20 14:00,-4.5,2.96,87.9,679.18,0,0
6304,2015-06-20 15:00,-4.1,5.28,92.7,679.58,0,0
6305,2015-06-20 16:00,-3.9,3.6,94.7,679.78,0,0
6306,2015-06-20 17:00,-3.3,2.24,95.3,679.88,0,0.96
6307,2015-06-20 18:00,-3.4,2.08,94.6,679.88,0,0.19
6308,2015-06-20 19:00,-3.7,4.16,100,679.98,0,0.8
6309,2015-06-20 20:00,-4.3,6.24,100,680.28,0,0
6310,2015-06-20 21:00,-4.4,5.6,100,680.38,0,0
6311,2015-06-20 22:00,-4.6,7.76,86.9,680.58,0,0
6312,2015-06-20 23:00,-4.8,2.88,66.66,680.38,0,0
6313,2015-06-21 00:00,-5,5.52,68.05,679.98,0,0
6314,2015-06-21 01:00,-5.5,9.04,76.48,679.38,0,0.31
6315,2015-06-21 02:00,-6.6,10.96,81.1,679.58,0,0.4
6316,2015-06-21 03:00,-6,4.64,76.46,679.48,0,0.28
6317,2015-06-21 04:00,-5.1,1.52,87.1,679.58,0,0
6318,2015-06-21 05:00,-4.8,1.6,82.4,679.78,0,0.37
6319,2015-06-21 06:00,-4.7,0.8,95.6,680.18,0,0.5
6320,2015-06-21 07:00,-4.1,2.4,100,679.88,0,0.57
6321,2015-06-21 08:00,-3.7,2.96,100,680.18,0,0.58
6322,2015-06-21 09:00,-3.6,1.36,100,680.58,0,0.57
6323,2015-06-21 10:00,-4.1,1.92,99.8,680.68,0,0
6324,2015-06-21 11:00,-2.6,0.64,95.7,681.28,0,0
6325,2015-06-21 12:00,-2.5,1.84,83.8,681.78,0,0
6326,2015-06-21 13:00,-1.3,0.88,68.85,681.98,0,0
6327,2015-06-21 14:00,-2,2.16,76.72,682.38,0,0.38
6328,2015-06-21 15:00,-2.5,3.6,84.5,682.38,0,0.49
6329,2015-06-21 16:00,-2.4,3.68,82.3,682.28,0,0.86
6330,2015-06-21 17:00,-1.9,2.16,92.2,682.28,0,0.92
6331,2015-06-21 18:00,-2.8,2.64,83.9,682.38,0,0.73
6332,2015-06-21 19:00,-3.7,1.6,99.8,682.48,0,1
6333,2015-06-21 20:00,-4,1.52,100,682.48,0,0.43
6334,2015-06-21 21:00,-4.9,3.04,100,682.48,0,0
6335,2015-06-21 22:00,-4.7,1.44,100,682.38,0,0
6336,2015-06-21 23:00,-4.5,0.5,100,682.08,0,0
6337,2015-06-22 00:00,-4.8,1.12,100,681.78,0,0
6338,2015-06-22 01:00,-4.9,2.56,100,681.38,0,0.2
6339,2015-06-22 02:00,-4.9,4.8,100,681.48,0,0
6340,2015-06-22 03:00,-4.6,1.84,100,680.98,0,0
6341,2015-06-22 04:00,-3.8,3.92,97.3,681.28,0,0
6342,2015-06-22 05:00,-2.2,2.08,53.81,681.18,0,0.35
6343,2015-06-22 06:00,-1.1,2.64,53.95,681.38,0,0.11
6344,2015-06-22 07:00,-0.1,2.56,44.75,681.58,0,0.17
6345,2015-06-22 08:00,0.5,1.2,47.12,681.78,0,0.19
6346,2015-06-22 09:00,1.3,0.5,60.06,681.78,0,0.42
6347,2015-06-22 10:00,1.2,1.2,69.31,681.78,0,0.19
6348,2015-06-22 11:00,1.3,1.6,63.59,681.88,0,0
6349,2015-06-22 12:00,2.9,0.72,74.58,681.88,0,0
6350,2015-06-22 13:00,3.3,1.04,77.98,681.88,0,0.16
6351,2015-06-22 14:00,2.3,0.5,83.5,681.88,0,0.72
6352,2015-06-22 15:00,2.6,1.28,83,681.58,0,0.24
6353,2015-06-22 16:00,1.6,0.56,80.7,681.18,0,0.87
6354,2015-06-22 17:00,0.7,0.88,82.6,680.88,0,0.89
6355,2015-06-22 18:00,-0.2,0.5,78.11,680.78,0,0.94
6356,2015-06-22 19:00,-0.5,0.5,81.6,680.18,0,0.71
6357,2015-06-22 20:00,-1.6,0.5,84.9,679.78,0.056,0.47
6358,2015-06-22 21:00,-2.1,1.04,91.4,679.28,0,0
6359,2015-06-22 22:00,-2.7,0.5,92.8,678.58,0,0
6360,2015-06-22 23:00,-2.5,0.64,94.9,678.18,0,0
6361,2015-06-23 00:00,-1.9,0.56,100,677.88,0,0.78
6362,2015-06-23 01:00,-1.7,0.72,100,677.28,0,1
6363,2015-06-23 02:00,-1.4,0.5,100,676.98,0.2242,1
6364,2015-06-23 03:00,-1.4,0.5,100,676.68,0.2803,1
6365,2015-06-23 04:00,-1.7,0.5,100,676.68,0.3363,0.88
6366,2015-06-23 05:00,-2.2,0.72,100,676.58,0.6726,0.98
6367,2015-06-23 06:00,-2.6,1.12,100,676.38,0.6726,0.98
6368,2015-06-23 07:00,-2.8,1.36,99.8,676.18,0.5045,0.9
6369,2015-06-23 08:00,-3.9,0.56,99.9,676.28,0.056,0.96
6370,2015-06-23 09:00,-4.9,1.6,96.7,676.58,0,0.93
6371,2015-06-23 10:00,-4.9,1.84,84.7,676.88,0.056,0.21
6372,2015-06-23 11:00,-3.8,2.08,85.8,676.98,0,0.19
6373,2015-06-23 12:00,-1,0.8,95,677.38,0,0.59
6374,2015-06-23 13:00,-0.8,1.36,82.4,677.68,0,0
6375,2015-06-23 14:00,-1.1,0.64,80.4,677.78,0,0.24
6376,2015-06-23 15:00,-1.9,1.52,81.8,677.78,0,0.78
6377,2015-06-23 16:00,-2.7,0.72,99.5,677.78,0,0.76
6378,2015-06-23 17:00,-2.5,0.5,100,677.68,0,0.96
6379,2015-06-23 18:00,-6,5.04,100,677.48,0,0.95
6380,2015-06-23 19:00,-7.2,9.04,100,677.48,0,0
6381,2015-06-23 20:00,-7.1,10.24,100,678.28,0,0
6382,2015-06-23 21:00,-7,8.56,83.6,678.28,0,0
6383,2015-06-23 22:00,-7,7.84,59.07,678.28,0,0
6384,2015-06-23 23:00,-5.9,13.76,50.98,679.08,0,0
6385,2015-06-24 00:00,-4.9,13.68,44.93,679.38,0,0
6386,2015-06-24 01:00,-4.6,7.92,37.83,679.48,0,0
6387,2015-06-24 02:00,-4.9,8.8,36.75,679.68,0,0
6388,2015-06-24 03:00,-4.5,5.04,35.69,679.78,0,0
6389,2015-06-24 04:00,-4.3,8.64,31.39,680.18,0,0.89
6390,2015-06-24 05:00,-3.6,12.56,28.25,680.38,0,0.99
6391,2015-06-24 06:00,-3.1,3.44,29.28,680.98,0,0.09
6392,2015-06-24 07:00,-2.7,7.44,30.52,681.48,0,0
6393,2015-06-24 08:00,-1.6,10.48,31.73,681.68,0,0
6394,2015-06-24 09:00,-1,10.48,30.38,682.48,0,0
6395,2015-06-24 10:00,-0.5,10.72,35.3,682.98,0,0
6396,2015-06-24 11:00,-0.1,10.16,46.85,683.48,0,0
6397,2015-06-24 12:00,0.3,8.56,44.72,683.78,0,0
6398,2015-06-24 13:00,0.6,9.12,47.54,684.18,0,0
6399,2015-06-24 14:00,1,7.52,46.24,684.48,0,0
6400,2015-06-24 15:00,0.9,9.28,43.92,684.78,0,0
6401,2015-06-24 16:00,1,6.96,44.57,685.08,0,0
6402,2015-06-24 17:00,1.3,8.08,48.45,685.28,0,0.93
6403,2015-06-24 18:00,1,8.48,54.43,685.68,0,0.19
6404,2015-06-24 19:00,1.2,9.04,72.31,686.08,0,0.72
6405,2015-06-24 20:00,0.2,4.32,90.5,686.38,0,0
6406,2015-06-24 21:00,-0.5,3.12,93.7,686.38,0,0
6407,2015-06-24 22:00,-0.8,1.44,72.32,686.58,0,0
6408,2015-06-24 23:00,-1,1.52,43.48,686.58,0,0
6409,2015-06-25 00:00,-1,2.24,39.53,686.68,0,0
6410,2015-06-25 01:00,-1.1,0.72,28.7,686.48,0,0
6411,2015-06-25 02:00,-1.4,1.36,25.14,686.18,0,0
6412,2015-06-25 03:00,-1.8,0.56,20.71,685.78,0,0
6413,2015-06-25 04:00,-1.3,1.84,8.32,685.88,0,0.82
6414,2015-06-25 05:00,0.1,2.72,7.11,686.18,0,0.99
6415,2015-06-25 06:00,0.6,2.8,6.56,686.08,0,0.09
6416,2015-06-25 07:00,1.6,0.88,6.72,686.38,0,0.25
6417,2015-06-25 08:00,1.9,0.96,12.77,686.48,0,0.55
6418,2015-06-25 09:00,2.4,0.5,26.37,686.58,0,0.29
6419,2015-06-25 10:00,2.5,2,34.22,686.68,0,0
6420,2015-06-25 11:00,2.1,0.8,52.73,686.58,0,0
6421,2015-06-25 12:00,2,0.88,51.36,686.48,0,0
6422,2015-06-25 13:00,0.6,2.24,51.93,686.48,0,0.02
6423,2015-06-25 14:00,0.8,1.6,49.33,686.48,0,0
6424,2015-06-25 15:00,0.8,1.76,57.19,686.58,0,0.16
6425,2015-06-25 16:00,0.2,2.48,64.19,686.48,0,0
6426,2015-06-25 17:00,-0.1,2.64,69.59,686.48,0,0.73
6427,2015-06-25 18:00,-0.7,4.32,75.92,686.58,0,0
6428,2015-06-25 19:00,-0.8,4.48,97,686.58,0,0.89
6429,2015-06-25 20:00,-0.9,4.32,100,686.58,0,0
6430,2015-06-25 21:00,0.6,12.4,95.4,686.88,0,0
6431,2015-06-25 22:00,2.7,12.64,77.23,686.98,0,0
6432,2015-06-25 23:00,3.2,10.72,81.6,686.78,0,0
6433,2015-06-26 00:00,3.1,14.48,96.5,686.68,0,0
6434,2015-06-26 01:00,1.9,13.04,82.8,686.68,0,0
6435,2015-06-26 02:00,2.2,11.44,73.13,686.38,0,0
6436,2015-06-26 03:00,1.7,10.08,69.44,686.48,0,0
6437,2015-06-26 04:00,1.4,7.52,59.27,686.68,0,0.26
6438,2015-06-26 05:00,1.4,11.28,27.7,686.98,0,0.96
6439,2015-06-26 06:00,2,10.64,25.41,687.28,0,0.37
6440,2015-06-26 07:00,2.1,10.72,32.98,687.58,0,0.28
6441,2015-06-26 08:00,2.2,10.96,38.3,687.88,0,0.15
6442,2015-06-26 09:00,2.6,13.44,46.52,687.78,0,0.11
6443,2015-06-26 10:00,3.7,10.32,48.96,688.18,0,0.02
6444,2015-06-26 11:00,4.7,7.28,56.08,688.28,0,0
6445,2015-06-26 12:00,5.1,3.68,63.46,688.38,0,0
6446,2015-06-26 13:00,4.5,9.2,65.3,688.58,0,0
6447,2015-06-26 14:00,5,8,67,688.68,0,0
6448,2015-06-26 15:00,5.9,5.2,67.74,688.78,0,0
6449,2015-06-26 16:00,5.5,7.52,70.39,688.78,0,0.78
6450,2015-06-26 17:00,5.9,5.76,73.13,688.78,0,0.78
6451,2015-06-26 18:00,4.7,4.64,79.59,688.68,0,0.5
6452,2015-06-26 19:00,4.2,3.2,95,688.68,0,0
6453,2015-06-26 20:00,1.7,2,98.8,688.78,0,0.62
6454,2015-06-26 21:00,1.3,0.5,98,688.58,0,0
6455,2015-06-26 22:00,1.6,2.96,98,688.48,0,0
6456,2015-06-26 23:00,1.7,4.32,97.3,688.08,0,0
6457,2015-06-27 00:00,1.6,4.08,95.5,687.78,0,0
6458,2015-06-27 01:00,1,0.96,96.8,687.38,0,0
6459,2015-06-27 02:00,0.4,1.76,91.9,687.18,0,0
6460,2015-06-27 03:00,0.2,1.12,76.28,686.98,0,0.48
6461,2015-06-27 04:00,0.1,1.2,65.43,686.88,0,0.82
6462,2015-06-27 05:00,0.7,1.92,57.25,686.68,0,0.98
6463,2015-06-27 06:00,1.5,2.64,59.82,686.78,0,0.15
6464,2015-06-27 07:00,1.9,1.52,64.74,686.58,0,0.03
6465,2015-06-27 08:00,1.9,1.68,63.78,686.38,0,0.52
6466,2015-06-27 09:00,2.6,1.44,64.85,686.48,0,0.34
6467,2015-06-27 10:00,2.2,3.12,66.19,686.68,0,0
6468,2015-06-27 11:00,4,0.96,65.38,686.48,0,0.22
6469,2015-06-27 12:00,4.2,0.5,68.85,686.78,0,0.64
6470,2015-06-27 13:00,3.1,0.56,65.13,686.68,0,0.25
6471,2015-06-27 14:00,2.5,3.36,57.41,686.68,0,0
6472,2015-06-27 15:00,2.4,2.8,59.8,686.58,0,0.05
6473,2015-06-27 16:00,0.9,0.5,65.62,686.68,0,0.87
6474,2015-06-27 17:00,0.7,2.16,68.33,686.18,0,0.91
6475,2015-06-27 18:00,0.8,3.76,72.39,686.28,0,0
6476,2015-06-27 19:00,-0.7,7.92,82.91,686.48,0,0.98
6477,2015-06-27 20:00,0.4,5.6,86.21,686.98,0,0
6478,2015-06-27 21:00,-0.2,3.28,88.07,686.98,0,0
6479,2015-06-27 22:00,-0.5,3.52,80.07,686.78,0,0
6480,2015-06-27 23:00,-0.7,3.84,68.25,686.78,0,0
6481,2015-06-28 00:00,-0.5,5.36,45.21,686.48,0,0
6482,2015-06-28 01:00,-0.4,5.76,36.04,686.28,0,0
6483,2015-06-28 02:00,-0.1,5.36,24.61,686.08,0,0
6484,2015-06-28 03:00,0.4,2.64,19.62,686.18,0,0
6485,2015-06-28 04:00,0.6,4.24,16.08,685.98,0,0.87
6486,2015-06-28 05:00,1.4,3.76,13.85,686.18,0,0.99
6487,2015-06-28 06:00,2.2,11.6,12.82,686.58,0,0.16
6488,2015-06-28 07:00,2.9,14.08,14.25,686.78,0,0.09
6489,2015-06-28 08:00,2.9,14.32,15.96,687.18,0,0.04
6490,2015-06-28 09:00,2.6,12.88,21.16,687.48,0,0.02
6491,2015-06-28 10:00,2.9,12.08,25.67,687.78,0,0.04
6492,2015-06-28 11:00,3.1,9.76,32.22,687.98,0,0.02
6493,2015-06-28 12:00,3.8,8.4,36.91,688.28,0,0
6494,2015-06-28 13:00,3.9,6.64,38.21,688.38,0,0
6495,2015-06-28 14:00,3.6,7.84,43.02,688.58,0,0
6496,2015-06-28 15:00,3.8,9.84,45.69,688.58,0,0
6497,2015-06-28 16:00,4,6.8,46.49,688.68,0,0
6498,2015-06-28 17:00,4.1,6.72,48.05,688.98,0,0.79
6499,2015-06-28 18:00,3.9,9.68,48.17,689.08,0,0.23
6500,2015-06-28 19:00,3.9,6.32,73.55,689.78,0,0.82
6501,2015-06-28 20:00,3.3,4.88,73.19,689.98,0,0
6502,2015-06-28 21:00,3.2,1.92,73.04,690.08,0,0
6503,2015-06-28 22:00,3,4.72,72.92,690.18,0,0
6504,2015-06-28 23:00,3.2,4.64,60.06,690.08,0,0
6505,2015-06-29 00:00,2.7,4.32,56.94,689.98,0,0
6506,2015-06-29 01:00,2.2,4,53.03,689.68,0,0
6507,2015-06-29 02:00,2,2.48,51.98,689.58,0,0
6508,2015-06-29 03:00,2.4,6.32,54.65,689.58,0,0
6509,2015-06-29 04:00,2.9,6.64,57.45,689.68,0,0
6510,2015-06-29 05:00,3.7,4.64,57.38,689.68,0,0.92
6511,2015-06-29 06:00,3.9,3.04,55.63,689.68,0,0.91
6512,2015-06-29 07:00,3.8,2.08,53.55,689.88,0,0.92
6513,2015-06-29 08:00,3.7,2.08,50.37,689.98,0,0
6514,2015-06-29 09:00,4.1,0.8,48.19,689.98,0,0
6515,2015-06-29 10:00,4.2,2.16,50.41,690.08,0,0
6516,2015-06-29 11:00,4.1,3.6,61.05,689.98,0,0
6517,2015-06-29 12:00,4.2,2.8,62.53,690.08,0,0
6518,2015-06-29 13:00,4.3,1.92,59.46,690.18,0,0
6519,2015-06-29 14:00,4.2,1.84,57.48,690.18,0,0.1
6520,2015-06-29 15:00,4.2,1.36,51.75,690.38,0,0
6521,2015-06-29 16:00,4.2,1.04,52.77,690.38,0,0.5
6522,2015-06-29 17:00,4.2,1.52,51.48,690.48,0,0.59
6523,2015-06-29 18:00,3.9,1.28,55.92,690.58,0,0.36
6524,2015-06-29 19:00,3.1,2.4,61.98,690.38,0,0.51
6525,2015-06-29 20:00,3.3,7.12,59.35,690.78,0,0
6526,2015-06-29 21:00,3.7,8.24,56.59,690.78,0,0
6527,2015-06-29 22:00,3.8,9.2,55.51,690.88,0,0
6528,2015-06-29 23:00,4,12.88,49.49,690.98,0,0
6529,2015-06-30 00:00,5.8,11.52,33.47,690.98,0,0
6530,2015-06-30 01:00,5.7,10.72,31.65,690.88,0,0
6531,2015-06-30 02:00,6.3,9.12,30.27,690.78,0,0
6532,2015-06-30 03:00,6.4,10,36.1,690.68,0,0
6533,2015-06-30 04:00,6.6,9.2,38.95,690.78,0,0.53
6534,2015-06-30 05:00,6.8,7.36,38.73,690.98,0,0.98
6535,2015-06-30 06:00,6.8,6.16,45.79,690.98,0,0.16
6536,2015-06-30 07:00,6.4,5.36,45.87,691.28,0,0.11
6537,2015-06-30 08:00,7.1,2.88,44.57,691.48,0,0.06
6538,2015-06-30 09:00,8.5,0.72,48.54,691.68,0,0.01
6539,2015-06-30 10:00,9,3.52,51.15,691.78,0,0.05
6540,2015-06-30 11:00,7.7,4.8,50.59,691.98,0,0.02
6541,2015-06-30 12:00,8.2,4.48,63.82,692.08,0,0
6542,2015-06-30 13:00,8.7,6,70.36,692.08,0,0
6543,2015-06-30 14:00,9.8,3.84,73.2,692.18,0,0
6544,2015-06-30 15:00,9.7,5.36,64.71,692.08,0,0
6545,2015-06-30 16:00,8.5,8.24,63.76,692.08,0,0
6546,2015-06-30 17:00,8.7,6.16,63.23,692.18,0,0.68
6547,2015-06-30 18:00,8.5,4.16,62.77,692.38,0,0.23
6548,2015-06-30 19:00,7.9,4.16,77.64,692.38,0,0.76
6549,2015-06-30 20:00,7.3,5.36,82.98,692.68,0,0
6550,2015-06-30 21:00,7.3,4.72,87.05,692.88,0,0
6551,2015-06-30 22:00,6.8,4.56,90.12,692.78,0,0
6552,2015-06-30 23:00,6.8,1.84,88.06,692.68,0,0
6553,2015-07-01 00:00,6.9,0.5,83.76,692.48,0,0
6554,2015-07-01 01:00,5.7,0.5,82.5,692.38,0,0
6555,2015-07-01 02:00,6.2,1.84,84.29,692.18,0,0
6556,2015-07-01 03:00,5.9,2.32,84.64,692.08,0,0
6557,2015-07-01 04:00,6.1,2.56,89.98,692.18,0,0
6558,2015-07-01 05:00,8.9,2.64,73.71,692.08,0,0.97
6559,2015-07-01 06:00,10.6,0.5,63.9,692.18,0,0.07
6560,2015-07-01 07:00,12.9,0.5,49.93,692.38,0,0
6561,2015-07-01 08:00,11,0.64,41.05,692.48,0,0
6562,2015-07-01 09:00,10,0.5,47.27,692.68,0,0
6563,2015-07-01 10:00,9.6,0.56,65.61,692.88,0,0
6564,2015-07-01 11:00,9.7,0.5,64.73,692.98,0,0
6565,2015-07-01 12:00,9.1,0.5,61.1,693.08,0,0
6566,2015-07-01 13:00,9.8,0.96,61.12,693.08,0,0
6567,2015-07-01 14:00,11.3,1.44,64.29,693.38,0,0
6568,2015-07-01 15:00,12.5,0.5,64.34,693.38,0,0
6569,2015-07-01 16:00,11.4,0.5,70.59,693.28,0,0
6570,2015-07-01 17:00,8.7,1.12,73.43,693.28,0,0.71
6571,2015-07-01 18:00,7.4,0.56,77.67,693.58,0,0
6572,2015-07-01 19:00,6,1.28,86.34,693.58,0,1
6573,2015-07-01 20:00,4.7,3.36,90.57,693.88,0,0
6574,2015-07-01 21:00,4.8,2.64,92.86,693.98,0,0
6575,2015-07-01 22:00,4.5,0.88,83.86,693.98,0,0
6576,2015-07-01 23:00,4.1,0.64,46.45,693.98,0,0.41
6577,2015-07-02 00:00,4.2,0.56,41.69,694.08,0,0
6578,2015-07-02 01:00,4.2,2.4,45.55,694.08,0,0
6579,2015-07-02 02:00,4,4.56,50.11,693.78,0,0
6580,2015-07-02 03:00,4,5.04,53.99,693.78,0,0
6581,2015-07-02 04:00,3.7,2.32,52.01,693.78,0,0
6582,2015-07-02 05:00,4.9,5.36,48.55,693.88,0,0.97
6583,2015-07-02 06:00,6.6,2.32,49.38,694.18,0,0.1
6584,2015-07-02 07:00,7.2,1.76,47.55,694.48,0,0
6585,2015-07-02 08:00,7.4,2.08,47.06,694.58,0,0
6586,2015-07-02 09:00,8,1.52,46.23,694.78,0,0
6587,2015-07-02 10:00,9.3,0.5,44.1,695.08,0,0.02
6588,2015-07-02 11:00,9.4,0.8,44.43,695.38,0,0.09
6589,2015-07-02 12:00,9.4,0.56,41.09,695.58,0,0
6590,2015-07-02 13:00,10.4,0.5,41.49,695.78,0,0
6591,2015-07-02 14:00,10.8,0.88,45.9,695.98,0,0
6592,2015-07-02 15:00,10.6,0.5,44.16,696.18,0,0
6593,2015-07-02 16:00,10.4,0.5,47.71,696.28,0,0
6594,2015-07-02 17:00,8.6,0.5,66.37,696.48,0,0.95
6595,2015-07-02 18:00,7.3,0.5,72.97,696.38,0.056,0.78
6596,2015-07-02 19:00,6.7,0.72,72.2,696.78,0.056,0.79
6597,2015-07-02 20:00,5.4,1.44,71.03,697.08,0,0.37
6598,2015-07-02 21:00,5.3,0.5,67.14,697.18,0,0
6599,2015-07-02 22:00,5.1,1.52,60.37,697.28,0,0.45
6600,2015-07-02 23:00,4.9,1.36,60.42,697.18,0,0.03
6601,2015-07-03 00:00,4.6,1.92,56,696.98,0,0
6602,2015-07-03 01:00,4.4,0.96,54.65,696.78,0,0
6603,2015-07-03 02:00,4.1,1.76,54.85,696.38,0,0
6604,2015-07-03 03:00,3.8,0.88,56.73,696.28,0,0
6605,2015-07-03 04:00,3.8,1.12,55.54,696.38,0,0
6606,2015-07-03 05:00,4.4,0.64,50.32,696.68,0,0.87
6607,2015-07-03 06:00,4.9,0.5,47.8,696.88,0,0.93
6608,2015-07-03 07:00,5.8,0.56,47.14,696.98,0,0
6609,2015-07-03 08:00,8.5,0.8,45.86,697.18,0,0
6610,2015-07-03 09:00,10,0.8,44.04,697.38,0,0.05
6611,2015-07-03 10:00,10.9,0.96,44.95,697.38,0,0
6612,2015-07-03 11:00,12.1,0.5,45.24,697.48,0.1121,0.52
6613,2015-07-03 12:00,11.2,1.28,43.42,697.48,0,0
6614,2015-07-03 13:00,10.4,0.5,41.1,697.38,0,0
6615,2015-07-03 14:00,9.6,0.88,43.97,697.28,0,0.83
6616,2015-07-03 15:00,9.5,0.64,50.57,697.48,0.5605,0.46
6617,2015-07-03 16:00,10.3,0.5,56.7,697.58,0,0.96
6618,2015-07-03 17:00,10.3,0.8,65.35,697.48,0,0.34
6619,2015-07-03 18:00,7.6,0.5,65.37,697.08,0.7847,0.93
6620,2015-07-03 19:00,5.7,1.12,68.31,696.78,0.6726,0
6621,2015-07-03 20:00,5.5,1.04,70.42,697.28,0,0.78
6622,2015-07-03 21:00,5.1,0.5,72.03,697.78,0.056,0.09
6623,2015-07-03 22:00,4.8,0.5,83.72,697.58,0,0
6624,2015-07-03 23:00,4.1,0.88,96.35,696.88,0.1121,0
6625,2015-07-04 00:00,3.9,0.5,81.42,696.88,0,0
6626,2015-07-04 01:00,4.1,1.84,65.13,696.98,0,0
6627,2015-07-04 02:00,4.3,0.5,51.68,696.68,0,0
6628,2015-07-04 03:00,4.2,0.5,48.66,696.38,0,0
6629,2015-07-04 04:00,4.1,0.8,45.08,696.68,0,0
6630,2015-07-04 05:00,6.4,0.96,39.43,696.38,0,0.69
6631,2015-07-04 06:00,7.1,1.76,36.87,696.48,0,0.05
6632,2015-07-04 07:00,8.3,1.44,37.15,696.58,0,0.17
6633,2015-07-04 08:00,8.7,1.28,36.23,696.68,0,0.05
6634,2015-07-04 09:00,8.6,1.12,35.08,696.58,0,0.09
6635,2015-07-04 10:00,8.7,1.12,38.92,696.68,0,0.15
6636,2015-07-04 11:00,10,0.5,42.57,696.78,0,0.11
6637,2015-07-04 12:00,10.6,0.56,46.5,696.78,0,0.09
6638,2015-07-04 13:00,10.5,0.56,41.68,696.78,0,0
6639,2015-07-04 14:00,10.5,0.64,40.62,696.68,0,0
6640,2015-07-04 15:00,10.8,0.64,42.09,696.68,0,0.61
6641,2015-07-04 16:00,9.6,0.5,44.81,696.58,0,0.22
6642,2015-07-04 17:00,8.1,0.5,49.19,696.38,0,0.92
6643,2015-07-04 18:00,7.2,0.56,52.55,696.38,0,0.89
6644,2015-07-04 19:00,6.2,0.5,59.91,696.48,0,0.51
6645,2015-07-04 20:00,5.6,0.8,66.23,696.48,0,0.52
6646,2015-07-04 21:00,5.4,0.5,73.56,696.28,0,0
6647,2015-07-04 22:00,4.9,0.5,74.3,696.08,0,0
6648,2015-07-04 23:00,4.9,0.5,72.34,695.78,0,0
6649,2015-07-05 00:00,4.8,0.5,69.33,695.58,0,0
6650,2015-07-05 01:00,4.6,0.64,68.7,695.18,0,0
6651,2015-07-05 02:00,4.5,2.16,70.42,694.88,0,0
6652,2015-07-05 03:00,4.3,0.5,69.22,694.68,0,0
6653,2015-07-05 04:00,4.1,0.5,64.59,694.58,0,0
6654,2015-07-05 05:00,6.4,0.5,59.53,694.38,0,0
6655,2015-07-05 06:00,8.1,0.5,54.45,694.48,0,0.25
6656,2015-07-05 07:00,7.5,2.32,37.14,694.58,0,0
6657,2015-07-05 08:00,8.1,2.08,32.32,694.58,0,0.08
6658,2015-07-05 09:00,8,1.2,33.13,694.58,0,0.05
6659,2015-07-05 10:00,9,0.5,34.01,694.68,0,0.09
6660,2015-07-05 11:00,9.6,1.28,37.21,694.88,0,0
6661,2015-07-05 12:00,10.5,0.56,45.28,694.98,0,0
6662,2015-07-05 13:00,8.2,1.12,49.3,694.88,0.4484,0.97
6663,2015-07-05 14:00,7.1,1.36,44.83,694.58,0.2803,0.84
6664,2015-07-05 15:00,7.8,0.88,43.87,694.48,0,0.76
6665,2015-07-05 16:00,7.9,1.2,46.65,694.58,0,0.75
6666,2015-07-05 17:00,6.7,0.5,46.39,694.48,0,0.96
6667,2015-07-05 18:00,6.8,0.88,53.67,694.08,0,0.8
6668,2015-07-05 19:00,6,0.72,55.73,694.08,0,1
6669,2015-07-05 20:00,5.3,0.5,66.18,694.58,0,0.45
6670,2015-07-05 21:00,5.1,0.96,70.02,694.48,0,0
6671,2015-07-05 22:00,4.8,1.2,83.39,694.18,0,0.35
6672,2015-07-05 23:00,4.6,1.28,77.42,694.08,0.2242,0.61
6673,2015-07-06 00:00,4.4,1.04,74.57,693.68,0,0.67
6674,2015-07-06 01:00,4,0.8,69.59,693.68,0,0
6675,2015-07-06 02:00,3.6,0.64,67.47,693.38,0.056,0
6676,2015-07-06 03:00,3.6,0.72,67.44,692.98,0,0
6677,2015-07-06 04:00,3.5,0.8,64.49,692.88,0,0
6678,2015-07-06 05:00,3.7,1.84,62.04,692.98,0,0.98
6679,2015-07-06 06:00,4.3,0.5,58.96,693.08,0,0.69
6680,2015-07-06 07:00,6.1,0.72,60.07,693.48,0,0.49
6681,2015-07-06 08:00,6.3,0.72,55.54,693.58,0,0.44
6682,2015-07-06 09:00,7.4,1.2,53.11,693.68,0,0.13
6683,2015-07-06 10:00,8.4,0.64,52.85,693.88,0,0.17
6684,2015-07-06 11:00,10.9,0.64,55.54,694.18,0,0.11
6685,2015-07-06 12:00,10.1,1.36,55.41,694.28,0,0
6686,2015-07-06 13:00,10.6,0.5,55.27,694.28,0,0.92
6687,2015-07-06 14:00,11,0.5,55.22,694.38,0,0.39
6688,2015-07-06 15:00,9.7,0.5,59.42,694.28,0,0.66
6689,2015-07-06 16:00,8.9,0.5,61.69,694.18,0,0.59
6690,2015-07-06 17:00,9,0.5,62.98,694.18,0,0.5
6691,2015-07-06 18:00,8.1,0.5,66.1,694.08,0,0
6692,2015-07-06 19:00,7.6,0.72,70.17,693.88,0,0.01
6693,2015-07-06 20:00,5.4,0.5,67.45,694.08,0,0
6694,2015-07-06 21:00,4.6,0.5,65.87,694.08,0,0
6695,2015-07-06 22:00,4.5,0.5,65.55,693.88,0,0
6696,2015-07-06 23:00,4.4,0.5,63.02,693.78,0,0
6697,2015-07-07 00:00,4.6,1.2,67.33,693.38,0,0
6698,2015-07-07 01:00,4.6,0.64,77.07,693.18,0,0
6699,2015-07-07 02:00,4.9,1.28,84.41,692.78,0,0
6700,2015-07-07 03:00,4.3,0.72,84.15,692.38,0,0
6701,2015-07-07 04:00,3.6,1.12,72.59,692.28,0,0
6702,2015-07-07 05:00,4.3,1.12,59.34,692.08,0,0.04
6703,2015-07-07 06:00,5.1,3.52,61.56,691.88,0,0
6704,2015-07-07 07:00,6.2,2.16,62.75,692.38,0,0.13
6705,2015-07-07 08:00,6.7,0.72,61.98,692.38,0,0.03
6706,2015-07-07 09:00,7.2,1.44,57.85,692.58,0,0.48
6707,2015-07-07 10:00,7.7,0.5,56.3,692.88,0,0
6708,2015-07-07 11:00,9.1,0.64,55.89,692.88,0,0.56
6709,2015-07-07 12:00,8.7,0.5,56.42,692.78,0,0.14
6710,2015-07-07 13:00,9,1.04,52.97,692.68,0,0.79
6711,2015-07-07 14:00,7.8,0.56,62.7,692.48,0.056,0.97
6712,2015-07-07 15:00,8.5,0.88,70.38,692.18,0.2803,0
6713,2015-07-07 16:00,9.2,0.8,63.32,692.08,0,0.31
6714,2015-07-07 17:00,8.5,0.72,62.34,691.58,0,0.91
6715,2015-07-07 18:00,6.7,0.5,85.55,691.28,0,0.93
6716,2015-07-07 19:00,4.8,0.56,76.31,690.18,2.5784,0
6717,2015-07-07 20:00,4.7,0.5,75,690.48,0,0.94
6718,2015-07-07 21:00,4.8,1.28,84.47,690.08,0.056,0
6719,2015-07-07 22:00,4.6,0.56,82.04,689.58,0,0.41
6720,2015-07-07 23:00,4.4,0.5,83.89,689.08,0,0
6721,2015-07-08 00:00,4.3,2.56,88.02,688.48,0,0.58
6722,2015-07-08 01:00,4.1,0.88,85.06,687.68,0,0.72
6723,2015-07-08 02:00,3.8,0.8,85.87,686.98,0,0.48
6724,2015-07-08 03:00,3.3,0.96,83.39,686.58,0,0.68
6725,2015-07-08 04:00,3.1,0.88,75.37,686.08,0,0.87
6726,2015-07-08 05:00,2.6,1.84,66.17,685.28,0,0.92
6727,2015-07-08 06:00,2.3,0.5,57.21,685.38,0,0.65
6728,2015-07-08 07:00,2.3,0.8,52.41,685.38,0,0.34
6729,2015-07-08 08:00,3.3,0.5,53.72,685.48,0,0.13
6730,2015-07-08 09:00,3.8,0.5,64.35,685.38,0,0.42
6731,2015-07-08 10:00,4.5,0.8,75.67,685.38,0,0.78
6732,2015-07-08 11:00,4.7,0.64,72.02,685.38,0,0.69
6733,2015-07-08 12:00,5.5,0.56,67.76,685.18,0,0.4
6734,2015-07-08 13:00,5.9,0.5,60.31,685.18,0,0
6735,2015-07-08 14:00,6.1,0.5,53.65,685.08,0,0
6736,2015-07-08 15:00,5.9,0.5,51.45,684.68,0,0
6737,2015-07-08 16:00,6.6,0.5,51.51,684.38,0,0
6738,2015-07-08 17:00,4.2,0.5,44.53,684.38,0,0.25
6739,2015-07-08 18:00,2.4,2.16,44.71,683.88,0,0.49
6740,2015-07-08 19:00,1.3,0.88,49.36,683.78,0,0.68
6741,2015-07-08 20:00,1,0.5,45.05,684.08,0,0
6742,2015-07-08 21:00,1.2,0.56,36.55,684.48,0,0
6743,2015-07-08 22:00,2.2,1.68,33.46,684.28,0,0
6744,2015-07-08 23:00,3.3,5.44,24.23,684.18,0,0
6745,2015-07-09 00:00,3.2,3.28,19.56,683.98,0,0
6746,2015-07-09 01:00,2.6,2.8,20.17,683.58,0,0
6747,2015-07-09 02:00,1.5,5.04,21.35,683.58,0,0
6748,2015-07-09 03:00,0.7,8.48,20.27,683.48,0,0
6749,2015-07-09 04:00,2.1,5.6,16.45,683.98,0,0
6750,2015-07-09 05:00,2.9,5.92,16.38,684.18,0,0.99
6751,2015-07-09 06:00,3.7,5.12,16.21,684.28,0,0.23
6752,2015-07-09 07:00,4,1.84,16.31,684.58,0,0.14
6753,2015-07-09 08:00,3.9,2.4,16.54,684.48,0,0.07
6754,2015-07-09 09:00,4.1,1.12,25.02,684.58,0,0.03
6755,2015-07-09 10:00,4,1.44,30.48,684.78,0,0.04
6756,2015-07-09 11:00,3.4,3.04,29.82,684.98,0,0.03
6757,2015-07-09 12:00,2.8,3.2,31.92,685.08,0,0
6758,2015-07-09 13:00,2.9,0.8,31.18,685.38,0,0
6759,2015-07-09 14:00,2.6,2.72,34.14,685.38,0,0
6760,2015-07-09 15:00,2.4,2.4,35.09,685.38,0,0
6761,2015-07-09 16:00,2.2,1.92,37.13,685.38,0,0
6762,2015-07-09 17:00,2,3.84,41.67,685.48,0,0.04
6763,2015-07-09 18:00,2.5,5.04,44.65,685.78,0,0.42
6764,2015-07-09 19:00,2,4.8,50.09,685.88,0,0.69
6765,2015-07-09 20:00,1.1,6.4,51.39,686.08,0,0
6766,2015-07-09 21:00,2.1,5.92,35.16,686.48,0,0
6767,2015-07-09 22:00,3,11.52,29.74,686.68,0,0
6768,2015-07-09 23:00,3.7,12.88,25.33,686.78,0,0
6769,2015-07-10 00:00,3.9,11.44,18.05,687.08,0,0
6770,2015-07-10 01:00,5.6,15.36,14.88,686.98,0,0
6771,2015-07-10 02:00,5.5,13.92,12.63,687.28,0,0
6772,2015-07-10 03:00,6.1,12,11.62,687.38,0,0
6773,2015-07-10 04:00,6.6,12.24,11.97,687.68,0,0
6774,2015-07-10 05:00,7,9.68,11.19,687.98,0,0.99
6775,2015-07-10 06:00,6.3,10.32,10.88,688.48,0,0.2
6776,2015-07-10 07:00,6.7,7.6,12.67,688.88,0,0.14
6777,2015-07-10 08:00,7.7,5.92,11.74,689.28,0,0.08
6778,2015-07-10 09:00,9.8,4.08,13.75,689.68,0,0.04
6779,2015-07-10 10:00,10.2,1.76,17.21,689.98,0,0.05
6780,2015-07-10 11:00,9.4,3.76,21.79,690.18,0,0.01
6781,2015-07-10 12:00,9.4,2.4,23.63,690.28,0,0
6782,2015-07-10 13:00,9.8,0.56,27.07,690.38,0,0
6783,2015-07-10 14:00,10.3,1.44,28.92,690.58,0,0
6784,2015-07-10 15:00,10.2,0.5,31.72,690.48,0,0
6785,2015-07-10 16:00,9,1.2,32.99,690.48,0,0
6786,2015-07-10 17:00,8.5,2.88,42.48,690.48,0,0
6787,2015-07-10 18:00,8.2,3.28,44.96,690.58,0,0.35
6788,2015-07-10 19:00,7.3,2.64,48.28,690.78,0,0.69
6789,2015-07-10 20:00,5.5,0.5,53.54,690.88,0,0
6790,2015-07-10 21:00,5.1,0.5,40.16,690.98,0,0
6791,2015-07-10 22:00,5.1,1.04,35.18,691.08,0,0
6792,2015-07-10 23:00,4.9,1.28,34.78,690.88,0,0
6793,2015-07-11 00:00,4.3,1.28,31.22,690.68,0,0
6794,2015-07-11 01:00,4.3,2.56,29.36,690.58,0,0
6795,2015-07-11 02:00,5,0.56,30.02,690.28,0,0
6796,2015-07-11 03:00,4.8,0.56,31.76,689.98,0,0
6797,2015-07-11 04:00,5.1,0.72,35.34,689.78,0,0
6798,2015-07-11 05:00,6.4,0.5,49.35,689.58,0,0.98
6799,2015-07-11 06:00,7.2,0.5,54.7,689.68,0,0.13
6800,2015-07-11 07:00,7.4,0.5,44.27,689.68,0,0.06
6801,2015-07-11 08:00,7.2,0.88,51.81,689.48,0,0
6802,2015-07-11 09:00,6.7,0.56,51.95,689.68,0,0
6803,2015-07-11 10:00,6.2,1.6,56.64,689.68,0,0
6804,2015-07-11 11:00,5.7,1.2,59.65,689.88,0,0
6805,2015-07-11 12:00,5.1,2.48,55.8,689.98,0,0
6806,2015-07-11 13:00,5.4,2.72,52.06,690.18,0,0
6807,2015-07-11 14:00,5.7,3.44,51.68,690.28,0,0
6808,2015-07-11 15:00,6.1,2.88,53.38,690.28,0,0
6809,2015-07-11 16:00,5.8,4.16,56.01,690.18,0,0
6810,2015-07-11 17:00,5.8,4.16,57.88,690.18,0,0
6811,2015-07-11 18:00,5.2,3.84,65.32,690.18,0,0.38
6812,2015-07-11 19:00,5.8,6.16,81.5,690.28,0,0.69
6813,2015-07-11 20:00,6.3,5.84,92.17,690.68,0,0
6814,2015-07-11 21:00,6.6,5.28,99,690.88,0,0
6815,2015-07-11 22:00,7.2,7.44,91.77,690.58,0,0
6816,2015-07-11 23:00,7,5.12,93.41,690.58,0,0
6817,2015-07-12 00:00,6.5,3.6,60.89,690.58,0,0
6818,2015-07-12 01:00,5.7,0.5,32.69,690.28,0,0
6819,2015-07-12 02:00,5.1,0.56,37.25,690.08,0,0
6820,2015-07-12 03:00,5.1,0.5,45.37,689.88,0,0
6821,2015-07-12 04:00,5.2,1.04,44.88,689.68,0,0
6822,2015-07-12 05:00,6.7,1.2,33.74,689.58,0,0.98
6823,2015-07-12 06:00,7.7,0.96,14.01,689.58,0,0.18
6824,2015-07-12 07:00,8.4,0.5,11.87,689.78,0,0.13
6825,2015-07-12 08:00,9,0.5,19.18,689.88,0,0.05
6826,2015-07-12 09:00,9.7,0.5,41.95,689.88,0,0
6827,2015-07-12 10:00,10,0.5,56.76,689.88,0,0
6828,2015-07-12 11:00,9.6,0.5,60.88,689.88,0,0
6829,2015-07-12 12:00,9.5,1.2,59.83,689.78,0,0
6830,2015-07-12 13:00,8.9,0.72,57.7,689.58,0,0
6831,2015-07-12 14:00,8.9,0.5,54.39,689.48,0,0.27
6832,2015-07-12 15:00,9.3,0.5,57.66,689.48,0,0
6833,2015-07-12 16:00,8.7,0.64,61.86,689.38,0,0
6834,2015-07-12 17:00,6.9,0.5,66.53,689.38,0,0.92
6835,2015-07-12 18:00,5.1,0.5,68.72,689.18,0,0.35
6836,2015-07-12 19:00,4.8,0.72,77.88,688.98,0,0
6837,2015-07-12 20:00,3.1,2.16,84.05,689.08,0,0
6838,2015-07-12 21:00,2.5,2.16,74.83,688.88,0,0
6839,2015-07-12 22:00,2.8,2.24,53.81,688.68,0,0
6840,2015-07-12 23:00,1.9,1.76,50.73,688.08,0,0
6841,2015-07-13 00:00,1.7,0.88,51.93,687.58,0,0
6842,2015-07-13 01:00,1.5,3.04,59.29,687.28,0,0.27
6843,2015-07-13 02:00,1.4,1.84,74.65,686.78,0,0.78
6844,2015-07-13 03:00,2,0.72,87.52,686.88,0,1
6845,2015-07-13 04:00,2,0.72,97.34,686.68,0,1
6846,2015-07-13 05:00,1.8,0.72,95.6,686.68,0,0.98
6847,2015-07-13 06:00,2.1,0.96,94.4,686.78,0,0.97
6848,2015-07-13 07:00,2.5,2.48,92.27,687.08,0,0.69
6849,2015-07-13 08:00,2.5,2.64,95.4,687.38,0,0.7
6850,2015-07-13 09:00,3.5,3.28,93.8,687.68,0,0.44
6851,2015-07-13 10:00,5.1,2,95.25,687.98,0,0
6852,2015-07-13 11:00,5.6,1.36,85.79,688.18,0,0.13
6853,2015-07-13 12:00,5.9,0.5,75.88,688.28,0,0.22
6854,2015-07-13 13:00,6.9,0.5,69.96,688.58,0,0.08
6855,2015-07-13 14:00,5.6,3.2,66.3,688.48,0,0.17
6856,2015-07-13 15:00,5.3,3.6,67.31,688.78,0,0.23
6857,2015-07-13 16:00,4.9,2.48,80.97,688.88,0,0.9
6858,2015-07-13 17:00,4.7,1.68,89.02,688.98,0,0.95
6859,2015-07-13 18:00,4.8,2.64,95.75,689.28,0,0
6860,2015-07-13 19:00,4.8,2,97.35,689.48,0,0
6861,2015-07-13 20:00,4,2.48,99.05,689.58,0,0
6862,2015-07-13 21:00,4.1,6.56,99.15,689.68,0,0
6863,2015-07-13 22:00,4.7,6.88,94.55,689.78,0,0
6864,2015-07-13 23:00,5.1,10.16,69.42,689.38,0,0
6865,2015-07-14 00:00,6,9.76,58.71,689.48,0,0
6866,2015-07-14 01:00,5.3,7.84,55.69,689.28,0,0
6867,2015-07-14 02:00,4.7,5.6,46.87,689.28,0,0
6868,2015-07-14 03:00,5,4.08,50.41,689.38,0,0
6869,2015-07-14 04:00,5.5,3.76,50.54,689.38,0,0
6870,2015-07-14 05:00,6.4,0.72,44.59,689.48,0,0.98
6871,2015-07-14 06:00,7.4,3.2,43.54,689.58,0,0.16
6872,2015-07-14 07:00,8.2,0.64,44.16,689.78,0,0.11
6873,2015-07-14 08:00,7.9,1.44,44.9,689.98,0,0.02
6874,2015-07-14 09:00,8.3,2.4,45.69,690.18,0,0
6875,2015-07-14 10:00,7.6,5.68,41.65,690.28,0,0
6876,2015-07-14 11:00,7.2,4,45.06,690.78,0,0
6877,2015-07-14 12:00,7.4,2.72,39.89,690.88,0,0
6878,2015-07-14 13:00,7.3,2.32,38.12,691.08,0,0
6879,2015-07-14 14:00,7.5,1.6,42.78,691.08,0,0
6880,2015-07-14 15:00,7.7,0.88,43.87,691.28,0,0
6881,2015-07-14 16:00,7.3,0.96,43.28,691.38,0,0
6882,2015-07-14 17:00,7.1,1.84,42.79,691.28,0,0
6883,2015-07-14 18:00,6.6,2.64,56.12,691.18,0,0.41
6884,2015-07-14 19:00,6.1,1.52,48.3,691.18,0,0
6885,2015-07-14 20:00,4.8,0.88,45.18,691.48,0,0
6886,2015-07-14 21:00,4.1,0.5,45.69,691.68,0,0
6887,2015-07-14 22:00,4.2,0.64,36.33,691.48,0,0
6888,2015-07-14 23:00,4.3,0.56,27.73,691.48,0,0
6889,2015-07-15 00:00,4.3,0.5,24.61,691.28,0,0
6890,2015-07-15 01:00,3.9,0.88,23.71,691.18,0,0
6891,2015-07-15 02:00,4,0.5,24.6,691.08,0,0
6892,2015-07-15 03:00,3.7,0.5,26.37,690.88,0,0
6893,2015-07-15 04:00,3.7,0.64,26.08,690.68,0,0
6894,2015-07-15 05:00,5.1,0.5,23.99,690.68,0,0.98
6895,2015-07-15 06:00,6.7,1.2,23.85,690.88,0,0.13
6896,2015-07-15 07:00,8,1.6,21.75,690.98,0,0.08
6897,2015-07-15 08:00,8.6,1.12,20.46,691.08,0,0.18
6898,2015-07-15 09:00,9.9,0.72,20.98,691.28,0,0.23
6899,2015-07-15 10:00,9.9,0.5,28.9,691.48,0,0.25
6900,2015-07-15 11:00,9.5,0.88,35.68,691.58,0,0
6901,2015-07-15 12:00,9.5,0.5,38.84,691.58,0,0.05
6902,2015-07-15 13:00,10,0.56,44.1,691.68,0,0
6903,2015-07-15 14:00,10.2,0.5,52.6,691.78,0,0
6904,2015-07-15 15:00,11.3,0.5,58.79,691.98,0,0
6905,2015-07-15 16:00,10.5,0.5,65.66,691.88,0,0
6906,2015-07-15 17:00,10.9,0.5,71.14,691.88,0,0.36
6907,2015-07-15 18:00,8.9,0.96,74,691.68,0,0.23
6908,2015-07-15 19:00,6.6,0.5,75.21,691.58,0,0
6909,2015-07-15 20:00,4.5,0.8,84.7,691.88,0,0
6910,2015-07-15 21:00,4.1,2.72,94.46,691.88,0,0
6911,2015-07-15 22:00,4.2,8.24,98.7,691.48,0,0
6912,2015-07-15 23:00,4,7.36,87.49,691.58,0,0
6913,2015-07-16 00:00,3.3,3.6,92.15,691.48,0,0
6914,2015-07-16 01:00,3.6,3.2,87.36,691.38,0,0
6915,2015-07-16 02:00,3.1,4.72,77.24,690.98,0,0
6916,2015-07-16 03:00,3.1,7.04,79.66,690.88,0,0
6917,2015-07-16 04:00,3.6,4.48,93.95,690.78,0,0
6918,2015-07-16 05:00,4.6,4.16,81.13,690.88,0,0.91
6919,2015-07-16 06:00,6,3.28,77.98,691.08,0,0
6920,2015-07-16 07:00,7.5,2,66.48,691.28,0,0.18
6921,2015-07-16 08:00,8,2.8,56.61,691.48,0,0
6922,2015-07-16 09:00,7.3,3.52,57.35,691.58,0,0
6923,2015-07-16 10:00,9.2,1.92,56.47,691.98,0,0
6924,2015-07-16 11:00,10.9,1.6,58.61,692.08,0,0.49
6925,2015-07-16 12:00,10.5,2,68.51,692.18,0,0
6926,2015-07-16 13:00,11.2,1.92,71.38,692.38,0,0.68
6927,2015-07-16 14:00,11.4,0.5,67.95,692.38,0,0.29
6928,2015-07-16 15:00,13.2,1.04,64.93,692.38,0,0
6929,2015-07-16 16:00,11.3,0.5,65.1,692.38,0,0.03
6930,2015-07-16 17:00,11.3,0.56,64.44,692.28,0,0.16
6931,2015-07-16 18:00,9.6,0.5,68.27,692.38,0,0.51
6932,2015-07-16 19:00,8.3,0.5,79,692.38,0,0
6933,2015-07-16 20:00,5.1,1.52,85.67,692.58,0,0
6934,2015-07-16 21:00,4.7,1.2,87.97,692.68,0,0
6935,2015-07-16 22:00,4.4,1.12,90.52,692.68,0,0
6936,2015-07-16 23:00,4.2,0.56,97.05,692.58,0,0
6937,2015-07-17 00:00,4.2,1.2,97.89,692.58,0,0
6938,2015-07-17 01:00,4,0.8,100,692.48,0,0
6939,2015-07-17 02:00,3.6,2.16,98.61,692.18,0,0
6940,2015-07-17 03:00,4,0.8,97.93,692.08,0,0
6941,2015-07-17 04:00,3.3,3.92,97.59,691.98,0,0
6942,2015-07-17 05:00,4.9,5.28,99.4,691.88,0,0
6943,2015-07-17 06:00,6.2,4,90.5,691.98,0,0
6944,2015-07-17 07:00,6.6,4.88,83.22,692.08,0,0
6945,2015-07-17 08:00,7.1,1.92,80.09,692.28,0,0.29
6946,2015-07-17 09:00,8.1,2.4,72.53,692.48,0,0.29
6947,2015-07-17 10:00,8.6,1.92,84.09,692.58,0,0.1
6948,2015-07-17 11:00,8.4,1.44,86.96,692.48,0,0.93
6949,2015-07-17 12:00,10.1,1.2,85.24,692.18,0.6166,0.94
6950,2015-07-17 13:00,5.2,1.12,83.21,692.08,1.7376,0.97
6951,2015-07-17 14:00,4.1,0.5,78.95,692.18,0.8968,0.97
6952,2015-07-17 15:00,3.6,0.96,75.43,691.88,0.2242,0.97
6953,2015-07-17 16:00,4.3,0.5,70.96,692.08,0,0.96
6954,2015-07-17 17:00,5.6,0.56,78.85,692.38,0,0.95
6955,2015-07-17 18:00,3.7,1.84,92.9,691.98,0.7847,0.93
6956,2015-07-17 19:00,3.1,1.04,73.3,691.88,0.2803,1
6957,2015-07-17 20:00,3.1,1.2,75.98,692.18,0,1
6958,2015-07-17 21:00,3,1.28,82.08,692.98,0,0.83
6959,2015-07-17 22:00,2.4,1.84,83.5,692.88,0,0.48
6960,2015-07-17 23:00,2.1,1.36,76.46,692.68,0,0
6961,2015-07-18 00:00,2.7,0.5,62.59,692.68,0,0
6962,2015-07-18 01:00,2.6,0.5,56.02,692.38,0,0
6963,2015-07-18 02:00,2.5,0.72,56.57,692.08,0,0
6964,2015-07-18 03:00,2.4,0.72,56.93,692.18,0,0
6965,2015-07-18 04:00,2.1,0.5,56.42,691.98,0,0
6966,2015-07-18 05:00,4.4,1.92,53.65,691.88,0,0.6
6967,2015-07-18 06:00,5.4,0.5,50.33,691.78,0,0.97
6968,2015-07-18 07:00,5.8,3.2,48.25,691.88,0,0.86
6969,2015-07-18 08:00,7,0.56,48.9,691.88,0,0.59
6970,2015-07-18 09:00,6.7,2.16,52.94,692.18,0,0.26
6971,2015-07-18 10:00,5.7,6.48,47.58,691.88,0,0.88
6972,2015-07-18 11:00,5.2,2.16,47.77,691.98,0,0.93
6973,2015-07-18 12:00,6.1,1.12,49.58,691.88,0,0.79
6974,2015-07-18 13:00,6.4,2.48,56.43,691.98,0,0
6975,2015-07-18 14:00,7.8,2,55.87,691.58,0,0
6976,2015-07-18 15:00,7.4,0.96,59.43,691.28,0,0.97
6977,2015-07-18 16:00,6.2,0.5,76.92,691.08,0,0.96
6978,2015-07-18 17:00,5.6,0.56,89.44,690.88,2.2982,0.95
6979,2015-07-18 18:00,4.6,0.5,91.74,690.78,0.6726,0.93
6980,2015-07-18 19:00,4.1,2.88,94.88,690.68,0.2242,1
6981,2015-07-18 20:00,3.9,2,97.57,690.58,0.1682,1
6982,2015-07-18 21:00,3.5,0.56,91.9,690.78,0,1
6983,2015-07-18 22:00,3.3,0.56,87.13,690.58,0,1
6984,2015-07-18 23:00,3.2,2.4,81.46,690.08,0.056,1
6985,2015-07-19 00:00,1.9,0.5,72.66,689.98,0,0.6
6986,2015-07-19 01:00,2,1.36,70.38,689.68,0,0
6987,2015-07-19 02:00,2.4,0.96,73.1,689.48,0,0
6988,2015-07-19 03:00,2.6,2.16,73.88,689.18,0,0
6989,2015-07-19 04:00,2.4,3.52,71.81,688.68,0,0
6990,2015-07-19 05:00,2.5,2.72,68.11,688.48,0,0.7
6991,2015-07-19 06:00,2.6,3.12,64.22,688.48,0,0.89
6992,2015-07-19 07:00,3.6,2.48,57.26,688.58,0,0.57
6993,2015-07-19 08:00,4.3,2.24,54.01,688.68,0,0.15
6994,2015-07-19 09:00,4.6,2.88,54.99,688.68,0,0
6995,2015-07-19 10:00,5.6,2.4,53.74,688.98,0,0.08
6996,2015-07-19 11:00,5.5,3.52,56.05,689.18,0,0.74
6997,2015-07-19 12:00,6.5,2.8,57.58,689.18,0,0.93
6998,2015-07-19 13:00,6.6,5.6,78.54,688.98,0.1121,0.88
6999,2015-07-19 14:00,5.5,3.44,89,688.58,0,0.97
7000,2015-07-19 15:00,5.5,2.16,83.82,688.48,1.2892,0.89
7001,2015-07-19 16:00,5.8,0.5,82.79,688.48,0,0.6
7002,2015-07-19 17:00,5.2,0.64,86.74,688.28,0,0.88
7003,2015-07-19 18:00,5.2,1.36,94.95,688.38,0,0.93
7004,2015-07-19 19:00,4.6,1.2,93.8,688.08,0.2803,1
7005,2015-07-19 20:00,4.5,0.5,98.95,688.38,0.056,1
7006,2015-07-19 21:00,4.7,0.5,98.61,688.38,0,1
7007,2015-07-19 22:00,4.7,0.64,94.92,688.38,0,1
7008,2015-07-19 23:00,4.3,0.5,94.94,688.18,0,1
7009,2015-07-20 00:00,4.2,0.64,99.65,688.08,0,1
7010,2015-07-20 01:00,4.5,0.56,100,687.98,0,1
7011,2015-07-20 02:00,4.2,0.5,100,687.68,0,1
7012,2015-07-20 03:00,3.2,1.12,100,687.68,0,1
7013,2015-07-20 04:00,3.4,0.5,100,687.68,0,1
7014,2015-07-20 05:00,4.4,0.5,88.92,687.68,0,0.56
7015,2015-07-20 06:00,4.3,1.2,58.81,687.98,0,0.97
7016,2015-07-20 07:00,4.8,0.88,55.88,688.18,0,0.95
7017,2015-07-20 08:00,5.6,0.5,61.77,688.48,0,0.97
7018,2015-07-20 09:00,6.2,0.5,76.6,688.58,0,0.66
7019,2015-07-20 10:00,6.6,0.5,76.49,688.88,0,0.95
7020,2015-07-20 11:00,8.7,0.5,81.2,689.08,0,0.72
7021,2015-07-20 12:00,10.8,1.44,77.27,689.28,0,0
7022,2015-07-20 13:00,9.2,1.92,77.5,689.38,0,0.94
7023,2015-07-20 14:00,8.8,1.28,70.55,689.48,0,0.9
7024,2015-07-20 15:00,8.3,0.64,74.43,689.58,0,0.82
7025,2015-07-20 16:00,10.1,0.5,78.76,689.68,0,0.14
7026,2015-07-20 17:00,9.6,0.5,86.54,689.78,0,0.31
7027,2015-07-20 18:00,8.5,0.88,86.95,689.88,0,0.92
7028,2015-07-20 19:00,6.1,1.92,88.04,689.88,0,0.63
7029,2015-07-20 20:00,4.9,1.12,97.9,690.18,0,0.61
7030,2015-07-20 21:00,4.9,0.5,92.56,690.28,0,0.52
7031,2015-07-20 22:00,4.6,1.76,89.94,690.38,0,0.86
7032,2015-07-20 23:00,4.8,1.04,93.44,690.38,0,0.37
7033,2015-07-21 00:00,4.5,0.5,94.36,690.18,0,0.49
7034,2015-07-21 01:00,4.2,0.64,94.99,690.08,0,0.94
7035,2015-07-21 02:00,4.3,0.72,93.07,689.98,0,0.79
7036,2015-07-21 03:00,4.2,1.6,93.16,690.08,0,0.79
7037,2015-07-21 04:00,4.4,0.5,88.85,690.08,0,0
7038,2015-07-21 05:00,7.8,0.88,70.67,690.18,0,0.97
7039,2015-07-21 06:00,9.1,1.04,46.33,690.28,0,0.16
7040,2015-07-21 07:00,10.4,0.5,40.89,690.48,0,0.09
7041,2015-07-21 08:00,11.5,0.56,46.58,690.78,0,0
7042,2015-07-21 09:00,8.8,1.2,71.23,690.88,0,0
7043,2015-07-21 10:00,8,2.4,58.1,691.18,0,0
7044,2015-07-21 11:00,7.6,2.8,56.77,691.48,0,0
7045,2015-07-21 12:00,7.5,3.44,55.49,691.68,0,0
7046,2015-07-21 13:00,7.5,3.12,46.78,691.88,0,0
7047,2015-07-21 14:00,7.4,3.6,51,691.98,0,0
7048,2015-07-21 15:00,7.3,3.04,65.95,691.98,0,0
7049,2015-07-21 16:00,7,4.08,60.91,691.98,0,0
7050,2015-07-21 17:00,6.8,4,58.16,691.78,0,0
7051,2015-07-21 18:00,5.9,3.92,80.6,691.68,0,0.93
7052,2015-07-21 19:00,5.8,4.72,69.1,691.68,0,0
7053,2015-07-21 20:00,5.2,3.04,75.53,691.88,0,0
7054,2015-07-21 21:00,5,1.28,86.78,691.58,0,0
7055,2015-07-21 22:00,4.6,2.4,84.65,691.68,0,0
7056,2015-07-21 23:00,5.3,0.5,91.61,691.38,0,0
7057,2015-07-22 00:00,3.9,0.5,86.68,691.08,0,0
7058,2015-07-22 01:00,3.4,2.64,86.55,690.58,0,0
7059,2015-07-22 02:00,3.8,0.56,87.62,690.38,0,0
7060,2015-07-22 03:00,4.1,1.28,81.4,689.88,0,0.4
7061,2015-07-22 04:00,4.1,1.28,80.29,689.88,0.056,0.78
7062,2015-07-22 05:00,5.2,1.6,66.34,690.08,0,0.62
7063,2015-07-22 06:00,6.6,2.72,64.21,690.18,0,0
7064,2015-07-22 07:00,7.2,2.24,67.96,690.38,0,0.07
7065,2015-07-22 08:00,8.1,0.96,70.1,690.38,0,0
7066,2015-07-22 09:00,7.6,0.96,67.08,690.48,0,0.89
7067,2015-07-22 10:00,9.9,0.88,62.12,690.38,0.2803,0.4
7068,2015-07-22 11:00,8.3,0.5,65.9,690.38,0.9529,0.97
7069,2015-07-22 12:00,6.9,0.5,77.51,690.18,2.6906,0.97
7070,2015-07-22 13:00,6,0.5,88.92,689.98,2.2982,0.97
7071,2015-07-22 14:00,4.6,4.8,87.58,689.58,1.009,0.97
7072,2015-07-22 15:00,5.2,3.44,84.05,689.38,0.4484,0.97
7073,2015-07-22 16:00,6.8,2.4,82.67,689.18,0.056,0.62
7074,2015-07-22 17:00,7.7,1.68,73.33,689.18,0,0
7075,2015-07-22 18:00,7.3,1.12,65.6,688.88,0,0.91
7076,2015-07-22 19:00,5.1,0.64,79.89,688.88,0,0
7077,2015-07-22 20:00,3.6,2.56,73.53,688.98,0,0
7078,2015-07-22 21:00,3.8,2.08,90.99,688.78,0,0
7079,2015-07-22 22:00,3.5,1.52,86.5,688.48,0,0
7080,2015-07-22 23:00,2.6,4.32,84.92,688.18,0,0.53
7081,2015-07-23 00:00,3.5,3.76,75.01,687.78,0,0.79
7082,2015-07-23 01:00,2.3,8,78.6,687.28,0,0.86
7083,2015-07-23 02:00,2.7,4.96,72.54,686.98,0,0.81
7084,2015-07-23 03:00,3,1.52,89.98,686.78,0,0.56
7085,2015-07-23 04:00,2.2,1.84,92.4,686.68,0,1
7086,2015-07-23 05:00,3.4,0.5,92.25,686.88,0,0.97
7087,2015-07-23 06:00,3.1,0.5,89.37,686.98,0,0.97
7088,2015-07-23 07:00,3.6,1.04,91.22,687.18,0,0.78
7089,2015-07-23 08:00,4.4,1.76,88.36,687.28,0,0.8
7090,2015-07-23 09:00,5.8,2.08,92.01,687.58,0,0.88
7091,2015-07-23 10:00,6.3,0.88,88.09,687.58,0,0.71
7092,2015-07-23 11:00,8.2,1.36,84.28,687.68,0,0.31
7093,2015-07-23 12:00,10.7,1.36,79.72,687.68,0,0.51
7094,2015-07-23 13:00,11,0.8,88.95,687.78,0,0.93
7095,2015-07-23 14:00,9.1,1.44,90.51,687.78,0,0.88
7096,2015-07-23 15:00,9.4,1.36,86.82,687.68,0,0.18
7097,2015-07-23 16:00,8.6,1.92,82.15,687.68,0,0.52
7098,2015-07-23 17:00,9.9,1.6,85.53,687.48,0,0
7099,2015-07-23 18:00,5.8,3.2,85.75,687.48,0,0.79
7100,2015-07-23 19:00,5.4,2.48,85.46,687.58,0,1
7101,2015-07-23 20:00,5.3,1.92,89.09,687.78,0,0.69
7102,2015-07-23 21:00,3.9,0.8,92.55,687.68,0,0.38
7103,2015-07-23 22:00,3.9,1.28,89.03,687.68,0,0
7104,2015-07-23 23:00,3.4,0.5,97.6,687.38,0,0
7105,2015-07-24 00:00,2.8,2.32,94.98,687.08,0,0
7106,2015-07-24 01:00,2.9,0.64,92.12,686.98,0,0
7107,2015-07-24 02:00,3.7,1.28,84.47,686.98,0,0
7108,2015-07-24 03:00,2.9,1.04,91.51,686.68,0,0
7109,2015-07-24 04:00,2.6,4.32,85.96,686.38,0,0
7110,2015-07-24 05:00,3.5,2.64,76.25,686.08,0,0.08
7111,2015-07-24 06:00,5,3.44,69.96,686.28,0,0.23
7112,2015-07-24 07:00,6,2.08,72.49,686.48,0,0
7113,2015-07-24 08:00,9.5,1.52,76.36,686.58,0,0
7114,2015-07-24 09:00,10.1,0.8,69.5,686.58,0,0
7115,2015-07-24 10:00,10,0.96,65.71,686.58,0,0.05
7116,2015-07-24 11:00,11.6,1.04,62.4,686.48,0,0.03
7117,2015-07-24 12:00,9.9,1.2,61.19,686.48,0,0
7118,2015-07-24 13:00,8.8,1.84,62.64,686.28,0,0.86
7119,2015-07-24 14:00,10.6,0.88,72.31,686.08,0,0.97
7120,2015-07-24 15:00,10.5,0.96,70.81,685.58,0,0
7121,2015-07-24 16:00,6.9,1.2,92.16,685.18,0.2803,0.96
7122,2015-07-24 17:00,5.1,4.32,100,684.68,4.8766,0.95
7123,2015-07-24 18:00,3.9,3.36,93.92,684.48,2.2982,0.93
7124,2015-07-24 19:00,3.6,0.64,93,684.58,0.056,1
7125,2015-07-24 20:00,3.4,1.84,97.55,684.48,0.1682,1
7126,2015-07-24 21:00,3.5,0.5,94.39,684.18,0.056,1
7127,2015-07-24 22:00,2.2,0.56,87.43,684.08,0,1
7128,2015-07-24 23:00,2.2,1.2,92.33,683.88,0,1
7129,2015-07-25 00:00,3,0.64,92.65,683.18,0,1
7130,2015-07-25 01:00,2.7,0.56,97.88,682.88,0.1682,1
7131,2015-07-25 02:00,2.1,0.5,93.58,682.18,0.3924,1
7132,2015-07-25 03:00,2,0.5,92.65,682.18,0.056,1
7133,2015-07-25 04:00,1.4,0.5,88.79,682.08,0,1
7134,2015-07-25 05:00,0.7,0.5,85.83,682.08,0,0.92
7135,2015-07-25 06:00,1.6,0.5,99.5,681.88,0,0.62
7136,2015-07-25 07:00,1.8,0.5,88.43,681.78,0,0.67
7137,2015-07-25 08:00,0.2,0.5,73.06,681.88,0,0.5
7138,2015-07-25 09:00,1.4,0.56,60.15,682.08,0,0.32
7139,2015-07-25 10:00,1.7,0.5,49.58,682.28,0.056,0
7140,2015-07-25 11:00,1.4,0.88,53.28,682.58,0,0
7141,2015-07-25 12:00,2.2,0.56,53.1,682.78,0,0
7142,2015-07-25 13:00,2.5,0.5,50.4,682.68,0,0
7143,2015-07-25 14:00,2.3,1.76,48.59,682.68,0,0.3
7144,2015-07-25 15:00,3.1,0.64,48.55,682.88,0,0.48
7145,2015-07-25 16:00,3.3,0.5,53.18,682.78,0,0
7146,2015-07-25 17:00,2.4,0.5,62.57,682.58,0,0
7147,2015-07-25 18:00,1.8,0.8,65.86,682.58,0,0.85
7148,2015-07-25 19:00,0.8,1.28,67.87,682.38,0,0
7149,2015-07-25 20:00,-1.4,1.36,78.21,682.68,0,0
7150,2015-07-25 21:00,-1,0.5,61.55,682.68,0,0
7151,2015-07-25 22:00,-0.8,1.76,28.43,682.68,0,0
7152,2015-07-25 23:00,-0.7,2.08,20.04,682.68,0,0
7153,2015-07-26 00:00,-0.4,1.6,15.89,682.58,0,0
7154,2015-07-26 01:00,0.2,1.12,11.36,682.68,0,0
7155,2015-07-26 02:00,0.5,2.32,14.86,682.68,0,0
7156,2015-07-26 03:00,0.5,1.44,16.76,682.78,0,0
7157,2015-07-26 04:00,1,2.72,15.26,682.78,0,0
7158,2015-07-26 05:00,2.4,3.36,14.34,683.28,0,1
7159,2015-07-26 06:00,3.5,0.72,19.04,683.48,0,0
7160,2015-07-26 07:00,4.2,0.5,21.1,683.58,0,0.17
7161,2015-07-26 08:00,4.3,0.96,21.49,683.68,0,0.29
7162,2015-07-26 09:00,5.6,1.04,21.83,683.78,0,0.63
7163,2015-07-26 10:00,5.7,1.04,24.56,684.08,0,0.2
7164,2015-07-26 11:00,5.3,0.64,28.06,683.98,0,0.56
7165,2015-07-26 12:00,5.7,1.28,32.81,683.98,0,0
7166,2015-07-26 13:00,4.8,0.5,41.39,683.58,0,0.54
7167,2015-07-26 14:00,4.3,0.5,56.1,683.28,0,0.44
7168,2015-07-26 15:00,4.8,0.5,64.25,683.48,0,0.54
7169,2015-07-26 16:00,4,2.16,78.6,683.38,0,0.96
7170,2015-07-26 17:00,4.4,1.04,94.8,682.88,0,0.45
7171,2015-07-26 18:00,4.3,0.8,98.9,682.68,0,0.92
7172,2015-07-26 19:00,3.8,0.88,99.6,682.38,0,1
7173,2015-07-26 20:00,3.5,0.5,100,682.58,1.4574,1
7174,2015-07-26 21:00,3.3,0.5,98.93,682.18,3.2511,1
7175,2015-07-26 22:00,3.4,0.5,100,682.18,0.5045,1
7176,2015-07-26 23:00,3.2,9.36,100,681.68,0.1682,1
7177,2015-07-27 00:00,3.2,10.08,98.93,681.18,0.6726,1
7178,2015-07-27 01:00,2.7,10.56,98.58,680.68,0.056,1
7179,2015-07-27 02:00,1.8,12.16,98.58,680.18,0,1
7180,2015-07-27 03:00,0,10.08,80.31,679.48,0,1
7181,2015-07-27 04:00,-2.7,0.5,77.95,679.68,0,1
7182,2015-07-27 05:00,-2.4,0.64,64.06,679.48,0.056,0.28
7183,2015-07-27 06:00,-2,0.5,39.42,679.08,0,0.65
7184,2015-07-27 07:00,-1.6,0.5,29.84,679.08,0,0.74
7185,2015-07-27 08:00,-0.8,0.5,30.68,679.58,0,0.78
7186,2015-07-27 09:00,0,0.5,34.36,679.78,0,0.66
7187,2015-07-27 10:00,0.8,0.64,36.86,679.98,0,0
7188,2015-07-27 11:00,1.7,0.5,34.34,680.38,0,0
7189,2015-07-27 12:00,2.2,0.64,32.84,680.58,0,0.02
7190,2015-07-27 13:00,2.6,0.56,31.77,680.88,0,0
7191,2015-07-27 14:00,2.8,1.12,27.66,681.18,0,0.51
7192,2015-07-27 15:00,3,0.8,26.27,681.38,0,0.68
7193,2015-07-27 16:00,2.7,1.2,26.38,681.58,0,0.8
7194,2015-07-27 17:00,2.1,0.5,26.96,681.68,0,0.83
7195,2015-07-27 18:00,1.8,0.88,26.38,681.78,0,0.72
7196,2015-07-27 19:00,1.2,0.64,33.05,681.78,0,0
7197,2015-07-27 20:00,0.4,0.5,32.66,681.98,0,0
7198,2015-07-27 21:00,0.3,0.5,28.87,682.18,0,0
7199,2015-07-27 22:00,0.3,0.5,19.77,681.98,0,0
7200,2015-07-27 23:00,0.5,0.5,17.19,681.88,0,0
7201,2015-07-28 00:00,0.8,1.52,17.94,681.88,0,0
7202,2015-07-28 01:00,1.3,0.8,14.98,681.78,0,0
7203,2015-07-28 02:00,1.4,2.32,12.75,681.68,0,0
7204,2015-07-28 03:00,2,0.5,10.39,681.38,0,0
7205,2015-07-28 04:00,2,0.5,9.96,681.48,0,0
7206,2015-07-28 05:00,2.9,1.2,8.58,681.78,0,1
7207,2015-07-28 06:00,4.5,1.12,8.03,681.58,0,0.33
7208,2015-07-28 07:00,5.1,1.92,9.22,681.78,0,0.18
7209,2015-07-28 08:00,5.3,1.52,11.97,681.78,0,0.16
7210,2015-07-28 09:00,5.14,0.72,18.13,681.98,0,0.36
7211,2015-07-28 10:00,5.4,1.28,22.3,682.18,0,0.42
7212,2015-07-28 11:00,5.2,1.36,35,682.18,0,0
7213,2015-07-28 12:00,4.8,1.52,40.39,682.18,0,0.01
7214,2015-07-28 13:00,4.5,1.6,43.42,682.18,0,0.1
7215,2015-07-28 14:00,4.5,0.96,42.27,682.28,0,0
7216,2015-07-28 15:00,4.8,1.04,48.84,682.48,0,0.23
7217,2015-07-28 16:00,5.6,0.5,56.2,682.58,0,0
7218,2015-07-28 17:00,5.7,0.5,68.36,682.68,0,0
7219,2015-07-28 18:00,5.2,1.04,75.67,682.78,0,0.78
7220,2015-07-28 19:00,4.8,0.88,85.05,682.78,0,0.41
7221,2015-07-28 20:00,4.7,0.96,87.83,682.88,0,0.66
7222,2015-07-28 21:00,4.5,9.36,91.96,682.68,0,0.92
7223,2015-07-28 22:00,3.7,6.72,92.12,682.58,0.1121,0.98
7224,2015-07-28 23:00,3.8,4.16,93.77,682.48,0,1
7225,2015-07-29 00:00,3.7,5.44,97.06,681.88,0,1
7226,2015-07-29 01:00,3.4,4.16,97.95,681.78,0,0.96
7227,2015-07-29 02:00,2.9,4.16,94.71,681.28,0,1
7228,2015-07-29 03:00,2.6,6.72,92.97,681.18,0.056,1
7229,2015-07-29 04:00,1.8,5.44,92.62,681.08,0.056,1
7230,2015-07-29 05:00,1.5,3.04,88.56,680.88,0,1
7231,2015-07-29 06:00,1.7,0.5,90.23,680.98,0,0.97
7232,2015-07-29 07:00,1.7,2.08,85.79,681.08,0,0.97
7233,2015-07-29 08:00,2.1,0.5,84.67,681.08,0,0.98
7234,2015-07-29 09:00,2.5,0.5,83.5,681.08,0,0.98
7235,2015-07-29 10:00,3.8,0.5,89.22,681.68,0,0.97
7236,2015-07-29 11:00,4.8,0.5,95.64,681.48,0,0.97
7237,2015-07-29 12:00,4.9,0.5,99.8,681.68,0.056,0.88
7238,2015-07-29 13:00,4.9,0.5,100,681.58,0,0.97
7239,2015-07-29 14:00,4.9,0.5,97.9,681.78,1.1771,0.97
7240,2015-07-29 15:00,4.1,0.5,97.9,681.88,0.5045,0.97
7241,2015-07-29 16:00,3.8,0.5,96.54,681.58,0.5045,0.96
7242,2015-07-29 17:00,3.3,0.5,96.31,681.38,0.1121,0.95
7243,2015-07-29 18:00,2.8,0.5,88.14,681.28,0,0.93
7244,2015-07-29 19:00,0.2,0.64,88.91,680.98,0,1
7245,2015-07-29 20:00,-0.4,2.08,90.43,681.18,0,0.76
7246,2015-07-29 21:00,-0.9,4.22,87.52,681.28,0,0
7247,2015-07-29 22:00,-2.5,0.5,84.92,681.08,0,0
7248,2015-07-29 23:00,-2.9,0.5,84.72,680.88,0,0
7249,2015-07-30 00:00,-3.2,0.5,84.77,680.88,0,0
7250,2015-07-30 01:00,-3,0.5,82.03,680.48,0,0
7251,2015-07-30 02:00,-3.2,0.5,72.6,680.48,0,0
7252,2015-07-30 03:00,-3.5,0.5,63.75,680.38,0,0
7253,2015-07-30 04:00,-4.1,0.5,68.7,680.18,0,0
7254,2015-07-30 05:00,-3.4,0.5,66.1,680.28,0,1
7255,2015-07-30 06:00,-3.6,0.5,45.16,680.18,0,0.98
7256,2015-07-30 07:00,-2.2,0.5,39.57,680.28,0,0.98
7257,2015-07-30 08:00,-1.1,0.5,46.34,680.18,0,0.96
7258,2015-07-30 09:00,-0.5,0.5,62.59,680.48,0,0.97
7259,2015-07-30 10:00,0.6,0.5,73.45,681.08,0,0.9
7260,2015-07-30 11:00,1.2,0.5,72.05,681.38,0,0.87
7261,2015-07-30 12:00,1,0.5,65.7,681.48,0,0.88
7262,2015-07-30 13:00,1.2,0.96,59.35,681.48,0,0.84
7263,2015-07-30 14:00,0.5,0.88,50.85,681.68,0,0.87
7264,2015-07-30 15:00,0.8,1.04,56.46,681.68,0,0.84
7265,2015-07-30 16:00,0.4,1.04,58.92,681.88,0,0.92
7266,2015-07-30 17:00,-0.5,0.88,68.88,681.58,0,0.85
7267,2015-07-30 18:00,-1.8,0.56,76.76,681.58,0,0.93
7268,2015-07-30 19:00,-1.7,0.5,87.83,681.68,0,0.36
7269,2015-07-30 20:00,-2.6,0.5,89.39,681.98,0,0.5
7270,2015-07-30 21:00,-3.1,0.5,89.01,681.88,0,0.25
7271,2015-07-30 22:00,-3.2,0.56,86.48,681.98,0,0.66
7272,2015-07-30 23:00,-3.4,0.5,66.66,681.98,0,0.71
7273,2015-07-31 00:00,-3.5,0.56,56.84,681.78,0,0.63
7274,2015-07-31 01:00,-3.8,0.5,47.71,681.58,0,0
7275,2015-07-31 02:00,-3.4,0.5,29.49,681.68,0,0
7276,2015-07-31 03:00,-3.1,0.5,19.51,681.78,0,0
7277,2015-07-31 04:00,-2.9,0.5,16.05,681.78,0,0
7278,2015-07-31 05:00,-1,0.5,11.85,682.08,0,0.72
7279,2015-07-31 06:00,0.9,0.5,10.12,682.38,0,0
7280,2015-07-31 07:00,2.4,0.96,10.91,682.88,0,0
7281,2015-07-31 08:00,3.8,1.28,15.15,682.98,0,0
7282,2015-07-31 09:00,4.7,1.28,45.97,683.28,0,0
7283,2015-07-31 10:00,6.5,0.8,57.65,683.48,0,0
7284,2015-07-31 11:00,5.3,0.5,59.55,683.48,0,0
7285,2015-07-31 12:00,5.5,0.88,63.09,683.48,0,0
7286,2015-07-31 13:00,4.5,0.56,52.64,683.68,0,0
7287,2015-07-31 14:00,5,1.12,62.58,683.78,0,0.62
7288,2015-07-31 15:00,4.3,0.5,62.84,683.48,0,0.2
7289,2015-07-31 16:00,2.6,0.56,69.33,683.58,0.056,0.48
7290,2015-07-31 17:00,1.7,1.12,80.69,683.48,0,0.95
7291,2015-07-31 18:00,2.7,0.5,89.16,683.88,0.056,0.82
7292,2015-07-31 19:00,2.1,0.64,90.3,683.68,0,0
7293,2015-07-31 20:00,1.7,0.5,98.25,684.18,0.056,0
7294,2015-07-31 21:00,1.6,1.52,99.6,684.38,0.3924,0.9
7295,2015-07-31 22:00,1.9,0.5,92.89,684.48,1.4574,0.92
7296,2015-07-31 23:00,1,3.68,92.53,683.98,1.8498,1
7297,2015-08-01 00:00,1.3,1.76,98.93,683.78,0.3924,1
7298,2015-08-01 01:00,1.5,0.8,98.93,683.48,0.6726,1
7299,2015-08-01 02:00,1.5,4.16,97.13,683.08,0.4484,1
7300,2015-08-01 03:00,2.2,4.16,94.7,682.18,1.7376,1
7301,2015-08-01 04:00,1.1,6.72,94.84,681.68,4.26,1
7302,2015-08-01 05:00,1.4,0.64,94.16,682.18,1.7937,1
7303,2015-08-01 06:00,1.6,0.5,96.83,682.18,2.2982,0.97
7304,2015-08-01 07:00,2,0.64,96.83,682.58,1.6816,0.94
7305,2015-08-01 08:00,2.7,1.04,96.84,682.98,0.6726,0.94
7306,2015-08-01 09:00,3.8,0.5,95.82,683.18,0.3924,0.79
7307,2015-08-01 10:00,4.2,0.64,95.79,683.28,0.1121,0.83
7308,2015-08-01 11:00,3.7,0.64,92.05,683.68,0,0.91
7309,2015-08-01 12:00,5.5,0.64,93.92,683.68,0.2242,0.97
7310,2015-08-01 13:00,6,1.06,92.36,683.68,0.1121,0.97
7311,2015-08-01 14:00,5.3,0.5,92.06,683.48,0.6166,0.97
7312,2015-08-01 15:00,3.3,3.32,92.04,683.48,1.2332,0.97
7313,2015-08-01 16:00,3.8,2.08,89.93,683.58,0.7847,0.96
7314,2015-08-01 17:00,3.6,0.64,91.08,683.48,0.1121,0.95
7315,2015-08-01 18:00,2.5,0.8,88.51,683.48,0,0.92
7316,2015-08-01 19:00,1.8,1.28,92.63,683.68,0.5045,1
7317,2015-08-01 20:00,1.6,4.16,92.56,684.18,0.5045,1
7318,2015-08-01 21:00,0.2,4.16,97.15,684.18,0.1682,1
7319,2015-08-01 22:00,-0.4,4.16,96.81,684.38,0,1
7320,2015-08-01 23:00,-0.5,4.56,96.81,684.48,0.056,1
7321,2015-08-02 00:00,-0.6,5.44,96.46,684.48,0,1
7322,2015-08-02 01:00,-0.7,0.64,92.51,684.58,0,1
7323,2015-08-02 02:00,-0.8,0.5,91.89,684.58,0,1
7324,2015-08-02 03:00,-0.3,0.5,86.62,684.58,0,1
7325,2015-08-02 04:00,-0.1,0.5,86.91,684.78,0,1
7326,2015-08-02 05:00,0.3,0.5,86.65,684.88,0,1
7327,2015-08-02 06:00,0.7,0.5,84.93,685.18,0,0.98
7328,2015-08-02 07:00,0.9,0.5,81.4,685.68,0,0.98
7329,2015-08-02 08:00,1.3,0.5,77.21,686.18,0,0.98
7330,2015-08-02 09:00,2,1.02,76.34,686.58,0,0.98
7331,2015-08-02 10:00,2.4,1.02,80.08,686.88,0,0.98
7332,2015-08-02 11:00,3,3.6,81.17,687.38,0,0.97
7333,2015-08-02 12:00,3.6,3.04,77.46,687.68,0,0.97
7334,2015-08-02 13:00,3.7,3.52,79.77,687.78,0,0.97
7335,2015-08-02 14:00,4.1,4.08,74.31,687.88,0,0.97
7336,2015-08-02 15:00,4.9,2.96,68.88,688.08,0,0.97
7337,2015-08-02 16:00,5.3,2.56,69.42,688.38,0,0.5
7338,2015-08-02 17:00,6.5,3.2,78.71,688.58,0,0.39
7339,2015-08-02 18:00,6.7,2.24,81.52,688.58,0,0
7340,2015-08-02 19:00,6.2,1.28,82.31,688.88,0,0.48
7341,2015-08-02 20:00,3.6,1.68,74.83,689.48,0,0
7342,2015-08-02 21:00,4.6,1.2,87.54,689.58,0,0
7343,2015-08-02 22:00,5,0.5,95.9,689.88,0,0
7344,2015-08-02 23:00,7.9,3.52,83.57,689.98,0,0.53
7345,2015-08-03 00:00,7.4,1.12,44.33,689.98,0,0.64
7346,2015-08-03 01:00,7.3,1.2,29.72,689.88,0,0
7347,2015-08-03 02:00,7.1,3.36,32.99,689.78,0,0
7348,2015-08-03 03:00,6.9,3.84,25.09,689.58,0,0
7349,2015-08-03 04:00,6.2,3.12,19.14,689.48,0,0
7350,2015-08-03 05:00,7.4,2.64,18.36,689.58,0,1
7351,2015-08-03 06:00,9.2,1.84,17.35,689.78,0,0.26
7352,2015-08-03 07:00,10.2,0.5,20.24,689.98,0,0.22
7353,2015-08-03 08:00,10.9,1.6,22.24,690.28,0,0.03
7354,2015-08-03 09:00,11.8,2.16,24.05,690.68,0,0.02
7355,2015-08-03 10:00,12.5,1.6,27.75,690.98,0,0
7356,2015-08-03 11:00,13.2,0.64,28.21,691.18,0,0
7357,2015-08-03 12:00,11.2,0.88,45.82,691.18,0,0
7358,2015-08-03 13:00,10.4,0.5,62.83,690.72,0,0
7359,2015-08-03 14:00,9.8,0.5,67.03,691.28,0,0
7360,2015-08-03 15:00,8.5,1.12,59.33,691.08,0,0
7361,2015-08-03 16:00,7.8,1.36,59.43,691.08,0,0
7362,2015-08-03 17:00,7.5,1.68,55.56,690.98,0,0
7363,2015-08-03 18:00,7.4,0.72,61.33,691.08,0,0.92
7364,2015-08-03 19:00,6.6,0.5,66,691.18,0,0
7365,2015-08-03 20:00,5.6,3.92,73.11,691.28,0,0
7366,2015-08-03 21:00,5.2,1.04,81.61,691.18,0,0
7367,2015-08-03 22:00,5.1,2.96,58.35,691.08,0,0
7368,2015-08-03 23:00,5.3,0.96,40.06,691.08,0,0
7369,2015-08-04 00:00,4.9,3.84,58.36,690.78,0,0
7370,2015-08-04 01:00,4.6,2.56,49.98,690.38,0,0
7371,2015-08-04 02:00,4.7,2.16,41.17,690.28,0,0
7372,2015-08-04 03:00,4.6,2.88,33.66,689.88,0,0
7373,2015-08-04 04:00,4.3,0.5,31.3,689.88,0,0
7374,2015-08-04 05:00,5,0.72,25.8,689.78,0,0.77
7375,2015-08-04 06:00,6.2,0.5,26.29,689.58,0,0.41
7376,2015-08-04 07:00,7.3,2.24,32.09,689.38,0,0.22
7377,2015-08-04 08:00,6.7,3.84,40.46,689.08,0,0.62
7378,2015-08-04 09:00,7.6,2.88,49.94,689.08,0,0.22
7379,2015-08-04 10:00,6.3,3.28,60.38,689.08,0,0.38
7380,2015-08-04 11:00,7,0.5,72.5,689.08,0,0.83
7381,2015-08-04 12:00,7.7,0.5,82.1,688.88,0,0.97
7382,2015-08-04 13:00,5.8,2.96,98.96,688.68,0.8408,0.9
7383,2015-08-04 14:00,7,0.56,98.96,688.68,1.009,0.97
7384,2015-08-04 15:00,6.3,0.96,85.67,688.68,0.2803,0.31
7385,2015-08-04 16:00,6.6,0.56,85.41,688.58,0.056,0.17
7386,2015-08-04 17:00,5,0.88,77.41,688.58,0,0
7387,2015-08-04 18:00,4.3,0.64,78.11,688.58,0,0.92
7388,2015-08-04 19:00,4,0.64,84.75,688.48,0,0.69
7389,2015-08-04 20:00,3.8,1.52,87.14,688.98,0,0
7390,2015-08-04 21:00,4.5,0.56,78.94,689.18,0,0
7391,2015-08-04 22:00,4.9,2.88,86.57,689.28,0,0
7392,2015-08-04 23:00,4.7,0.96,81.65,689.18,0,0
7393,2015-08-05 00:00,4.9,0.72,72.72,689.18,0,0
7394,2015-08-05 01:00,4.8,1.04,56.63,689.18,0,0
7395,2015-08-05 02:00,4.8,0.5,45.75,689.38,0,0
7396,2015-08-05 03:00,5.6,0.56,42.93,689.48,0,0
7397,2015-08-05 04:00,5.6,0.5,43.72,689.38,0,0
7398,2015-08-05 05:00,6.9,0.56,37.31,689.48,0,1
7399,2015-08-05 06:00,8.8,0.5,24.51,689.88,0,0.32
7400,2015-08-05 07:00,10.3,0.88,9.27,690.08,0,0.4
7401,2015-08-05 08:00,11.9,0.64,30.97,690.28,0,0.05
7402,2015-08-05 09:00,13.1,0.8,50.05,690.68,0,0
7403,2015-08-05 10:00,14.3,1.04,55.66,690.98,0,0
7404,2015-08-05 11:00,15.6,0.5,57.65,691.08,0,0
7405,2015-08-05 12:00,14.7,0.5,67.4,691.18,0,0
7406,2015-08-05 13:00,15,1.44,63.41,691.08,0,0
7407,2015-08-05 14:00,13.4,0.5,64.6,691.08,0,0
7408,2015-08-05 15:00,11.6,0.64,66.52,691.08,0,0
7409,2015-08-05 16:00,10.9,0.72,72.68,691.18,0,0
7410,2015-08-05 17:00,11.4,0.5,76.29,691.18,0,0
7411,2015-08-05 18:00,11.1,0.5,86.92,691.28,0,0.91
7412,2015-08-05 19:00,10.6,0.64,91.96,691.48,0,0
7413,2015-08-05 20:00,8.2,2.16,91.39,691.68,0,0
7414,2015-08-05 21:00,7.9,2.08,93.15,691.58,0,0
7415,2015-08-05 22:00,8.3,1.84,96.95,691.68,0,0
7416,2015-08-05 23:00,7.5,2.88,99.65,691.58,0,0.66
7417,2015-08-06 00:00,7.4,3.6,96.61,691.28,0,0.74
7418,2015-08-06 01:00,6.7,4.96,94.98,691.18,0,1
7419,2015-08-06 02:00,7,4.4,93.4,690.98,0,1
7420,2015-08-06 03:00,6.3,4.16,89.87,690.78,0,0.94
7421,2015-08-06 04:00,6.1,1.68,88.81,690.78,0,0.78
7422,2015-08-06 05:00,7.5,2.08,87.64,690.88,0,1
7423,2015-08-06 06:00,9.2,2.32,86.97,690.98,0,0.19
7424,2015-08-06 07:00,11.6,1.12,79.16,691.18,0,0
7425,2015-08-06 08:00,13.3,1.04,75.62,691.38,0,0
7426,2015-08-06 09:00,14.9,0.88,61.93,691.68,0,0
7427,2015-08-06 10:00,13.5,0.5,57.64,691.68,0,0
7428,2015-08-06 11:00,12.7,0.5,55.19,691.78,0,0
7429,2015-08-06 12:00,9.6,0.5,58.04,691.88,0,0.5
7430,2015-08-06 13:00,9.1,0.72,58.24,691.98,0,0.63
7431,2015-08-06 14:00,9.8,0.5,65.03,692.08,0,0.04
7432,2015-08-06 15:00,13.6,1.04,66.19,692.18,0,0
7433,2015-08-06 16:00,12.2,0.64,67.57,692.28,0,0.25
7434,2015-08-06 17:00,12,0.72,75.2,692.08,0,0.31
7435,2015-08-06 18:00,8.5,1.28,76.91,692.08,0,0.56
7436,2015-08-06 19:00,6.9,0.5,70.51,692.18,0,0.78
7437,2015-08-06 20:00,5.8,0.5,69.81,692.18,0,0.66
7438,2015-08-06 21:00,5.5,0.96,72.65,692.28,0,0
7439,2015-08-06 22:00,4.8,1.04,77.74,692.28,0,0
7440,2015-08-06 23:00,3.8,1.2,64.67,692.28,0,0
7441,2015-08-07 00:00,3.3,1.12,46.51,692.08,0,0
7442,2015-08-07 01:00,3.7,0.5,43.98,691.78,0,0
7443,2015-08-07 02:00,3.9,0.96,34.18,691.58,0,0
7444,2015-08-07 03:00,3.5,0.88,37.22,691.38,0,0
7445,2015-08-07 04:00,3,0.5,52.23,691.28,0,0
7446,2015-08-07 05:00,5.3,1.04,47.71,691.28,0,1
7447,2015-08-07 06:00,6.9,0.64,54.63,691.38,0,0.3
7448,2015-08-07 07:00,7.9,0.64,52.25,691.48,0,0.05
7449,2015-08-07 08:00,8.8,1.04,52.12,691.78,0,0.01
7450,2015-08-07 09:00,8.7,1.28,54.11,692.08,0,0
7451,2015-08-07 10:00,8.8,0.96,52.61,692.18,0,0
7452,2015-08-07 11:00,9.3,0.56,50.03,692.28,0,0.01
7453,2015-08-07 12:00,8.1,0.5,51.93,692.68,0,0.97
7454,2015-08-07 13:00,9.4,0.5,55.1,692.78,0,0.56
7455,2015-08-07 14:00,11.5,0.72,60.59,692.98,0,0.97
7456,2015-08-07 15:00,8.4,0.5,61.13,692.98,0,0.68
7457,2015-08-07 16:00,9.3,0.72,64.94,692.98,0,0.81
7458,2015-08-07 17:00,8.6,1.44,67.33,692.88,0,0.83
7459,2015-08-07 18:00,7.6,0.5,70.6,693.08,0,0.91
7460,2015-08-07 19:00,5.5,1.6,75.46,693.18,0,0.14
7461,2015-08-07 20:00,4.7,1.44,77.65,693.38,0,0
7462,2015-08-07 21:00,4.5,0.88,81.7,693.38,0,0
7463,2015-08-07 22:00,3.7,0.96,83.68,693.48,0,0
7464,2015-08-07 23:00,4.2,0.72,88.61,693.38,0,0
7465,2015-08-08 00:00,4.1,1.04,91.69,692.88,0,0
7466,2015-08-08 01:00,4.1,0.5,99.05,692.68,0,0
7467,2015-08-08 02:00,3.9,0.5,91.76,692.68,0,0
7468,2015-08-08 03:00,3.5,0.5,87.19,692.28,0,0
7469,2015-08-08 04:00,3.4,1.36,65.46,692.28,0,0
7470,2015-08-08 05:00,3.9,3.12,41.69,692.38,0,0.93
7471,2015-08-08 06:00,5.1,1.04,43.96,692.38,0,0.38
7472,2015-08-08 07:00,5,7.2,41.31,692.38,0,0.14
7473,2015-08-08 08:00,6.6,2.4,39.92,692.88,0,0.07
7474,2015-08-08 09:00,7.3,1.44,40.77,693.18,0,0.06
7475,2015-08-08 10:00,8.1,0.5,40.65,693.28,0,0.62
7476,2015-08-08 11:00,7.8,0.56,39.57,693.18,0,0.54
7477,2015-08-08 12:00,9.2,0.5,45.18,692.68,0.056,0.92
7478,2015-08-08 13:00,5.3,1.52,68.52,692.58,2.0179,0.97
7479,2015-08-08 14:00,5.5,1.68,77.16,692.58,0.5045,0.94
7480,2015-08-08 15:00,5.7,1.36,73.41,692.68,0.1682,0.96
7481,2015-08-08 16:00,6.8,1.2,58.21,692.48,0,0.91
7482,2015-08-08 17:00,5.8,1.84,61.86,692.48,0,0.95
7483,2015-08-08 18:00,4.5,1.76,66.27,692.28,0,1
7484,2015-08-08 19:00,4.7,0.5,57.34,692.18,0,0.52
7485,2015-08-08 20:00,3.9,1.52,63.31,692.18,0,0.7
7486,2015-08-08 21:00,4,3.2,82.28,691.88,0,0.73
7487,2015-08-08 22:00,4,0.5,83.96,691.78,1.4013,0.74
7488,2015-08-08 23:00,2.9,0.56,96.75,691.38,0.6726,0.17
7489,2015-08-09 00:00,4.6,5.44,99.7,690.98,1.7376,0.98
7490,2015-08-09 01:00,4.4,4.8,99.3,690.78,2.8587,1
7491,2015-08-09 02:00,4.3,0.72,97.59,690.68,1.5134,1
7492,2015-08-09 03:00,3.8,0.5,98.6,690.28,0.2803,1
7493,2015-08-09 04:00,3.6,1.12,92.37,689.88,0.1121,1
7494,2015-08-09 05:00,3.5,0.8,89.39,689.68,0,0.23
7495,2015-08-09 06:00,3.9,0.5,94.59,688.98,0,0.93
7496,2015-08-09 07:00,4.6,0.64,100,688.98,4.7084,0.97
7497,2015-08-09 08:00,4.1,1.44,100,688.88,10.0335,0.97
7498,2015-08-09 09:00,4.1,0.64,99.9,688.68,10.7622,0.97
7499,2015-08-09 10:00,4.2,0.72,98.45,688.48,7.7353,0.97
7500,2015-08-09 11:00,4.3,0.5,95.85,688.88,0.5605,0.97
7501,2015-08-09 12:00,4.4,1.28,96.63,689.08,0.1121,0.97
7502,2015-08-09 13:00,3.9,1.2,91.47,688.28,2.13,0.97
7503,2015-08-09 14:00,3.8,0.5,95.66,688.38,1.2332,0.97
7504,2015-08-09 15:00,3.9,0.5,93.45,688.18,0.3924,0.96
7505,2015-08-09 16:00,2.8,0.5,85.14,687.48,0,0.96
7506,2015-08-09 17:00,2.1,0.5,80.76,687.48,0,0.95
7507,2015-08-09 18:00,2.7,0.96,87.95,687.78,0,1
7508,2015-08-09 19:00,2.5,0.72,88.6,687.68,0,0.87
7509,2015-08-09 20:00,2.8,0.5,94.92,687.28,5.9977,1
7510,2015-08-09 21:00,2.9,0.88,90.9,687.08,7.0066,1
7511,2015-08-09 22:00,1.8,1.28,94.84,686.58,2.8587,1
7512,2015-08-09 23:00,2.4,4.48,100,686.78,3.0829,1
7513,2015-08-10 00:00,2.2,0.64,100,686.38,3.6995,1
7514,2015-08-10 01:00,2.6,0.5,94.86,686.08,4.5964,1
7515,2015-08-10 02:00,2.7,0.88,100,685.88,5.325,1
7516,2015-08-10 03:00,2.6,0.5,96.84,685.58,6.0537,1
7517,2015-08-10 04:00,2.3,0.64,95.49,685.38,2.4103,1
7518,2015-08-10 05:00,2.4,0.5,94.85,685.48,0.8968,1
7519,2015-08-10 06:00,2.5,2.48,91.08,685.48,0.3363,0.97
7520,2015-08-10 07:00,2.5,0.56,85.99,685.48,0.5045,0.97
7521,2015-08-10 08:00,2.2,1.12,96.9,685.18,1.009,0.97
7522,2015-08-10 09:00,3,0.88,94.52,684.48,1.1771,0.97
7523,2015-08-10 10:00,3.5,0.5,100,684.48,0.4484,0.97
7524,2015-08-10 11:00,3.8,0.5,98.93,684.78,0.056,0.97
7525,2015-08-10 12:00,4.2,2,98.93,685.18,0,0.97
7526,2015-08-10 13:00,4.5,0.5,98.59,685.68,0.1121,0.97
7527,2015-08-10 14:00,3.8,1.04,92.42,685.08,0.2242,0.97
7528,2015-08-10 15:00,3.1,0.5,90.89,685.08,0.3363,0.97
7529,2015-08-10 16:00,3.1,0.5,92.66,685.38,0,0.96
7530,2015-08-10 17:00,2.4,6.72,89.9,685.48,0,0.95
7531,2015-08-10 18:00,1.4,6.43,91.71,685.48,0,1
7532,2015-08-10 19:00,0.6,0.5,93.34,685.58,0,0.94
7533,2015-08-10 20:00,1,0.5,90.32,686.18,0,0
7534,2015-08-10 21:00,1.5,0.5,88.57,685.78,0,0.46
7535,2015-08-10 22:00,0.1,0.5,86.7,686.18,0,0.84
7536,2015-08-10 23:00,0.2,0.5,83.65,686.18,0,0
7537,2015-08-11 00:00,0.8,0.5,84.94,685.88,0,0
7538,2015-08-11 01:00,0.1,0.5,85.11,685.78,0,0.2
7539,2015-08-11 02:00,-1.1,0.5,95.29,685.58,0,0
7540,2015-08-11 03:00,-0.9,0.5,93.08,685.78,0,0
7541,2015-08-11 04:00,-1.1,0.5,78.55,685.98,0,0
7542,2015-08-11 05:00,-2.6,4.85,65.12,686.28,0,0.79
7543,2015-08-11 06:00,-1.6,4.43,66.27,686.48,0,0.91
7544,2015-08-11 07:00,-1.3,0.64,61.52,686.68,0,0.86
7545,2015-08-11 08:00,0.5,1.95,57.41,686.98,0,0.91
7546,2015-08-11 09:00,-2.1,2.83,59.63,687.18,0,0.92
7547,2015-08-11 10:00,-0.6,1.63,61.78,687.38,0,0.93
7548,2015-08-11 11:00,1.9,1.6,66.08,687.78,0,0.95
7549,2015-08-11 12:00,2.9,0.72,63.78,688.08,0,0.97
7550,2015-08-11 13:00,3.6,0.5,53.48,688.18,0,0.97
7551,2015-08-11 14:00,4.7,0.5,59.07,688.58,0,0.97
7552,2015-08-11 15:00,2.8,0.5,66.48,688.58,0,0.96
7553,2015-08-11 16:00,0.5,3.04,77.24,688.68,0,0.96
7554,2015-08-11 17:00,0.4,3.52,83.23,688.78,0,0.95
7555,2015-08-11 18:00,0.6,4.08,85.57,689.08,0,0.82
7556,2015-08-11 19:00,1.3,3.28,86.83,689.18,0,0
7557,2015-08-11 20:00,2.4,3.2,88.1,689.88,0,0
7558,2015-08-11 21:00,2.6,2.56,92.45,689.98,0,0.58
7559,2015-08-11 22:00,2.4,1.12,97.58,690.08,0,0.87
7560,2015-08-11 23:00,2.5,0.5,93.05,690.08,0,0.81
7561,2015-08-12 00:00,2.8,2.48,92.12,689.98,0,0.94
7562,2015-08-12 01:00,3.1,1.84,90.92,689.88,0,0.72
7563,2015-08-12 02:00,2.7,2.96,92.97,689.78,0,1
7564,2015-08-12 03:00,2.4,2.32,92.09,689.78,0,0.65
7565,2015-08-12 04:00,2.1,2.08,92.4,689.88,0,0.47
7566,2015-08-12 05:00,2,3.2,88.9,689.88,0,0
7567,2015-08-12 06:00,2.5,2.32,86.43,690.18,0,0.83
7568,2015-08-12 07:00,2.7,1.6,88.14,690.58,0,0.55
7569,2015-08-12 08:00,2.2,2.8,84.35,690.88,0,0.67
7570,2015-08-12 09:00,1.6,1.6,85.42,691.18,0,0.82
7571,2015-08-12 10:00,1.5,1.28,82.77,691.38,0,0.92
7572,2015-08-12 11:00,2.1,1.52,80.02,691.58,0,0.93
7573,2015-08-12 12:00,3.6,2.4,66.4,691.48,0,0.96
7574,2015-08-12 13:00,4.5,2,60.82,691.58,0,0.97
7575,2015-08-12 14:00,5.8,1.92,58.09,691.78,0,0.67
7576,2015-08-12 15:00,6.2,0.5,67.13,691.98,0.056,0.7
7577,2015-08-12 16:00,4.8,2.56,75.66,691.88,0,0
7578,2015-08-12 17:00,5,1.84,75.71,691.68,0,0
7579,2015-08-12 18:00,5.1,2.72,86.23,691.78,0,0.52
7580,2015-08-12 19:00,4.1,3.6,88.95,691.98,0,0.5
7581,2015-08-12 20:00,4.3,2.16,88.35,691.98,0,0.82
7582,2015-08-12 21:00,4.7,1.12,91.31,691.88,0,0.99
7583,2015-08-12 22:00,2.4,1.76,90.13,691.78,0,0.77
7584,2015-08-12 23:00,1.2,2.48,90.38,691.48,0,0
7585,2015-08-13 00:00,2.6,0.96,90.96,691.18,0,0
7586,2015-08-13 01:00,1.6,1.04,86.91,690.68,0,0.5
7587,2015-08-13 02:00,2.4,0.5,87.49,690.38,0,0.52
7588,2015-08-13 03:00,3.2,0.88,88.03,690.18,0,0
7589,2015-08-13 04:00,2.7,0.5,88.87,689.88,0,0.55
7590,2015-08-13 05:00,3,0.5,89.02,689.68,0,0
7591,2015-08-13 06:00,4.3,0.5,85.03,689.68,0,0.06
7592,2015-08-13 07:00,5.5,0.56,86.11,689.68,0,0.24
7593,2015-08-13 08:00,5.7,0.5,82.07,689.48,0,0.62
7594,2015-08-13 09:00,5.6,0.5,78.08,689.38,0,0.58
7595,2015-08-13 10:00,5.6,0.72,69.92,689.18,0,0.62
7596,2015-08-13 11:00,4.9,1.92,69.54,689.08,0,0.97
7597,2015-08-13 12:00,5,0.72,83.83,688.88,0,0.97
7598,2015-08-13 13:00,4.8,1.28,95.84,688.78,0,0.97
7599,2015-08-13 14:00,4.2,1.36,97.33,688.28,0,0.97
7600,2015-08-13 15:00,3.5,0.72,95.92,688.18,0,0.96
7601,2015-08-13 16:00,3.3,1.04,84.28,687.78,0,0.96
7602,2015-08-13 17:00,3.8,0.5,77.98,687.38,0,0
7603,2015-08-13 18:00,2.1,0.5,85.82,687.28,0,1
7604,2015-08-13 19:00,1.8,2.4,87.16,687.08,0,0.29
7605,2015-08-13 20:00,0.8,1.44,88.02,687.08,0.056,0.91
7606,2015-08-13 21:00,1.2,0.5,74.55,686.68,0,1
7607,2015-08-13 22:00,1.8,1.68,94.07,686.08,0.3363,0.96
7608,2015-08-13 23:00,2.2,0.96,94.21,685.28,0.6726,0.99
7609,2015-08-14 00:00,2.4,0.5,99.35,685.18,0.056,1
7610,2015-08-14 01:00,2.5,0.5,93.92,684.88,2.074,1
7611,2015-08-14 02:00,2.3,0.88,100,684.48,7.1748,1
7612,2015-08-14 03:00,1.6,5.44,96.7,683.98,5.2129,1
7613,2015-08-14 04:00,1.9,1.04,97.03,683.78,0.3363,1
7614,2015-08-14 05:00,2.2,0.5,95.06,683.68,0.056,1
7615,2015-08-14 06:00,2.8,0.5,97.89,683.28,0.8968,0.9
7616,2015-08-14 07:00,1.6,2.4,97.33,683.28,9.1366,0.97
7617,2015-08-14 08:00,1.9,3.92,92.1,683.38,0.056,0.97
7618,2015-08-14 09:00,2.7,4.16,92.75,683.18,0,0.91
7619,2015-08-14 10:00,2.5,4.16,84.07,682.88,0.5605,0.98
7620,2015-08-14 11:00,2.6,5.44,90.22,682.88,3.139,0.97
7621,2015-08-14 12:00,2.3,4.16,85.79,682.68,2.2982,0.97
7622,2015-08-14 13:00,2.3,4.88,85.5,682.48,0.6166,0.97
7623,2015-08-14 14:00,2.5,15.2,84.14,682.08,0.1682,0.97
7624,2015-08-14 15:00,1.2,9.36,83.41,681.88,0.1121,0.97
7625,2015-08-14 16:00,0.5,5.44,89.01,681.78,0.1682,0.96
7626,2015-08-14 17:00,1.2,1.04,93.87,681.48,3.8677,0.95
7627,2015-08-14 18:00,0.3,0.5,93.52,681.18,4.3721,1
7628,2015-08-14 19:00,0.3,2.08,93.52,681.08,6.334,1
7629,2015-08-14 20:00,0.4,0.64,93.52,681.48,1.5134,1
7630,2015-08-14 21:00,0.2,0.64,91.94,681.18,0,1
7631,2015-08-14 22:00,-1,1.28,90.09,681.08,0,1
7632,2015-08-14 23:00,-1,2.08,88.61,680.88,0,1
7633,2015-08-15 00:00,-1.3,2.08,91.6,680.68,0,1
7634,2015-08-15 01:00,-1.9,2.08,92.54,680.08,0,1
7635,2015-08-15 02:00,-2.8,2.08,92.55,679.78,0,1
7636,2015-08-15 03:00,-2.6,2.08,92.54,679.48,0,1
7637,2015-08-15 04:00,-3,0.5,87.48,679.18,0,1
7638,2015-08-15 05:00,-2.1,0.5,90.39,679.38,0,0.12
7639,2015-08-15 06:00,-0.6,0.5,89.36,679.28,0,0.81
7640,2015-08-15 07:00,-0.4,0.5,92.37,679.28,0,0.69
7641,2015-08-15 08:00,1.7,0.5,100,679.38,0,0.26
7642,2015-08-15 09:00,1.4,0.5,84.49,679.48,0,0.97
7643,2015-08-15 10:00,1.3,0.5,87.12,679.48,0,0.59
7644,2015-08-15 11:00,3.6,1.6,86.11,679.38,1.2892,0.97
7645,2015-08-15 12:00,4.1,0.59,85.57,679.48,3.195,0.97
7646,2015-08-15 13:00,2,0.64,89.34,679.48,4.4282,0.97
7647,2015-08-15 14:00,3.5,1.55,88.48,679.28,2.4663,0.97
7648,2015-08-15 15:00,2.4,3.31,87.92,679.18,2.2421,0.97
7649,2015-08-15 16:00,0.7,0.64,91.04,678.68,2.8587,0.96
7650,2015-08-15 17:00,0.4,0.64,97.15,678.48,2.7466,0.95
7651,2015-08-15 18:00,0.1,1.04,98.92,678.48,2.0179,1
7652,2015-08-15 19:00,-0.7,2.08,100,678.08,2.6345,1
7653,2015-08-15 20:00,-1,0.8,100,678.58,3.9237,1
7654,2015-08-15 21:00,-1.2,0.5,98.9,677.98,2.5224,1
7655,2015-08-15 22:00,-1.2,0.64,98.54,677.98,2.1861,1
7656,2015-08-15 23:00,-1,1.28,98.9,676.98,2.8026,1
7657,2015-08-16 00:00,-1.7,0.5,98.54,677.18,2.074,1
7658,2015-08-16 01:00,-1.6,0.59,98.17,677.28,1.5134,1
7659,2015-08-16 02:00,-1.4,0.5,98.17,677.18,0.6726,1
7660,2015-08-16 03:00,-1.6,0.5,98.17,676.68,1.1771,1
7661,2015-08-16 04:00,-1.8,0.64,97.45,676.48,1.1211,1
7662,2015-08-16 05:00,-1.9,2.08,97.45,676.98,0.7847,0.88
7663,2015-08-16 06:00,-1.7,2.08,97.45,677.18,0.8968,0.98
7664,2015-08-16 07:00,-0.9,0.64,97.46,677.38,0.4484,0.94
7665,2015-08-16 08:00,-0.1,0.64,97.12,677.18,0.056,0.67
7666,2015-08-16 09:00,1.3,0.64,97.84,677.68,0.056,0.71
7667,2015-08-16 10:00,1.2,0.64,97.85,677.78,0,0.67
7668,2015-08-16 11:00,2.5,0.5,97.85,678.08,0,0.7
7669,2015-08-16 12:00,4,0.64,97.85,678.48,0.056,0.87
7670,2015-08-16 13:00,4.3,1.68,97.85,678.68,0,0.82
7671,2015-08-16 14:00,4.6,2.03,97.85,678.78,1.3453,0.85
7672,2015-08-16 15:00,4.1,0.5,97.86,678.88,0,0.65
7673,2015-08-16 16:00,1.1,0.5,97.5,678.88,0,0.96
7674,2015-08-16 17:00,0.7,1.12,97.5,678.98,0,0
7675,2015-08-16 18:00,0.2,1.92,97.49,679.08,0.056,0.73
7676,2015-08-16 19:00,-2.1,1.76,97.49,679.28,0,1
7677,2015-08-16 20:00,-2.4,1.36,97.48,679.68,0,1
7678,2015-08-16 21:00,-3.2,1.36,97.13,679.78,0,1
7679,2015-08-16 22:00,-3,0.5,97.13,679.78,0,1
7680,2015-08-16 23:00,-3,0.5,97.13,679.78,0,1
7681,2015-08-17 00:00,-2.7,2.08,97.13,679.48,0,1
7682,2015-08-17 01:00,-3.2,2.08,96.43,679.38,0,1
7683,2015-08-17 02:00,-3.4,0.64,96.43,679.28,0,1
7684,2015-08-17 03:00,-4.2,0.5,96.09,679.18,0,1
7685,2015-08-17 04:00,-4.1,0.5,96.44,679.08,0,1
7686,2015-08-17 05:00,-3.3,1.04,96.09,678.98,0,0.14
7687,2015-08-17 06:00,-1.6,0.5,94.98,678.88,0,0.55
7688,2015-08-17 07:00,1,0.5,94.72,678.88,0,0.7
7689,2015-08-17 08:00,1.8,0.5,95.08,678.98,0,0.34
7690,2015-08-17 09:00,1.3,0.5,94.83,679.18,0,0.38
7691,2015-08-17 10:00,1.2,1.04,95.4,679.28,0,0
7692,2015-08-17 11:00,1.9,0.5,88.36,679.48,0.056,0
7693,2015-08-17 12:00,2.1,2,88.89,679.48,0,0
7694,2015-08-17 13:00,3.1,0.5,87.22,679.68,0.056,0.92
7695,2015-08-17 14:00,3.2,1.12,87.44,679.58,0,0
7696,2015-08-17 15:00,2.6,1.28,83.58,679.48,0,0.88
7697,2015-08-17 16:00,0.6,1.68,89.75,679.38,0.4484,0.9
7698,2015-08-17 17:00,0,0.88,87.39,679.18,0.4484,0
7699,2015-08-17 18:00,0.1,1.04,89.03,679.08,0.056,0.44
7700,2015-08-17 19:00,-1.7,0.5,91.98,679.48,0,0.7
7701,2015-08-17 20:00,-1.8,0.72,92.88,679.38,0.056,0.84
7702,2015-08-17 21:00,-2.6,0.64,94.48,679.48,0,0.86
7703,2015-08-17 22:00,-2.6,0.5,94.14,679.38,0.1121,0.98
7704,2015-08-17 23:00,-3.7,1.04,98.92,679.18,0.2803,0.8
7705,2015-08-18 00:00,-4,1.36,97.85,679.08,0,0.97
7706,2015-08-18 01:00,-4.6,1.52,94.11,678.98,0,1
7707,2015-08-18 02:00,-4.5,1.6,92.18,678.68,0,0.95
7708,2015-08-18 03:00,-5.3,1.2,91.54,678.68,0.1682,0.8
7709,2015-08-18 04:00,-5,1.44,93.43,678.48,0.056,0.15
7710,2015-08-18 05:00,-5.7,1.76,94.38,678.48,0,0.8
7711,2015-08-18 06:00,-4.2,0.5,90.89,678.48,0,0.98
7712,2015-08-18 07:00,-2.9,2,94.33,678.68,0.1121,0.7
7713,2015-08-18 08:00,-0.9,0.56,95.44,678.88,0.7847,0.8
7714,2015-08-18 09:00,-1.7,1.28,94.22,679.38,0.056,0
7715,2015-08-18 10:00,0,0.88,88.61,679.38,0.056,0
7716,2015-08-18 11:00,1.4,0.5,87.13,679.78,0.3363,0.5
7717,2015-08-18 12:00,3.7,0.5,88.33,680.18,1.4013,0.07
7718,2015-08-18 13:00,3.5,0.88,82.46,680.28,0.1682,0.51
7719,2015-08-18 14:00,2.9,0.5,87.41,680.38,0.8968,0.5
7720,2015-08-18 15:00,1.7,0.56,89.61,680.58,0.4484,0.4
7721,2015-08-18 16:00,1.3,0.5,97.52,680.58,0.1682,0.93
7722,2015-08-18 17:00,1.8,0.5,89.89,680.48,0.5045,0.95
7723,2015-08-18 18:00,0.5,1.04,95.49,680.38,0.056,1
7724,2015-08-18 19:00,-0.4,6.72,90.43,680.38,0.8408,1
7725,2015-08-18 20:00,-1.1,4.16,100,680.48,2.1861,1
7726,2015-08-18 21:00,-1.3,6.72,100,680.38,4.4842,1
7727,2015-08-18 22:00,-1.6,9.36,100,680.38,2.9708,1
7728,2015-08-18 23:00,-1.9,6.72,100,680.28,1.2892,1
7729,2015-08-19 00:00,-2.1,6.72,100,679.98,1.1211,1
7730,2015-08-19 01:00,-2.7,4.16,100,679.78,0.4484,1
7731,2015-08-19 02:00,-2.8,6.72,99.63,679.58,0.2803,1
7732,2015-08-19 03:00,-3.1,0.5,98.89,679.38,0.056,1
7733,2015-08-19 04:00,-3.1,1.44,98.53,679.18,0.1682,1
7734,2015-08-19 05:00,-3.3,1.6,98.16,679.08,0.2242,0.92
7735,2015-08-19 06:00,-3,1.76,98.16,679.18,0.056,0.98
7736,2015-08-19 07:00,-2.6,0.56,97.44,679.48,0,0.98
7737,2015-08-19 08:00,-2.5,2.8,97.15,679.78,0.056,0.98
7738,2015-08-19 09:00,-2.2,3.04,96.75,680.08,0.1121,0.98
7739,2015-08-19 10:00,-1.4,2.8,97.46,680.68,0,0.98
7740,2015-08-19 11:00,-0.4,0.5,97.46,681.08,0,0.97
7741,2015-08-19 12:00,0.9,1.28,97.46,681.48,0,0.87
7742,2015-08-19 13:00,1.1,0.5,97.47,681.78,0,0.78
7743,2015-08-19 14:00,-0.2,0.8,97.48,681.98,0,0.73
7744,2015-08-19 15:00,-1.1,0.64,97.48,682.18,0,0.77
7745,2015-08-19 16:00,1.8,0.5,97.48,682.48,0,0
7746,2015-08-19 17:00,0.8,0.56,97.48,682.58,0,0
7747,2015-08-19 18:00,-0.7,3.04,97.48,682.78,0,0
7748,2015-08-19 19:00,-2.2,6.72,97.47,683.08,0,1
7749,2015-08-19 20:00,-2.8,6.72,97.47,683.48,0,1
7750,2015-08-19 21:00,-3.3,6.72,97.11,683.58,0,1
7751,2015-08-19 22:00,-3.9,4.16,97.11,683.88,0,1
7752,2015-08-19 23:00,-4.1,4.16,96.41,683.78,0,1
7753,2015-08-20 00:00,-4.1,0.5,96.4,683.78,0,1
7754,2015-08-20 01:00,-4.3,0.5,96.06,683.78,0,1
7755,2015-08-20 02:00,-4.3,0.5,94.35,683.88,0,1
7756,2015-08-20 03:00,-4.1,1.12,93.68,683.78,0,1
7757,2015-08-20 04:00,-3.6,1.92,93.03,683.98,0,1
7758,2015-08-20 05:00,-3.1,5.12,92.06,684.18,0,1
7759,2015-08-20 06:00,-2.3,6.48,81.51,684.58,0,0.89
7760,2015-08-20 07:00,-1.8,8.48,70.52,684.68,0,0.09
7761,2015-08-20 08:00,-0.9,8.32,73.71,684.98,0,0.07
7762,2015-08-20 09:00,0.4,6.16,65.64,685.28,0,0.02
7763,2015-08-20 10:00,1.1,6.4,65.74,685.68,0,0.01
7764,2015-08-20 11:00,2.3,4.48,81.06,685.78,0,0
7765,2015-08-20 12:00,2.4,4.64,76.83,685.98,0,0
7766,2015-08-20 13:00,1.4,4.72,84.56,685.98,0,0
7767,2015-08-20 14:00,2.8,1.92,87.19,686.08,0,0
7768,2015-08-20 15:00,3.4,2.64,92.16,686.28,0,0
7769,2015-08-20 16:00,2.1,2.64,96.46,686.38,0,0.56
7770,2015-08-20 17:00,1.4,3.2,92.36,686.58,0,0.44
7771,2015-08-20 18:00,-0.1,4.88,94.45,686.58,0,0
7772,2015-08-20 19:00,-0.3,1.2,94.11,686.88,0,1
7773,2015-08-20 20:00,-0.7,6.24,93.46,687.08,0,0.63
7774,2015-08-20 21:00,-0.7,3.92,93.46,687.08,0,0.45
7775,2015-08-20 22:00,-0.7,4.08,97.48,687.18,0.056,0.45
7776,2015-08-20 23:00,-1.2,5.52,96.09,686.98,0.056,0.95
7777,2015-08-21 00:00,-1.5,2.24,94.08,686.58,0,1
7778,2015-08-21 01:00,-1.6,4.16,87.4,686.38,0,1
7779,2015-08-21 02:00,-1.6,4.16,91.85,686.18,0,1
7780,2015-08-21 03:00,-1.5,2.08,95.09,685.98,0,1
7781,2015-08-21 04:00,-1.5,4.16,92.5,685.68,0,1
7782,2015-08-21 05:00,-1.7,4.16,88.62,686.08,0,1
7783,2015-08-21 06:00,-2.4,4.16,89.24,686.08,0,0.74
7784,2015-08-21 07:00,-1.4,2.8,91.7,686.28,0,0.79
7785,2015-08-21 08:00,-0.8,4.16,93.47,686.68,0,0.75
7786,2015-08-21 09:00,0.3,2.08,92.2,686.98,0,0.78
7787,2015-08-21 10:00,-0.4,3.84,87.86,686.98,0,0.73
7788,2015-08-21 11:00,-0.5,4.32,87.21,687.08,0,0.58
7789,2015-08-21 12:00,-0.4,6.16,84.34,687.08,0,0
7790,2015-08-21 13:00,0,6.72,85.7,687.08,0,0
7791,2015-08-21 14:00,0,7.6,85.73,686.98,0,0
7792,2015-08-21 15:00,0.4,6.08,91.5,686.98,0,0
7793,2015-08-21 16:00,0.3,4.64,88.62,687.08,0,0.33
7794,2015-08-21 17:00,0,4.96,84.36,687.08,0,0.29
7795,2015-08-21 18:00,0,7.52,83.19,687.18,0,0.88
7796,2015-08-21 19:00,-0.7,6.32,85.42,687.38,0,0.73
7797,2015-08-21 20:00,-0.6,7.12,89.85,687.38,0,0
7798,2015-08-21 21:00,0.2,6.72,92.58,687.28,0,0
7799,2015-08-21 22:00,0.1,6.72,92.57,687.08,0,0.53
7800,2015-08-21 23:00,1.1,7.52,93.52,686.88,0,0.73
7801,2015-08-22 00:00,0.9,6.4,94.48,686.48,0,0.85
7802,2015-08-22 01:00,1.4,6,93.16,686.48,0,1
7803,2015-08-22 02:00,0.8,5.76,76.55,686.18,0,1
7804,2015-08-22 03:00,0.8,3.84,60.93,686.08,0,0.87
7805,2015-08-22 04:00,0.8,3.52,53.08,685.78,0,0
7806,2015-08-22 05:00,0.9,2.16,40.67,685.78,0,0.99
7807,2015-08-22 06:00,1.3,3.04,41.16,685.68,0,0.98
7808,2015-08-22 07:00,3,1.6,42.16,685.68,0,0.14
7809,2015-08-22 08:00,4.3,0.72,40.86,685.68,0,0.09
7810,2015-08-22 09:00,3.6,1.36,48.87,685.68,0,0.04
7811,2015-08-22 10:00,7,0.5,60.07,685.48,0,0
7812,2015-08-22 11:00,8.5,0.5,73.9,685.48,0,0
7813,2015-08-22 12:00,8.2,0.96,67.52,685.48,0,0
7814,2015-08-22 13:00,7.5,1.12,67.08,685.18,0,0
7815,2015-08-22 14:00,5.4,0.5,75.95,684.98,0,0.37
7816,2015-08-22 15:00,6.9,0.64,78.91,684.98,0.056,0
7817,2015-08-22 16:00,5.8,0.5,84.77,684.78,0,0
7818,2015-08-22 17:00,4.4,0.5,88.49,684.48,0,0.74
7819,2015-08-22 18:00,0.9,0.5,91.34,684.48,0.1682,1
7820,2015-08-22 19:00,1,0.5,97.4,684.38,1.6816,0.64
7821,2015-08-22 20:00,1.7,0.5,94.85,684.28,1.7937,0.92
7822,2015-08-22 21:00,-0.9,1.04,94.52,683.98,0.2242,1
7823,2015-08-22 22:00,-1.9,2.08,93.87,683.68,0,1
7824,2015-08-22 23:00,-1.9,2.56,95.82,683.28,0,1
7825,2015-08-23 00:00,-1.8,2.24,96.15,682.98,0,1
7826,2015-08-23 01:00,-0.9,5.44,100,682.58,0,1
7827,2015-08-23 02:00,0.3,3.04,100,682.38,0.2242,1
7828,2015-08-23 03:00,0.4,1.84,100,682.18,0.6726,1
7829,2015-08-23 04:00,0.4,0.5,100,681.78,2.4103,1
7830,2015-08-23 05:00,-0.3,3.23,98.77,681.68,0.6166,0.9
7831,2015-08-23 06:00,-1,0.8,91.18,681.38,0.5045,0.98
7832,2015-08-23 07:00,-0.1,1.04,87.42,681.18,0.2242,0.68
7833,2015-08-23 08:00,0.9,2.08,92.56,681.18,0.2803,0.9
7834,2015-08-23 09:00,1.5,2.4,97.76,681.08,0.5045,0.76
7835,2015-08-23 10:00,1.7,1.2,97.32,681.28,0.3924,0.94
7836,2015-08-23 11:00,1.9,2.72,94.49,681.28,1.5134,0.91
7837,2015-08-23 12:00,2.7,1.76,93.86,681.18,0.3363,0.75
7838,2015-08-23 13:00,2.7,2.48,96.22,681.08,0.1682,0.95
7839,2015-08-23 14:00,2,3.36,96.02,680.98,0.3363,0.97
7840,2015-08-23 15:00,1.6,4.16,95.14,680.58,0.5045,0.93
7841,2015-08-23 16:00,1.3,2.8,97.82,680.58,1.2332,0.96
7842,2015-08-23 17:00,1,2.8,97.52,680.18,2.6906,0.94
7843,2015-08-23 18:00,0.4,6.72,96.82,679.88,2.2421,1
7844,2015-08-23 19:00,0.2,6.72,97.85,680.18,1.7937,1
7845,2015-08-23 20:00,0.3,4.16,98.56,680.18,1.009,1
7846,2015-08-23 21:00,0.2,6.72,98.56,680.28,1.6255,1
7847,2015-08-23 22:00,0.2,7.52,98.56,680.08,1.1771,1
7848,2015-08-23 23:00,0.3,6.72,97.85,680.08,1.065,1
7849,2015-08-24 00:00,0.2,7.52,96.47,679.58,1.009,1
7850,2015-08-24 01:00,0.4,6.72,95.13,679.58,0.056,1
7851,2015-08-24 02:00,1.3,6.72,97.51,679.48,0.4484,1
7852,2015-08-24 03:00,1.2,5.44,96.82,679.68,0.5605,1
7853,2015-08-24 04:00,1.2,5.44,97.51,679.68,0.5045,1
7854,2015-08-24 05:00,1.2,9.36,95.47,679.78,2.2421,0.82
7855,2015-08-24 06:00,1.4,7.84,95.48,679.88,1.9619,0.94
7856,2015-08-24 07:00,1.5,9.36,96.14,680.18,0.6726,0.96
7857,2015-08-24 08:00,1.6,9.36,91.33,680.48,0.5045,0.97
7858,2015-08-24 09:00,2.2,6.72,95.83,680.68,0.5045,0.97
7859,2015-08-24 10:00,3,9.36,96.22,680.68,1.2892,0.97
7860,2015-08-24 11:00,2.6,9.36,96.21,680.68,1.2332,0.97
7861,2015-08-24 12:00,2.5,5.44,96.39,680.88,2.7466,0.97
7862,2015-08-24 13:00,2.5,4.16,96.1,680.78,1.6255,0.97
7863,2015-08-24 14:00,2.5,7.52,96.5,681.18,1.065,0.97
7864,2015-08-24 15:00,2.2,6.72,53.55,681.08,0.8968,0.97
7865,2015-08-24 16:00,1.7,6.72,95.84,681.08,0.2803,0.96
7866,2015-08-24 17:00,1,9.36,96.14,680.98,0.6726,0.94
7867,2015-08-24 18:00,1,6.72,96.49,681.28,0.8968,1
7868,2015-08-24 19:00,0.7,9.36,96.49,681.38,1.7376,1
7869,2015-08-24 20:00,0.7,7.84,95.82,681.38,0.5605,1
7870,2015-08-24 21:00,0.7,4.16,95.82,681.58,0.3363,1
7871,2015-08-24 22:00,0.3,2.8,96.14,681.48,1.1211,1
7872,2015-08-24 23:00,-0.3,4.16,96.14,681.28,0.1121,1
7873,2015-08-25 00:00,-2.4,4.16,96.12,681.08,0.1682,1
7874,2015-08-25 01:00,-4.8,2.08,94.42,680.68,0,1
7875,2015-08-25 02:00,-4.2,0.64,87.91,680.98,0.056,1
7876,2015-08-25 03:00,-3.8,0.64,86.46,680.88,0.056,1
7877,2015-08-25 04:00,-4.2,1.6,81.04,681.08,0,1
7878,2015-08-25 05:00,-4.2,1.6,78.32,681.38,0,1
7879,2015-08-25 06:00,-3,1.79,41.43,681.98,0,0.99
7880,2015-08-25 07:00,-2.2,0.59,37.76,682.38,0.056,0.98
7881,2015-08-25 08:00,-1.2,0.64,35.8,682.88,0,0.98
7882,2015-08-25 09:00,-0.5,0.5,29.79,683.28,0,0.98
7883,2015-08-25 10:00,0.2,0.5,37.51,683.68,0,0.98
7884,2015-08-25 11:00,0.6,0.5,65.43,684.08,0,0.98
7885,2015-08-25 12:00,0.7,0.5,87.8,684.28,0,0.97
7886,2015-08-25 13:00,1.2,1.09,92.25,684.58,0,0.97
7887,2015-08-25 14:00,1.5,1.76,79.35,684.88,0,0.97
7888,2015-08-25 15:00,0.9,2.08,74.99,684.98,0,0.97
7889,2015-08-25 16:00,0.6,2.51,66.14,685.18,0,0.96
7890,2015-08-25 17:00,0.9,2.4,58.86,685.38,0,0.89
7891,2015-08-25 18:00,0.9,2,45.25,685.58,0,0
7892,2015-08-25 19:00,0.4,2.32,42.8,686.48,0,0
7893,2015-08-25 20:00,0.7,2.64,45.8,686.98,0,0
7894,2015-08-25 21:00,1,1.28,46.02,687.38,0,0
7895,2015-08-25 22:00,1.4,2.24,50.67,687.48,0,0
7896,2015-08-25 23:00,0.8,1.2,57.17,687.58,0,0
7897,2015-08-26 00:00,1.1,2.88,50.2,687.68,0,0
7898,2015-08-26 01:00,1.5,0.8,26.39,687.78,0,0
7899,2015-08-26 02:00,1.8,2,21.96,687.78,0,0
7900,2015-08-26 03:00,1.9,1.44,25.76,687.78,0,0
7901,2015-08-26 04:00,1.8,1.84,29.07,687.78,0,0
7902,2015-08-26 05:00,2.1,1.6,17.49,687.88,0,0.94
7903,2015-08-26 06:00,4.1,1.76,12.34,687.88,0,0.99
7904,2015-08-26 07:00,5.6,1.6,12.08,688.18,0,0.98
7905,2015-08-26 08:00,6.6,1.84,15.08,688.58,0,0.98
7906,2015-08-26 09:00,7.3,1.52,17.63,688.78,0,0.68
7907,2015-08-26 10:00,7.2,1.36,21.83,688.78,0,0.47
7908,2015-08-26 11:00,6.5,3.92,26.57,688.78,0,0.44
7909,2015-08-26 12:00,6,3.52,43.48,688.58,0,0.44
7910,2015-08-26 13:00,5.5,4.8,54.16,688.58,0,0.54
7911,2015-08-26 14:00,5.5,4.32,71.01,688.58,0,0.47
7912,2015-08-26 15:00,5.6,3.6,62.72,688.58,0,0.09
7913,2015-08-26 16:00,5.2,2.08,67.37,688.18,0,0
7914,2015-08-26 17:00,5,1.76,66.31,688.28,0,0.37
7915,2015-08-26 18:00,4.3,0.5,67.48,688.08,0,0.92
7916,2015-08-26 19:00,2.8,1.52,62.76,688.48,0,0
7917,2015-08-26 20:00,2.9,1.92,46.64,688.68,0,0
7918,2015-08-26 21:00,3.1,3.92,44.13,688.88,0,0
7919,2015-08-26 22:00,3.3,3.28,35.82,688.88,0,0
7920,2015-08-26 23:00,2.7,2.96,29.44,688.58,0,0
7921,2015-08-27 00:00,3.4,1.76,27.55,688.68,0,0
7922,2015-08-27 01:00,2.6,1.68,23.5,688.28,0,0
7923,2015-08-27 02:00,2.4,1.76,18.47,688.08,0,0
7924,2015-08-27 03:00,2.7,2.16,16.75,687.88,0,0
7925,2015-08-27 04:00,2.6,3.44,17.29,687.58,0,0
7926,2015-08-27 05:00,2.7,3.2,21.32,687.68,0,0.6
7927,2015-08-27 06:00,3.5,3.92,27.01,687.88,0,0.98
7928,2015-08-27 07:00,4.4,5.12,26.99,688.18,0,0.22
7929,2015-08-27 08:00,4.6,6.32,23.99,688.18,0,0.31
7930,2015-08-27 09:00,5.3,5.68,25.09,688.48,0,0.04
7931,2015-08-27 10:00,5.5,4.72,34.65,688.68,0,0.02
7932,2015-08-27 11:00,5.7,4.08,41.68,688.88,0,0
7933,2015-08-27 12:00,5.7,4.08,64.08,688.78,0,0.1
7934,2015-08-27 13:00,5.6,3.76,62.39,688.78,0,0.45
7935,2015-08-27 14:00,6.3,2.56,51.72,688.78,0,0.01
7936,2015-08-27 15:00,6.8,3.44,50.29,688.78,0,0.48
7937,2015-08-27 16:00,6.3,2.32,58.17,688.88,0,0.61
7938,2015-08-27 17:00,6.4,1.12,63.82,688.98,0.056,0.34
7939,2015-08-27 18:00,6.2,0.88,80.35,689.08,0,0
7940,2015-08-27 19:00,5.5,1.52,76.83,689.28,0,0
7941,2015-08-27 20:00,5.3,2.24,69.93,689.48,0,0
7942,2015-08-27 21:00,5.8,1.84,64.37,689.68,0,0
7943,2015-08-27 22:00,4.8,1.44,61.92,689.78,0,0
7944,2015-08-27 23:00,5.1,0.88,59.33,689.88,0,0
7945,2015-08-28 00:00,5,1.44,57.22,689.68,0,0
7946,2015-08-28 01:00,4.8,2.4,59.75,689.58,0,0
7947,2015-08-28 02:00,4.7,0.5,56.8,689.68,0,0
7948,2015-08-28 03:00,4.6,0.88,64.26,689.78,0,0
7949,2015-08-28 04:00,3.9,0.72,60.67,689.78,0,0
7950,2015-08-28 05:00,4.7,0.5,57.24,690.18,0,0.81
7951,2015-08-28 06:00,5.7,0.5,56.42,690.58,0,0.88
7952,2015-08-28 07:00,7,1.12,55.95,690.88,0,0.17
7953,2015-08-28 08:00,7.9,1.28,56.99,691.28,0,0.3
7954,2015-08-28 09:00,8.3,0.96,58.27,691.78,0,0.35
7955,2015-08-28 10:00,8.6,0.5,56.41,692.18,0,0.42
7956,2015-08-28 11:00,9.6,0.8,53.01,692.58,0,0
7957,2015-08-28 12:00,9.8,0.5,61.91,692.68,0,0.07
7958,2015-08-28 13:00,9.8,0.5,67.55,693.08,0,0.24
7959,2015-08-28 14:00,9.8,1.12,66.61,693.18,0,0
7960,2015-08-28 15:00,9.7,0.96,67.78,693.28,0,0
7961,2015-08-28 16:00,9.4,1.12,71.53,693.38,0,0.02
7962,2015-08-28 17:00,8.2,0.8,73.04,693.48,0,0.68
7963,2015-08-28 18:00,7.1,0.5,82.15,693.58,0,0
7964,2015-08-28 19:00,5.7,0.5,89.41,693.88,0,0
7965,2015-08-28 20:00,5.9,0.5,92.77,694.18,0,0
7966,2015-08-28 21:00,5.4,0.56,92.47,694.38,0,0
7967,2015-08-28 22:00,5.5,0.5,92.91,694.48,0,0
7968,2015-08-28 23:00,5.4,0.5,86.64,694.48,0,0
7969,2015-08-29 00:00,5.7,0.5,85.81,694.48,0,0
7970,2015-08-29 01:00,6.4,1.04,86.2,694.38,0,0
7971,2015-08-29 02:00,6.3,0.5,81.81,694.38,0.056,0
7972,2015-08-29 03:00,6.2,0.5,76.63,694.28,0,0
7973,2015-08-29 04:00,6.3,0.8,72.97,694.28,0,0
7974,2015-08-29 05:00,6.5,2.4,63.88,694.38,0,0
7975,2015-08-29 06:00,8.5,0.56,59.93,694.48,0,0.97
7976,2015-08-29 07:00,9.7,0.64,61.41,694.68,0,0.12
7977,2015-08-29 08:00,10,0.64,53.31,694.98,0,0.09
7978,2015-08-29 09:00,10.3,0.5,50.39,695.18,0,0.05
7979,2015-08-29 10:00,10.7,1.12,67.29,695.38,0,0
7980,2015-08-29 11:00,11.2,0.88,65.11,695.38,0,0
7981,2015-08-29 12:00,10.7,1.04,80.53,695.28,0,0
7982,2015-08-29 13:00,10,0.96,79.34,695.18,0,0
7983,2015-08-29 14:00,9.4,1.12,82.29,694.98,0,0
7984,2015-08-29 15:00,9.3,1.04,82.96,694.88,0,0
7985,2015-08-29 16:00,9.1,3.12,88.08,694.88,0,0
7986,2015-08-29 17:00,8.6,3.04,87.22,694.68,0,0.73
7987,2015-08-29 18:00,8,4.96,88.02,694.68,0,0
7988,2015-08-29 19:00,7.6,5.12,75.68,694.88,0,0
7989,2015-08-29 20:00,6.9,0.5,66.56,694.88,0,0
7990,2015-08-29 21:00,6.7,1.76,82.43,694.88,0,0.33
7991,2015-08-29 22:00,6.3,1.36,42.91,694.98,0,0.66
7992,2015-08-29 23:00,5.7,0.64,22.44,694.68,0,0.34
7993,2015-08-30 00:00,5.6,1.2,18.51,694.28,0,0
7994,2015-08-30 01:00,5,2.88,16.63,693.98,0,0
7995,2015-08-30 02:00,5.4,2.56,14.74,693.68,0.056,0
7996,2015-08-30 03:00,4.8,2.96,14.45,693.58,0,0
7997,2015-08-30 04:00,5.5,0.8,14.29,693.38,0,0
7998,2015-08-30 05:00,5.4,0.8,11.51,693.38,0,0
7999,2015-08-30 06:00,8.1,2.24,9.95,693.38,0,0.99
8000,2015-08-30 07:00,10,0.72,11.29,693.28,0,0.1
8001,2015-08-30 08:00,11.5,0.5,13.31,693.38,0,0.04
8002,2015-08-30 09:00,11,0.5,14.34,693.38,0,0
8003,2015-08-30 10:00,10.9,0.5,24.67,693.48,0,0
8004,2015-08-30 11:00,11.3,0.96,36.49,693.38,0,0
8005,2015-08-30 12:00,11.3,2.32,48.86,693.28,0,0
8006,2015-08-30 13:00,10.1,2,56.22,693.18,0,0
8007,2015-08-30 14:00,9.3,0.5,56.16,692.88,0,0
8008,2015-08-30 15:00,9.3,0.5,66,692.78,0,0
8009,2015-08-30 16:00,9.1,0.5,69.86,692.68,0,0
8010,2015-08-30 17:00,9.2,1.84,74.42,692.68,0,0.78
8011,2015-08-30 18:00,8.2,3.12,82.19,692.48,0,0
8012,2015-08-30 19:00,6.9,0.96,88.42,692.48,0,0
8013,2015-08-30 20:00,7.2,0.5,92.35,692.48,0,0
8014,2015-08-30 21:00,7.1,0.5,91.56,692.18,0,0
8015,2015-08-30 22:00,7.1,1.84,88.45,691.88,0,0
8016,2015-08-30 23:00,6.1,0.5,89.52,691.58,0,0
8017,2015-08-31 00:00,5.5,2,98.85,690.98,0,0
8018,2015-08-31 01:00,5,4.64,83.54,690.78,0,0
8019,2015-08-31 02:00,5.9,7.92,75.14,690.38,0,0
8020,2015-08-31 03:00,5.6,6,29.77,690.18,0,0
8021,2015-08-31 04:00,5.8,4.64,34.49,689.78,0,0
8022,2015-08-31 05:00,6.4,4.8,36.33,689.58,0,0
8023,2015-08-31 06:00,7.4,4.72,52.02,689.48,0,0.98
8024,2015-08-31 07:00,6.2,4.72,46.94,689.28,0,0
8025,2015-08-31 08:00,7.2,2.72,34.16,689.48,0,0
8026,2015-08-31 09:00,8.5,2,36.59,689.68,0,0
8027,2015-08-31 10:00,8.9,2.48,60.27,689.68,0,0
8028,2015-08-31 11:00,9,3.04,63.29,689.58,0,0
8029,2015-08-31 12:00,8.5,3.28,68.22,689.68,0,0
8030,2015-08-31 13:00,8.9,2.96,66.14,689.68,0,0
8031,2015-08-31 14:00,7.9,1.2,62.1,689.58,0,0
8032,2015-08-31 15:00,7.7,0.5,66.7,689.28,0,0
8033,2015-08-31 16:00,7.4,0.5,63.3,689.08,0,0
8034,2015-08-31 17:00,7.2,0.96,68.36,688.88,0,0.88
8035,2015-08-31 18:00,7.3,4.16,76.1,688.68,0,0
8036,2015-08-31 19:00,5.8,0.5,86.4,688.48,0,0
8037,2015-08-31 20:00,5.2,1.04,91.87,688.28,0,0
8038,2015-08-31 21:00,5.6,2.96,98.8,687.68,0,0
8039,2015-08-31 22:00,4.3,1.92,99.25,687.68,0,0
8040,2015-08-31 23:00,4,8.16,96.13,687.38,0,0
8041,2015-09-01 00:00,2.5,8,96.55,686.98,0,0
8042,2015-09-01 01:00,1,5.36,88.15,686.48,0,0
8043,2015-09-01 02:00,1.9,4.08,92.27,686.18,0,0
8044,2015-09-01 03:00,2.2,3.12,97.3,685.68,0,0.96
8045,2015-09-01 04:00,1.8,4.64,98.65,685.18,0,0.89
8046,2015-09-01 05:00,1.7,5.84,98.7,685.08,0,0.97
8047,2015-09-01 06:00,2.1,4.4,89.15,684.58,0,0.72
8048,2015-09-01 07:00,2.5,3.44,92.44,684.48,0,0.9
8049,2015-09-01 08:00,2.7,6.72,94.29,684.48,0,0.79
8050,2015-09-01 09:00,3.2,5.44,98.64,684.48,0.2803,0.91
8051,2015-09-01 10:00,3,2.11,99.8,684.08,2.2982,0.97
8052,2015-09-01 11:00,2.9,6.72,98.59,683.98,2.8587,0.97
8053,2015-09-01 12:00,3.7,4.16,98.94,683.98,0.8968,0.75
8054,2015-09-01 13:00,4,2.08,95.86,683.98,0.056,0.77
8055,2015-09-01 14:00,4.1,1.28,92.86,683.88,0,0.94
8056,2015-09-01 15:00,3.8,1.28,91.26,683.78,0.056,0.4
8057,2015-09-01 16:00,2.4,1.28,92.37,683.68,0,0.95
8058,2015-09-01 17:00,2.4,1.04,90.57,683.68,1.4574,0.93
8059,2015-09-01 18:00,2,2.8,96.5,683.68,0.5045,1
8060,2015-09-01 19:00,1.1,4.16,96.49,683.68,0.1121,1
8061,2015-09-01 20:00,0.6,1.28,96.15,683.98,0.056,1
8062,2015-09-01 21:00,0.3,0.64,96.15,683.68,0,0.96
8063,2015-09-01 22:00,-0.1,0.64,97.51,683.38,0,0.74
8064,2015-09-01 23:00,-0.1,0.5,92.87,683.28,0,0.86
8065,2015-09-02 00:00,0,0.5,92.88,682.98,0,1
8066,2015-09-02 01:00,0.1,0.5,95.14,682.58,0,1
8067,2015-09-02 02:00,0.1,0.53,92.58,682.28,0,1
8068,2015-09-02 03:00,-0.2,0.5,92.59,681.98,0,1
8069,2015-09-02 04:00,-0.5,0.5,97.53,681.68,0.056,1
8070,2015-09-02 05:00,-1,0.64,97.53,681.48,0,0.96
8071,2015-09-02 06:00,-0.8,0.5,95.16,681.58,0,0.79
8072,2015-09-02 07:00,0.9,0.5,95.83,681.58,0.5045,0.78
8073,2015-09-02 08:00,0.4,0.5,92.94,681.58,0.056,0.93
8074,2015-09-02 09:00,-0.1,1.39,87.93,681.88,0,0.93
8075,2015-09-02 10:00,0.6,1.79,87.03,682.08,0,0.94
8076,2015-09-02 11:00,1.5,1.55,75.85,681.98,0,0.94
8077,2015-09-02 12:00,2.4,0.5,76.76,682.38,0,0.94
8078,2015-09-02 13:00,3,0.5,79.07,682.28,0,0.92
8079,2015-09-02 14:00,3.1,0.5,88.94,682.08,0,0.97
8080,2015-09-02 15:00,2.6,0.5,84.14,682.08,0,0.89
8081,2015-09-02 16:00,1.1,0.5,85.58,682.18,0,0.75
8082,2015-09-02 17:00,0.4,0.5,87.48,682.08,0.056,0.92
8083,2015-09-02 18:00,-0.2,0.5,87.38,681.78,1.009,0.98
8084,2015-09-02 19:00,0.2,0.5,93.58,681.78,0.6166,1
8085,2015-09-02 20:00,-0.8,0.5,97.53,681.78,1.009,1
8086,2015-09-02 21:00,-0.4,0.5,96.51,681.58,0.056,1
8087,2015-09-02 22:00,0,0.5,96.84,681.28,0.3924,1
8088,2015-09-02 23:00,-1.3,0.56,94.49,681.38,0.1682,1
8089,2015-09-03 00:00,-1.9,0.5,91.63,680.88,0.1682,1
8090,2015-09-03 01:00,-2.2,0.5,87.52,680.48,0,0.96
8091,2015-09-03 02:00,-4.3,0.5,88.91,680.58,0,0.89
8092,2015-09-03 03:00,-4.8,0.5,91.61,680.18,0,0.82
8093,2015-09-03 04:00,-3.1,1.63,84.99,679.88,0,0.83
8094,2015-09-03 05:00,-2.7,2.13,71.47,679.88,0,0.75
8095,2015-09-03 06:00,-2.4,1.33,48.32,679.98,0,0.73
8096,2015-09-03 07:00,-0.9,0.5,64.67,679.98,0,0.65
8097,2015-09-03 08:00,-1.3,1.2,71.05,679.88,0,0.83
8098,2015-09-03 09:00,-1.1,5.12,84.09,679.88,0,0.01
8099,2015-09-03 10:00,-1.2,5.12,81.46,679.88,0,0.5
8100,2015-09-03 11:00,-1.2,6.24,73.57,679.88,0,0.72
8101,2015-09-03 12:00,-0.9,5.44,66.67,679.98,0.8968,0.38
8102,2015-09-03 13:00,-0.8,2.56,83.1,679.88,0.5045,0.97
8103,2015-09-03 14:00,-1,1.28,89.69,679.68,0.6726,0.95
8104,2015-09-03 15:00,-0.4,2.32,91.76,679.58,0.056,0.78
8105,2015-09-03 16:00,-0.7,1.84,84.6,679.48,0.1121,0.85
8106,2015-09-03 17:00,-0.9,3.68,91.63,679.48,0.7847,0.93
8107,2015-09-03 18:00,-1.9,0.56,93.85,679.28,1.2332,1
8108,2015-09-03 19:00,-2.8,0.5,94.11,679.48,0.056,0.99
8109,2015-09-03 20:00,-3.7,1.04,94.1,679.38,0,0.8
8110,2015-09-03 21:00,-4.4,0.5,92.48,679.18,0,0.81
8111,2015-09-03 22:00,-4.8,0.88,97.13,679.08,0,0.84
8112,2015-09-03 23:00,-5,0.5,97.48,679.18,0,0.99
8113,2015-09-04 00:00,-5.2,0.5,93.43,679.08,0,1
8114,2015-09-04 01:00,-5.2,0.5,92.46,678.88,0,1
8115,2015-09-04 02:00,-5.1,0.72,96.42,678.78,0,1
8116,2015-09-04 03:00,-5,0.5,81,678.58,0,1
8117,2015-09-04 04:00,-4.7,0.64,80.03,678.48,0,1
8118,2015-09-04 05:00,-4.7,0.5,70.17,678.48,0,1
8119,2015-09-04 06:00,-3.4,1.44,51.85,678.68,0,0.99
8120,2015-09-04 07:00,-2.5,0.88,29.75,678.58,0,0.18
8121,2015-09-04 08:00,-1.9,1.04,31.62,678.88,0,0.1
8122,2015-09-04 09:00,-2,0.96,32.86,679.08,0,0.39
8123,2015-09-04 10:00,-1.9,1.2,43.1,679.38,0,0.08
8124,2015-09-04 11:00,-2.1,0.88,43.11,679.68,0,0.36
8125,2015-09-04 12:00,-1.5,1.04,56.51,679.68,0,0.27
8126,2015-09-04 13:00,-1.4,1.52,55.87,679.68,0,0.47
8127,2015-09-04 14:00,-1.2,1.36,57.02,679.48,0,0.35
8128,2015-09-04 15:00,-0.8,1.6,56.21,679.58,0,0
8129,2015-09-04 16:00,-2.1,2.8,59.75,679.28,0,0
8130,2015-09-04 17:00,-2.7,0.88,69.33,679.08,0,0.94
8131,2015-09-04 18:00,-4.3,4.08,86.9,678.98,0,0
8132,2015-09-04 19:00,-4.7,2.88,89.46,678.98,0,0
8133,2015-09-04 20:00,-4.5,3.04,95.1,679.08,0,0
8134,2015-09-04 21:00,-4.2,1.6,98.91,678.78,0,0.59
8135,2015-09-04 22:00,-4.4,1.68,87.4,678.68,0,0.93
8136,2015-09-04 23:00,-4.2,0.5,89.12,678.28,0.056,0.86
8137,2015-09-05 00:00,-4.7,1.28,92.16,677.68,0.1121,0.88
8138,2015-09-05 01:00,-4.4,0.5,90.59,677.38,0,0.92
8139,2015-09-05 02:00,-4.9,0.96,90.9,677.18,0,0.92
8140,2015-09-05 03:00,-5.1,2,93.09,676.58,0.1121,0.74
8141,2015-09-05 04:00,-5.7,0.5,90.86,676.28,0.056,0.97
8142,2015-09-05 05:00,-6.1,0.5,90.86,676.18,0,0.84
8143,2015-09-05 06:00,-6.4,0.5,88.46,676.38,0,0.98
8144,2015-09-05 07:00,-5.5,0.72,100,676.18,0,0.79
8145,2015-09-05 08:00,-5,0.96,95.35,676.28,0,0.72
8146,2015-09-05 09:00,-3.9,1.68,95.05,676.58,0,0.59
8147,2015-09-05 10:00,-3.4,1.68,99.63,676.78,0,0.31
8148,2015-09-05 11:00,-3.2,0.5,97.44,676.38,0.4484,0.98
8149,2015-09-05 12:00,-3.2,0.5,97.44,676.38,0.2803,0.97
8150,2015-09-05 13:00,-4.5,0.5,89.03,676.58,0.1682,0.97
8151,2015-09-05 14:00,-4.2,0.5,93.39,676.38,0.1682,0.75
8152,2015-09-05 15:00,-4.4,0.5,92.68,676.48,0.056,0.62
8153,2015-09-05 16:00,-5.1,1.28,95.01,676.38,0,0.53
8154,2015-09-05 17:00,-7,1.76,100,676.28,0,0
8155,2015-09-05 18:00,-9.5,12.24,100,676.28,0,0.92
8156,2015-09-05 19:00,-7.5,13.52,97.37,677.38,0,1
8157,2015-09-05 20:00,-6.2,13.92,99.62,677.78,0,0.71
8158,2015-09-05 21:00,-5.1,14.16,98.85,678.28,0,0.74
8159,2015-09-05 22:00,-3.8,11.44,98.47,678.68,0,0.51
8160,2015-09-05 23:00,-2.8,9.36,98.85,679.18,0,0.47
8161,2015-09-06 00:00,-4.1,4.24,65.41,679.18,0,0
8162,2015-09-06 01:00,-4.1,7.12,51.42,679.18,0,0
8163,2015-09-06 02:00,-3.8,5.28,77.99,679.28,0,0
8164,2015-09-06 03:00,-4.4,2.8,65.26,679.38,0,0
8165,2015-09-06 04:00,-4.3,1.52,44.19,679.38,0,0
8166,2015-09-06 05:00,-4.1,2.48,31.74,679.48,0,0
8167,2015-09-06 06:00,-3.3,3.84,26.31,679.58,0,0.99
8168,2015-09-06 07:00,-2.9,3.12,24.86,679.98,0,0.21
8169,2015-09-06 08:00,-2.3,4.72,34.19,680.28,0,0.11
8170,2015-09-06 09:00,-1.9,5.84,45,680.58,0,0.07
8171,2015-09-06 10:00,-1.4,5.28,44.39,680.88,0,0.04
8172,2015-09-06 11:00,-1.1,1.04,52.3,681.08,0,0.01
8173,2015-09-06 12:00,-1.8,5.84,56.69,681.08,0,0.02
8174,2015-09-06 13:00,-2.4,6.8,61.14,681.48,0,0.02
8175,2015-09-06 14:00,-2.8,2.96,61.21,681.78,0,0.04
8176,2015-09-06 15:00,-2.8,4.64,64.98,681.88,0,0.02
8177,2015-09-06 16:00,-2.7,3.68,65.19,681.98,0,0.03
8178,2015-09-06 17:00,-3.2,6.88,69.97,681.98,0,0.94
8179,2015-09-06 18:00,-3.4,5.04,77.02,682.28,0,0
8180,2015-09-06 19:00,-3.5,4.48,81.55,682.68,0,0
8181,2015-09-06 20:00,-3.4,4.16,73.15,682.88,0,0
8182,2015-09-06 21:00,-3.4,5.68,51.44,682.88,0,0
8183,2015-09-06 22:00,-3.6,8.8,44.49,682.78,0,0
8184,2015-09-06 23:00,-3.7,7.92,39.18,682.78,0,0
8185,2015-09-07 00:00,-4.1,3.76,37.78,682.58,0,0
8186,2015-09-07 01:00,-3.4,6.48,36.75,682.68,0,0
8187,2015-09-07 02:00,-3.2,4.56,37.98,682.48,0,0
8188,2015-09-07 03:00,-3.7,3.92,41.75,682.18,0,0
8189,2015-09-07 04:00,-4.3,4.4,42.26,681.78,0,0
8190,2015-09-07 05:00,-2.9,8.24,41.53,681.98,0,0
8191,2015-09-07 06:00,-1.4,9.92,38.08,682.28,0,0.98
8192,2015-09-07 07:00,-0.5,11.12,39.65,682.48,0,0.17
8193,2015-09-07 08:00,-0.7,10.4,40.64,682.78,0,0.1
8194,2015-09-07 09:00,-0.7,10.08,41.5,683.18,0,0.05
8195,2015-09-07 10:00,-0.4,9.84,46.44,683.28,0,0.02
8196,2015-09-07 11:00,0,10.16,43.55,683.38,0,0
8197,2015-09-07 12:00,-0.6,9.92,47.06,683.18,0,0
8198,2015-09-07 13:00,-0.8,9.44,52.9,683.18,0,0
8199,2015-09-07 14:00,-0.9,8.56,67.67,682.98,0,0
8200,2015-09-07 15:00,-1,10.32,71.39,683.28,0,0
8201,2015-09-07 16:00,-0.2,11.12,74.1,683.38,0,0
8202,2015-09-07 17:00,0.4,11.68,68.04,683.58,0,0.93
8203,2015-09-07 18:00,0.4,8.56,80.97,683.78,0,0
8204,2015-09-07 19:00,0.6,9.44,75.01,684.08,0,0
8205,2015-09-07 20:00,0.1,7.04,73.26,684.18,0,0
8206,2015-09-07 21:00,-0.3,7.84,85.82,683.98,0,0
8207,2015-09-07 22:00,-0.6,8.96,80.48,683.88,0,0
8208,2015-09-07 23:00,-1,8.48,76.47,683.68,0,0
8209,2015-09-08 00:00,-0.4,7.04,58.5,683.68,0,0
8210,2015-09-08 01:00,-1.1,7.6,53.94,683.38,0,0
8211,2015-09-08 02:00,-1,4.72,30.24,683.38,0,0
8212,2015-09-08 03:00,-0.6,4.88,27.15,683.28,0,0
8213,2015-09-08 04:00,-0.8,5.68,21.81,682.88,0,0
8214,2015-09-08 05:00,-1.2,5.2,19.11,682.68,0,0
8215,2015-09-08 06:00,-0.1,4.8,17.4,682.78,0,0.99
8216,2015-09-08 07:00,0.9,5.44,19.35,682.58,0,0.16
8217,2015-09-08 08:00,0.6,5.28,30.11,682.78,0,0.08
8218,2015-09-08 09:00,0.4,5.44,47.52,683.08,0,0
8219,2015-09-08 10:00,-0.1,8.56,76.56,683.08,0,0
8220,2015-09-08 11:00,-0.1,5.04,78.97,683.18,0,0
8221,2015-09-08 12:00,0,3.52,78.39,683.18,0,0
8222,2015-09-08 13:00,-1.1,6.16,79,683.08,0,0
8223,2015-09-08 14:00,-0.8,3.28,76.51,682.98,0,0
8224,2015-09-08 15:00,0.5,0.88,82.8,682.98,0,0
8225,2015-09-08 16:00,0,2.08,87.86,682.78,0,0
8226,2015-09-08 17:00,0,1.28,87.97,682.68,0,0.93
8227,2015-09-08 18:00,0.6,1.44,91.34,682.48,0,0
8228,2015-09-08 19:00,-1.6,3.12,95.13,682.68,0,0
8229,2015-09-08 20:00,-1.8,5.04,97.51,682.58,0,0.62
8230,2015-09-08 21:00,-2.2,4.32,100,682.38,0,0.94
8231,2015-09-08 22:00,-2.1,3.28,100,682.28,0,1
8232,2015-09-08 23:00,-1.7,3.44,92.51,682.18,0.1121,1
8233,2015-09-09 00:00,-1.8,5.12,87.96,681.98,0,0.81
8234,2015-09-09 01:00,-2,4.64,93.12,681.68,0,0.35
8235,2015-09-09 02:00,-2,5.12,89.09,681.48,0,0.91
8236,2015-09-09 03:00,-2.1,4.72,95.04,681.08,0,1
8237,2015-09-09 04:00,-2.4,4,98.16,680.88,0.056,1
8238,2015-09-09 05:00,-2.6,2,98.16,680.98,0,1
8239,2015-09-09 06:00,-2.1,4,92.25,680.98,0,0.98
8240,2015-09-09 07:00,-1.7,1.44,70.34,681.18,0,0.11
8241,2015-09-09 08:00,0.6,1.28,48.39,681.18,0,0.06
8242,2015-09-09 09:00,1,1.28,57.6,681.38,0,0
8243,2015-09-09 10:00,1.3,1.6,65.73,681.38,0,0
8244,2015-09-09 11:00,1.5,1.84,64.81,681.38,0,0
8245,2015-09-09 12:00,0.2,2.16,65.77,681.48,0,0
8246,2015-09-09 13:00,-0.5,4.08,75.78,681.38,0,0
8247,2015-09-09 14:00,-0.7,4.64,78.8,681.08,0,0
8248,2015-09-09 15:00,-0.2,2.8,78.29,681.08,0,0
8249,2015-09-09 16:00,-1.5,2.8,75.44,680.98,0,0.84
8250,2015-09-09 17:00,-2.5,6.96,73.17,680.88,0,0.93
8251,2015-09-09 18:00,-2.2,6.4,85.74,680.88,0,0.75
8252,2015-09-09 19:00,-2.6,6.88,88.9,681.08,0,0.62
8253,2015-09-09 20:00,-2.6,7.6,93.47,680.98,0,0
8254,2015-09-09 21:00,-2.7,6.8,95.11,680.78,0,0
8255,2015-09-09 22:00,-3.1,4.64,93.14,680.68,0,0
8256,2015-09-09 23:00,-3.4,5.68,94.11,680.58,0.4484,0.59
8257,2015-09-10 00:00,-4.1,6.72,97.84,680.18,0.6726,0.91
8258,2015-09-10 01:00,-4.2,1.6,92.13,679.88,0.056,0.99
8259,2015-09-10 02:00,-4.7,2.64,92.43,679.58,0,1
8260,2015-09-10 03:00,-4.5,3.28,89.62,679.48,0,1
8261,2015-09-10 04:00,-4.6,1.92,91.4,678.88,0,1
8262,2015-09-10 05:00,-5.4,3.12,94,678.88,0,1
8263,2015-09-10 06:00,-4.3,4.4,88.95,678.78,0.1121,0.98
8264,2015-09-10 07:00,-3.3,5.44,86.08,678.78,0.3363,0.07
8265,2015-09-10 08:00,-3.1,3.76,85.65,678.78,0.056,0.02
8266,2015-09-10 09:00,-2.3,3.92,87.05,678.88,0,0
8267,2015-09-10 10:00,-2.5,3.12,82.7,678.98,0,0
8268,2015-09-10 11:00,-2.6,3.6,78.78,678.88,0,0
8269,2015-09-10 12:00,-2.1,0.56,71.98,678.88,0,0.41
8270,2015-09-10 13:00,-1.7,0.5,59.84,678.88,0,0.16
8271,2015-09-10 14:00,-2,1.28,67.15,678.88,0,0.68
8272,2015-09-10 15:00,-1.8,0.64,83.24,678.88,0.056,0.77
8273,2015-09-10 16:00,-2.8,1.76,88.07,678.98,1.065,0.39
8274,2015-09-10 17:00,-3.7,0.72,90.36,678.98,0.1121,0.64
8275,2015-09-10 18:00,-3.7,0.5,95.44,679.18,0.1121,0.77
8276,2015-09-10 19:00,-4.1,0.88,97.48,679.28,0.5605,0.6
8277,2015-09-10 20:00,-4,1.44,100,679.38,0.5605,0.54
8278,2015-09-10 21:00,-4.3,0.56,100,679.38,0.7287,1
8279,2015-09-10 22:00,-5.3,1.44,93.01,679.38,0.2242,0.87
8280,2015-09-10 23:00,-5.6,0.5,87.19,679.28,0.1121,0.9
8281,2015-09-11 00:00,-5.9,0.5,84.55,678.98,0.1121,0
8282,2015-09-11 01:00,-4.9,0.5,98.8,679.08,0.056,0
8283,2015-09-11 02:00,-4.9,0.5,97.82,679.08,0.2242,0.84
8284,2015-09-11 03:00,-5,0.5,92.41,678.88,0.1121,1
8285,2015-09-11 04:00,-5.7,0.5,83.99,678.58,0,0.66
8286,2015-09-11 05:00,-5.8,1.12,87.39,678.68,0.1121,0
8287,2015-09-11 06:00,-5.5,0.5,87.78,678.88,0.056,0.96
8288,2015-09-11 07:00,-3.9,0.5,91.11,679.18,0.3363,0.89
8289,2015-09-11 08:00,-3.4,0.5,90.98,679.58,0.1121,0.82
8290,2015-09-11 09:00,-2.4,0.64,99.63,680.08,0.056,0.85
8291,2015-09-11 10:00,-3,0.96,96.15,680.18,0,0.79
8292,2015-09-11 11:00,-4,0.56,81.55,680.38,0,0.25
8293,2015-09-11 12:00,-3.6,2.56,77.5,680.78,0,0
8294,2015-09-11 13:00,-3.4,0.96,68.62,680.88,0,0
8295,2015-09-11 14:00,-2.6,0.88,73.05,681.08,0,0
8296,2015-09-11 15:00,-2.5,0.5,69.91,681.38,0,0
8297,2015-09-11 16:00,-2.6,0.5,69.56,681.68,0,0
8298,2015-09-11 17:00,-3,0.64,80.12,681.88,0.056,0
8299,2015-09-11 18:00,-4.6,2.4,82.29,682.08,0,0
8300,2015-09-11 19:00,-5.3,0.5,82.06,682.48,0,0
8301,2015-09-11 20:00,-4.5,0.56,78.4,682.88,0,0
8302,2015-09-11 21:00,-4.2,1.04,89.17,682.78,0,0
8303,2015-09-11 22:00,-3.6,6.16,88.4,682.88,0,0
8304,2015-09-11 23:00,-4.6,1.84,95.24,682.68,0,0
8305,2015-09-12 00:00,-3.4,1.76,99.65,682.78,0,0
8306,2015-09-12 01:00,-3.6,1.76,94.08,682.58,0,0.45
8307,2015-09-12 02:00,-3.2,1.28,96.1,682.88,0,0
8308,2015-09-12 03:00,-4,0.5,95.03,682.88,0,0
8309,2015-09-12 04:00,-3.5,0.5,85.23,682.88,0,0
8310,2015-09-12 05:00,-2.2,1.04,75.85,683.28,0,0
8311,2015-09-12 06:00,-1.6,1.68,64.01,683.68,0,0.08
8312,2015-09-12 07:00,0.5,0.5,67.04,684.08,0,0
8313,2015-09-12 08:00,2.2,0.5,64.81,684.58,0,0
8314,2015-09-12 09:00,3.6,2.08,73.57,685.08,0,0
8315,2015-09-12 10:00,3.7,1.44,68.76,685.28,0,0
8316,2015-09-12 11:00,2.7,2.88,65.9,685.28,0,0
8317,2015-09-12 12:00,2,3.92,76.08,685.18,0,0
8318,2015-09-12 13:00,1.4,5.52,73.38,684.98,0,0
8319,2015-09-12 14:00,1.7,2.56,89.36,684.78,0,0
8320,2015-09-12 15:00,1.1,1.84,96.55,684.58,0,0.51
8321,2015-09-12 16:00,0.4,3.52,71.8,684.38,0.056,0.93
8322,2015-09-12 17:00,0.2,3.52,74.91,684.28,0.056,0.92
8323,2015-09-12 18:00,0.2,4.24,86.21,684.28,0,0.37
8324,2015-09-12 19:00,0,3.36,99.25,684.38,0,0.6
8325,2015-09-12 20:00,0,4.32,99.8,684.18,0.056,0.91
8326,2015-09-12 21:00,0,2.88,99.85,684.28,0,0.85
8327,2015-09-12 22:00,-0.1,9.36,99.9,684.38,0.056,1
8328,2015-09-12 23:00,0,9.36,100,683.68,0.056,1
8329,2015-09-13 00:00,-0.2,9.36,99.6,683.48,0.4484,1
8330,2015-09-13 01:00,-0.2,12.16,100,683.18,0,1
8331,2015-09-13 02:00,0.1,9.36,100,682.88,0.5045,0.95
8332,2015-09-13 03:00,0.2,6.72,100,681.98,1.5134,1
8333,2015-09-13 04:00,0,9.36,99.9,681.48,2.3542,1
8334,2015-09-13 05:00,0.5,9.36,99.24,681.28,1.6816,1
8335,2015-09-13 06:00,0.5,6.72,99.54,680.98,2.3542,0.98
8336,2015-09-13 07:00,-0.1,5.44,98.92,680.88,5.9416,0.97
8337,2015-09-13 08:00,-0.5,5.44,98.56,680.68,4.4282,0.97
8338,2015-09-13 09:00,0.1,6.72,97.85,681.18,3.9798,0.97
8339,2015-09-13 10:00,0.4,7.52,97.51,681.08,2.9148,0.97
8340,2015-09-13 11:00,1.4,4.16,96.46,681.18,1.9058,0.97
8341,2015-09-13 12:00,1.7,2.08,87.68,681.18,0.7847,0.97
8342,2015-09-13 13:00,0.3,4.16,86.52,680.78,0,0.97
8343,2015-09-13 14:00,-0.7,4.16,85.13,680.48,0.056,0.97
8344,2015-09-13 15:00,-1.4,5.44,86.63,680.38,0,0.96
8345,2015-09-13 16:00,-1.2,6.72,86.4,679.98,0,0.95
8346,2015-09-13 17:00,-1.1,6.72,97.97,679.88,0,1
8347,2015-09-13 18:00,-1,9.36,97.72,679.58,0.056,0.62
8348,2015-09-13 19:00,-0.7,15.2,92.31,679.68,0.3924,0.9
8349,2015-09-13 20:00,-0.2,12.16,95.44,678.98,1.2892,0.8
8350,2015-09-13 21:00,0.1,19.2,98.32,678.38,1.5134,0.89
8351,2015-09-13 22:00,0.4,12.16,98.62,677.48,2.3542,1
8352,2015-09-13 23:00,0.5,15.2,98.57,678.08,3.8116,1
8353,2015-09-14 00:00,0.4,0.5,98.32,677.48,3.0269,1
8354,2015-09-14 01:00,0.7,0.5,98.62,677.38,1.009,1
8355,2015-09-14 02:00,0.3,0.5,98.92,677.08,0.8968,1
8356,2015-09-14 03:00,-0.4,0.5,98.56,676.68,0.9529,1
8357,2015-09-14 04:00,-0.7,0.5,97.51,676.58,1.6255,1
8358,2015-09-14 05:00,-1.8,0.5,96.1,676.38,0.1121,1
8359,2015-09-14 06:00,-3.2,0.5,85.45,676.18,0.056,0.98
8360,2015-09-14 07:00,-2.7,0.5,81.76,675.98,0,0.98
8361,2015-09-14 08:00,-2.4,0.5,83.3,675.98,0,0.98
8362,2015-09-14 09:00,-2.3,0.5,77.75,676.28,0,0.98
8363,2015-09-14 10:00,-2,0.5,76.3,676.38,0,0.98
8364,2015-09-14 11:00,-2.2,0.5,88,676.38,0,0.98
8365,2015-09-14 12:00,-1.6,0.5,90,676.38,0.056,0.97
8366,2015-09-14 13:00,-1.8,0.5,83.45,676.48,0,0.97
8367,2015-09-14 14:00,-1.2,6.72,92.96,676.68,0.3363,0.97
8368,2015-09-14 15:00,-2,10.56,83.92,676.78,0,0.96
8369,2015-09-14 16:00,-2.6,8.24,91.15,676.98,0,0.95
8370,2015-09-14 17:00,-3.2,7.04,95.1,677.28,0,1
8371,2015-09-14 18:00,-4.3,5.76,95.1,676.88,0,0.76
8372,2015-09-14 19:00,-5.2,0.5,92.41,677.18,0,0.54
8373,2015-09-14 20:00,-6,1.2,79.06,677.28,0,0
8374,2015-09-14 21:00,-6.4,2.56,47.07,677.38,0,0
8375,2015-09-14 22:00,-6.5,3.6,71.8,677.88,0,0
8376,2015-09-14 23:00,-5.8,1.28,73.1,677.78,0,0
8377,2015-09-15 00:00,-5.6,4.24,60.2,677.78,0,0
8378,2015-09-15 01:00,-5.7,4,50.49,677.98,0,0
8379,2015-09-15 02:00,-5.6,1.28,41.33,677.68,0,0
8380,2015-09-15 03:00,-4.5,2.48,27.98,678.08,0,0.28
8381,2015-09-15 04:00,-4.5,4.08,24.6,677.98,0,0.67
8382,2015-09-15 05:00,-4.6,2.4,23.84,678.08,0,0.57
8383,2015-09-15 06:00,-5.6,4.16,26.08,677.88,0,0.99
8384,2015-09-15 07:00,-5.1,10.4,22.37,677.68,0,0.99
8385,2015-09-15 08:00,-4.7,12.4,22.41,677.88,0,0.99
8386,2015-09-15 09:00,-3.7,10.96,30.21,678.08,0,0.91
8387,2015-09-15 10:00,-3.3,10.72,36.85,678.08,0,0.81
8388,2015-09-15 11:00,-2.6,7.2,56.57,677.98,0,0.75
8389,2015-09-15 12:00,-1.7,9.92,82.66,677.98,0,0.75
8390,2015-09-15 13:00,-2.7,11.12,71.84,677.88,0,0.97
8391,2015-09-15 14:00,-2.1,2.56,88.11,677.78,0,0.93
8392,2015-09-15 15:00,-1.3,2.8,90.9,677.88,0.9529,0.95
8393,2015-09-15 16:00,-0.8,3.04,93.91,677.78,0.4484,0.95
8394,2015-09-15 17:00,-1.5,5.2,100,677.98,0.7847,0.97
8395,2015-09-15 18:00,-1.1,9.36,100,678.08,0.8968,1
8396,2015-09-15 19:00,-0.5,13.68,98.91,678.48,0.4484,1
8397,2015-09-15 20:00,-0.2,10.88,98.91,678.08,0.2803,1
8398,2015-09-15 21:00,-0.8,7.04,97.13,678.38,0.3924,1
8399,2015-09-15 22:00,0,7.84,97.49,677.98,0.6166,1
8400,2015-09-15 23:00,0.4,12.96,97.5,677.88,0.5045,1
8401,2015-09-16 00:00,-0.3,10.08,97.49,677.58,0.3924,1
8402,2015-09-16 01:00,-0.3,10.56,97.49,677.68,0.3363,1
8403,2015-09-16 02:00,0,9.36,96.46,677.38,1.2892,1
8404,2015-09-16 03:00,0.2,7.52,95.92,677.68,1.4574,0.96
8405,2015-09-16 04:00,0.2,5.44,94.15,677.08,1.5134,1
8406,2015-09-16 05:00,0.4,6.72,94.8,677.38,1.065,0.96
8407,2015-09-16 06:00,0.5,9.36,92.5,677.58,0.7287,0.98
8408,2015-09-16 07:00,0.5,10.56,94.42,678.08,1.2892,0.97
8409,2015-09-16 08:00,1.1,12.16,93.61,677.98,0.8408,0.97
8410,2015-09-16 09:00,1.6,12.16,96.09,678.28,0.2803,0.97
8411,2015-09-16 10:00,1.7,15.2,96.53,678.48,0.5605,0.97
8412,2015-09-16 11:00,2,12.16,96.49,678.78,0.2242,0.97
8413,2015-09-16 12:00,2.2,13.28,95.86,678.98,0.1682,0.97
8414,2015-09-16 13:00,2.1,10.88,94.46,679.18,0.056,0.97
8415,2015-09-16 14:00,1.9,9.36,93.51,679.28,0.056,0.97
8416,2015-09-16 15:00,1.8,13.28,93.78,679.28,0.056,0.96
8417,2015-09-16 16:00,1.9,16.56,89.09,679.08,0,0.95
8418,2015-09-16 17:00,1.2,10.56,90.75,678.98,0,1
8419,2015-09-16 18:00,1.1,15.2,90.63,678.88,0.056,0
8420,2015-09-16 19:00,0.7,9.36,87.95,679.38,0,0
8421,2015-09-16 20:00,0.7,0.5,94.09,679.48,0,0
8422,2015-09-16 21:00,1.2,0.5,92.78,679.68,0.1121,0
8423,2015-09-16 22:00,1.2,0.5,91.79,679.68,0.2242,0.18
8424,2015-09-16 23:00,1.1,0.5,84.09,679.48,0.1682,0
8425,2015-09-17 00:00,0.6,0.5,79.12,679.38,0.1682,0
8426,2015-09-17 01:00,-0.2,0.5,80.38,678.88,0.056,0
8427,2015-09-17 02:00,0.2,0.5,84.53,678.88,0.056,0
8428,2015-09-17 03:00,0.8,9.36,94.04,678.58,0.1682,0
8429,2015-09-17 04:00,1,12.16,94.53,678.58,0.2242,0.43
8430,2015-09-17 05:00,1,9.76,94.78,678.48,0.3924,0.95
8431,2015-09-17 06:00,1.1,22.88,92.68,678.98,1.1211,0.98
8432,2015-09-17 07:00,1.1,16.8,80.45,678.38,0.8968,0.98
8433,2015-09-17 08:00,0.2,0.5,74.89,677.78,0.056,0.98
8434,2015-09-17 09:00,0.2,0.5,84.71,678.38,0.2242,0.98
8435,2015-09-17 10:00,0.4,0.5,93.87,678.28,0.2242,0.97
8436,2015-09-17 11:00,1.1,0.5,94.78,677.68,2.6906,0.97
8437,2015-09-17 12:00,1.4,0.5,94.38,677.08,7.2308,0.97
8438,2015-09-17 13:00,1.9,0.5,94.04,678.28,4.9887,0.97
8439,2015-09-17 14:00,2.3,0.5,94.74,678.98,0.3924,0.97
8440,2015-09-17 15:00,2.4,0.5,88.09,678.98,0.6726,0.96
8441,2015-09-17 16:00,0.7,1.04,73.34,679.28,0,0.95
8442,2015-09-17 17:00,-2.1,1.36,58.94,679.48,0,1
8443,2015-09-17 18:00,-3.9,1.44,49.65,679.98,0,0
8444,2015-09-17 19:00,-5.1,0.56,36.56,679.78,0,0
8445,2015-09-17 20:00,-5.6,0.5,51.61,679.78,0.056,0
8446,2015-09-17 21:00,-5.8,0.5,61.83,679.68,0,0
8447,2015-09-17 22:00,-5.9,0.5,63.01,679.58,0.056,0
8448,2015-09-17 23:00,-6.2,0.5,57.35,679.08,0,0
8449,2015-09-18 00:00,-6.6,0.5,54.91,678.98,0,0
8450,2015-09-18 01:00,-6.7,0.5,56.77,678.78,0,0
8451,2015-09-18 02:00,-6.7,0.5,64.91,678.58,0,0
8452,2015-09-18 03:00,-6.8,3.04,69.9,678.28,0,0
8453,2015-09-18 04:00,-7.3,1.28,61.87,678.18,0,0
8454,2015-09-18 05:00,-7.7,4.16,62.09,678.08,0,0
8455,2015-09-18 06:00,-7.6,2.08,67.22,678.28,0,0.77
8456,2015-09-18 07:00,-4.3,2.08,73.38,678.68,0,0.98
8457,2015-09-18 08:00,-2.9,0.5,86.04,679.08,0,0.98
8458,2015-09-18 09:00,-2.2,0.5,94.38,679.48,0.6726,0.87
8459,2015-09-18 10:00,-0.7,0.5,87.4,679.78,1.4013,0.98
8460,2015-09-18 11:00,0.6,0.5,92.51,680.18,0.5045,0.89
8461,2015-09-18 12:00,1.1,0.5,94.42,680.38,0.2242,0.92
8462,2015-09-18 13:00,0.7,0.5,97.85,680.68,0,0.92
8463,2015-09-18 14:00,-0.5,0.8,90.95,680.68,0,0.97
8464,2015-09-18 15:00,-1.7,1.28,91.89,680.68,0.056,0.96
8465,2015-09-18 16:00,-2.6,1.6,88.87,680.88,0,0.95
8466,2015-09-18 17:00,-4,0.5,89.44,680.88,0,1
8467,2015-09-18 18:00,-5.5,0.5,88.47,681.08,0,0.71
8468,2015-09-18 19:00,-6.5,0.5,83.07,681.38,0,0
8469,2015-09-18 20:00,-7.6,0.5,60.33,681.78,0,0
8470,2015-09-18 21:00,-8.2,0.72,46.92,681.88,0,0
8471,2015-09-18 22:00,-8.3,0.5,40.36,682.28,0,0
8472,2015-09-18 23:00,-8.2,0.5,38.21,682.18,0,0
8473,2015-09-19 00:00,-8.4,1.28,32.89,682.18,0,0
8474,2015-09-19 01:00,-8.5,1.36,27.13,681.88,0,0
8475,2015-09-19 02:00,-8.5,1.2,24.17,681.68,0,0
8476,2015-09-19 03:00,-8.5,0.5,24,681.48,0,0
8477,2015-09-19 04:00,-8.4,0.5,25.65,681.28,0,0
8478,2015-09-19 05:00,-8.7,0.5,29.15,680.98,0,0
8479,2015-09-19 06:00,-7.5,0.5,26.45,680.88,0,1
8480,2015-09-19 07:00,-5.3,0.5,28.14,681.18,0,0.98
8481,2015-09-19 08:00,-5,0.5,28.92,681.18,0,0.98
8482,2015-09-19 09:00,-4.5,0.5,33.85,681.18,0,0.98
8483,2015-09-19 10:00,-3.2,0.5,49.1,681.18,0,0.98
8484,2015-09-19 11:00,-3.1,0.5,63.61,681.18,0,0.98
8485,2015-09-19 12:00,-1.2,0.5,76.68,680.78,0,0.89
8486,2015-09-19 13:00,-0.8,0.5,79.81,680.78,0.056,0.97
8487,2015-09-19 14:00,-0.6,0.5,94.81,680.38,0,0.8
8488,2015-09-19 15:00,-1,0.5,97.44,680.28,0.2242,0.96
8489,2015-09-19 16:00,-2.4,0.5,100,680.18,0.1682,0.95
8490,2015-09-19 17:00,-3.7,0.5,100,679.98,0.2242,0.94
8491,2015-09-19 18:00,-6,0.88,99.63,680.08,0.056,0.97
8492,2015-09-19 19:00,-7.2,0.5,98.15,680.38,0,1
8493,2015-09-19 20:00,-7.5,0.5,96.36,680.28,0,0.46
8494,2015-09-19 21:00,-7.1,0.5,96.36,680.38,0,0.32
8495,2015-09-19 22:00,-7,0.5,96.35,679.88,0,0.48
8496,2015-09-19 23:00,-6.7,0.5,96,679.68,0,0
8497,2015-09-20 00:00,-6.7,0.5,95.65,679.48,0,0.59
8498,2015-09-20 01:00,-6.1,0.5,95.65,679.58,0,1
8499,2015-09-20 02:00,-7.1,0.5,95.63,679.88,0,1
8500,2015-09-20 03:00,-8.6,0.5,95.63,679.78,0,1
8501,2015-09-20 04:00,-7.7,0.5,92.92,679.78,0,0.95
8502,2015-09-20 05:00,-7.1,0.5,91.96,679.88,0,0.82
8503,2015-09-20 06:00,-7,0.5,67.62,680.48,0,1
8504,2015-09-20 07:00,-6.4,0.5,56.57,680.88,0.056,0.98
8505,2015-09-20 08:00,-5.2,0.5,35.88,681.68,0,0.98
8506,2015-09-20 09:00,-4.8,0.5,20.3,681.98,0,0.98
8507,2015-09-20 10:00,-3.7,0.5,24.99,682.38,0,0.98
8508,2015-09-20 11:00,-1.7,12.08,31.54,682.68,0,0.98
8509,2015-09-20 12:00,-1.1,10.48,40.58,682.98,0,0.98
8510,2015-09-20 13:00,0,10.88,41.88,683.28,0,0.55
8511,2015-09-20 14:00,0,10.72,41.4,683.58,0,0.2
8512,2015-09-20 15:00,1.2,12.08,43.92,683.88,0,0.06
8513,2015-09-20 16:00,1.7,9.44,38.07,684.18,0,0.01
8514,2015-09-20 17:00,1.6,10.32,30.59,684.28,0,0.91
8515,2015-09-20 18:00,1.9,11.12,28.6,684.38,0,0
8516,2015-09-20 19:00,2.2,10.24,15.82,684.48,0,0
8517,2015-09-20 20:00,2,7.84,24.77,684.78,0,0
8518,2015-09-20 21:00,2.1,6.96,14.8,684.78,0,0
8519,2015-09-20 22:00,2.1,5.84,14.36,684.48,0,0
8520,2015-09-20 23:00,1.3,2.64,13.56,684.18,0,0
8521,2015-09-21 00:00,0.1,0.8,14.23,683.88,0,0
8522,2015-09-21 01:00,-0.2,1.36,12.36,683.68,0,0
8523,2015-09-21 02:00,-0.2,1.28,13.86,683.18,0,0
8524,2015-09-21 03:00,-0.6,0.5,15.07,682.88,0,0
8525,2015-09-21 04:00,-0.7,1.2,15.32,682.68,0,0
8526,2015-09-21 05:00,-0.4,0.5,12.87,682.78,0,0
8527,2015-09-21 06:00,1,2.88,10.68,682.78,0,1
8528,2015-09-21 07:00,2.1,2.16,11.54,682.68,0,0.24
8529,2015-09-21 08:00,2.8,1.76,12.24,682.68,0,0.15
8530,2015-09-21 09:00,3.5,1.76,13.23,682.68,0,0.33
8531,2015-09-21 10:00,3.7,2.4,16.28,682.78,0,0.14
8532,2015-09-21 11:00,4.9,0.5,18.73,682.68,0,0.06
8533,2015-09-21 12:00,4.5,1.04,16.88,682.48,0,0.05
8534,2015-09-21 13:00,4.5,0.5,16.71,682.18,0,0.04
8535,2015-09-21 14:00,4.2,0.96,21.37,682.08,0,0.04
8536,2015-09-21 15:00,3.9,0.5,33.36,681.98,0,0.02
8537,2015-09-21 16:00,3.3,1.04,37.84,681.98,0,0.21
8538,2015-09-21 17:00,2.6,1.52,35.56,681.68,0,0.83
8539,2015-09-21 18:00,0.4,2.56,33.92,681.48,0,0
8540,2015-09-21 19:00,0.5,1.68,36.91,681.58,0,0
8541,2015-09-21 20:00,0.6,0.8,38.2,681.28,0,0
8542,2015-09-21 21:00,0.2,1.36,41.62,681.08,0,0
8543,2015-09-21 22:00,-0.2,0.5,55.21,680.68,0,0
8544,2015-09-21 23:00,-0.9,0.5,44.4,679.98,0,0
8545,2015-09-22 00:00,-1.2,0.5,42.45,679.58,0,0
8546,2015-09-22 01:00,-1.1,3.36,40.11,679.08,0,0
8547,2015-09-22 02:00,-0.9,3.84,45.06,678.48,0,0
8548,2015-09-22 03:00,-1.9,0.96,46.85,677.98,0,0
8549,2015-09-22 04:00,-2.5,0.5,50.47,677.68,0,0
8550,2015-09-22 05:00,-2.6,0.56,49.42,677.08,0,0
8551,2015-09-22 06:00,-2.3,0.96,59.62,676.88,0,0.99
8552,2015-09-22 07:00,-1.8,0.88,62.89,676.38,0,0.81
8553,2015-09-22 08:00,-0.8,4,69.29,676.08,0,0.41
8554,2015-09-22 09:00,-1.6,1.68,59.38,675.88,0.2242,0.31
8555,2015-09-22 10:00,-1.7,1.52,52.33,675.48,0.1121,0.34
8556,2015-09-22 11:00,-1.7,0.5,51.8,674.98,0.056,0.67
8557,2015-09-22 12:00,-2.6,0.5,58.93,674.98,0,0.82
8558,2015-09-22 13:00,-2.6,1.2,65.4,674.18,0.056,0.92
8559,2015-09-22 14:00,-1.6,2.56,74.29,674.48,0.1121,0.97
8560,2015-09-22 15:00,-2,1.6,77.81,673.88,0.056,0.66
8561,2015-09-22 16:00,-2.2,0.5,86.4,673.68,0.056,0.86
8562,2015-09-22 17:00,-2.1,0.5,95.7,673.88,0.1121,1
8563,2015-09-22 18:00,-2.7,1.2,100,673.98,0.1121,0.95
8564,2015-09-22 19:00,-4.2,0.72,100,673.78,0.3924,0.85
8565,2015-09-22 20:00,-4.4,1.12,99.95,673.28,0.4484,0.91
8566,2015-09-22 21:00,-4.9,0.5,98.17,672.78,0.1682,1
8567,2015-09-22 22:00,-4.9,1.28,95.03,672.48,0.1121,0.95
8568,2015-09-22 23:00,-4.9,0.5,95.03,671.98,0.3924,0.94
8569,2015-09-23 00:00,-5,4.16,95.03,671.58,0.7847,0.91
8570,2015-09-23 01:00,-5.1,1.28,97.45,671.18,0.6726,1
8571,2015-09-23 02:00,-5.5,1.28,95.03,670.68,0.5045,1
8572,2015-09-23 03:00,-5.9,1.04,95.35,670.08,0.3924,1
8573,2015-09-23 04:00,-6,1.04,93.66,669.48,0.4484,1
8574,2015-09-23 05:00,-8.1,9.36,96.33,668.78,0.2242,1
8575,2015-09-23 06:00,-10,9.36,95.57,668.78,0.056,1
8576,2015-09-23 07:00,-10.2,9.36,94.15,667.98,0,0.98
8577,2015-09-23 08:00,-10.6,9.36,94.13,667.88,0,0.98
8578,2015-09-23 09:00,-10.4,9.36,94.13,668.28,0,0.98
8579,2015-09-23 10:00,-10.2,3.36,94.13,669.18,0,0.95
8580,2015-09-23 11:00,-10.2,6.16,94.14,669.68,0,0.96
8581,2015-09-23 12:00,-10.5,4.56,93.47,669.48,0,0.98
8582,2015-09-23 13:00,-10.5,4.4,93.48,670.18,0,0.98
8583,2015-09-23 14:00,-10.4,8.96,93.48,669.88,0,0.97
8584,2015-09-23 15:00,-10.2,9.04,93.51,670.48,0,0.97
8585,2015-09-23 16:00,-10.1,7.68,93.51,671.18,0,0.95
8586,2015-09-23 17:00,-10,7.84,93.48,671.28,0,0.97
8587,2015-09-23 18:00,-9.8,8.24,93.48,671.88,0,0.53
8588,2015-09-23 19:00,-9.9,8.4,93.48,672.48,0,0.56
8589,2015-09-23 20:00,-10.1,8.48,93.15,672.98,0,0.85
8590,2015-09-23 21:00,-9.6,9.84,93.15,673.78,0,0.86
8591,2015-09-23 22:00,-9.9,5.44,93.15,673.98,0,0.91
8592,2015-09-23 23:00,-9.6,8.88,91.13,673.88,0,0.96
8593,2015-09-24 00:00,-9.7,10.96,90.48,673.98,0,1
8594,2015-09-24 01:00,-9.4,14.32,93.12,673.98,0,1
8595,2015-09-24 02:00,-9.7,10.8,93.12,674.38,0,1
8596,2015-09-24 03:00,-9.7,12.56,93.12,674.28,0,1
8597,2015-09-24 04:00,-9.6,13.84,93.1,674.28,0,1
8598,2015-09-24 05:00,-9,16.64,92.42,674.18,0,1
8599,2015-09-24 06:00,-8.3,10,86.73,675.68,0,0.96
8600,2015-09-24 07:00,-7.9,9.28,65.97,676.48,0,0.44
8601,2015-09-24 08:00,-7.1,8.4,65.18,676.98,0,0.98
8602,2015-09-24 09:00,-6.1,9.28,66.47,677.48,0,0.47
8603,2015-09-24 10:00,-5,10.16,67.22,677.98,0,0
8604,2015-09-24 11:00,-4.6,9.12,69.35,678.68,0,0.06
8605,2015-09-24 12:00,-4.4,7.84,70.52,678.78,0,0.05
8606,2015-09-24 13:00,-2.2,5.2,67.05,679.18,0,0.05
8607,2015-09-24 14:00,-3.4,6.16,76.28,679.18,0,0.04
8608,2015-09-24 15:00,-2.3,5.84,80.48,679.88,0,0.05
8609,2015-09-24 16:00,-1.9,8.64,82.28,680.08,0,0.37
8610,2015-09-24 17:00,-2.1,11.52,83.12,680.38,0,0.79
8611,2015-09-24 18:00,-3.1,12,71.35,680.28,0,0
8612,2015-09-24 19:00,-3.4,12,74.78,680.88,0,0
8613,2015-09-24 20:00,-3,11.36,67.21,681.08,0,0
8614,2015-09-24 21:00,-2.9,12.24,70.6,681.08,0,0
8615,2015-09-24 22:00,-3.1,12,64.66,681.18,0,0
8616,2015-09-24 23:00,-2.4,7.68,60.12,681.38,0,0
8617,2015-09-25 00:00,-1.9,9.84,64.44,681.28,0,0
8618,2015-09-25 01:00,-1.4,7.6,64.59,681.28,0,0
8619,2015-09-25 02:00,-1.1,6.8,64.5,681.08,0,0
8620,2015-09-25 03:00,-2,7.36,69.07,680.78,0,0
8621,2015-09-25 04:00,-2.1,6,77.06,681.18,0,0
8622,2015-09-25 05:00,-2,7.36,80.97,680.98,0,0
8623,2015-09-25 06:00,-2,7.84,70.96,681.38,0,1
8624,2015-09-25 07:00,-2.6,11.36,69.41,681.48,0,0.72
8625,2015-09-25 08:00,-2.5,9.2,68.09,681.88,0,0.35
8626,2015-09-25 09:00,-2.2,9.44,68.59,682.08,0,0.04
8627,2015-09-25 10:00,-2.4,6.24,69.08,682.28,0,0.02
8628,2015-09-25 11:00,-1.9,4.88,67.92,682.28,0,0.05
8629,2015-09-25 12:00,-1.5,4.64,63.17,682.38,0,0.25
8630,2015-09-25 13:00,-1.3,2.48,63.09,682.48,0,0.01
8631,2015-09-25 14:00,-1,2.16,65.29,682.58,0,0.02
8632,2015-09-25 15:00,-1.4,1.6,63.8,682.58,0,0
8633,2015-09-25 16:00,-2.5,3.12,63.59,682.58,0,0.42
8634,2015-09-25 17:00,-2.3,5.12,76.41,682.58,0,0.95
8635,2015-09-25 18:00,-2.6,4.08,78.64,682.68,0,0
8636,2015-09-25 19:00,-2.4,5.44,80.02,682.88,0,0
8637,2015-09-25 20:00,-2.5,6.08,80.02,682.78,0,0
8638,2015-09-25 21:00,-2.8,6.32,74.89,682.78,0,0
8639,2015-09-25 22:00,-3,7.52,61.9,682.68,0,0
8640,2015-09-25 23:00,-2.6,6.16,55.84,682.68,0,0
8641,2015-09-26 00:00,-2.4,6.24,46.38,682.48,0,0
8642,2015-09-26 01:00,-2.7,5.84,44.45,682.38,0,0
8643,2015-09-26 02:00,-2.7,5.12,39.54,682.18,0,0
8644,2015-09-26 03:00,-2.8,3.68,37.09,682.08,0,0
8645,2015-09-26 04:00,-2.9,2.96,37.2,681.88,0,0
8646,2015-09-26 05:00,-3.2,2.56,36.3,681.88,0,0
8647,2015-09-26 06:00,-2.7,0.64,31.46,682.08,0,1
8648,2015-09-26 07:00,-1.6,1.68,28.52,682.08,0,0.22
8649,2015-09-26 08:00,-0.7,1.36,27.66,682.28,0,0.16
8650,2015-09-26 09:00,-1.2,2,25.37,682.48,0,0.14
8651,2015-09-26 10:00,-0.2,1.68,24.34,682.48,0,0.12
8652,2015-09-26 11:00,0,1.68,33.18,682.58,0,0
8653,2015-09-26 12:00,-0.1,1.36,41.1,682.58,0,0.06
8654,2015-09-26 13:00,-0.2,0.96,38.06,682.58,0,0.07
8655,2015-09-26 14:00,-0.2,1.12,46.06,682.48,0,0.79
8656,2015-09-26 15:00,-1.8,0.64,45.91,682.68,0.056,0.82
8657,2015-09-26 16:00,-1.2,0.8,45.84,682.68,0,0.84
8658,2015-09-26 17:00,-2,0.5,58.61,682.88,0,1
8659,2015-09-26 18:00,-3.4,0.5,76.71,682.98,0,0
8660,2015-09-26 19:00,-3.7,0.5,74.67,683.08,0,0
8661,2015-09-26 20:00,-2.6,1.36,76.33,683.08,0,0
8662,2015-09-26 21:00,-2.1,2,84.67,683.08,0.056,0
8663,2015-09-26 22:00,-2.5,2.88,96.53,682.98,0.1682,0
8664,2015-09-26 23:00,-2.3,4.16,88.5,682.78,0.4484,0
8665,2015-09-27 00:00,-2.8,4.08,64.51,682.78,0.2242,0
8666,2015-09-27 01:00,-3.3,4.08,47.53,682.68,0.056,0
8667,2015-09-27 02:00,-3.1,5.12,40.77,682.58,0,0
8668,2015-09-27 03:00,-2.9,5.36,37.01,682.48,0,0
8669,2015-09-27 04:00,-2.9,5.44,38.6,682.48,0,0
8670,2015-09-27 05:00,-2.8,5.28,41.55,682.58,0,0
8671,2015-09-27 06:00,-2.4,4.72,39.29,682.88,0,1
8672,2015-09-27 07:00,-1.6,2.16,39.47,683.08,0,0.15
8673,2015-09-27 08:00,-0.9,2.48,40.49,683.28,0,0
8674,2015-09-27 09:00,-0.6,3.76,37.66,683.58,0,0
8675,2015-09-27 10:00,-0.4,3.12,38.85,683.68,0,0.19
8676,2015-09-27 11:00,-0.7,3.6,40.98,683.78,0,0.29
8677,2015-09-27 12:00,-1.6,4.08,38.04,683.78,0,0.11
8678,2015-09-27 13:00,-2.1,4.32,43.92,683.78,0,0.29
8679,2015-09-27 14:00,-2.2,5.68,54.03,683.78,0,0.24
8680,2015-09-27 15:00,-2.6,6.8,56.77,683.88,0,0.04
8681,2015-09-27 16:00,-2.8,7.2,67.6,683.98,0,0.77
8682,2015-09-27 17:00,-2.9,7.52,88.04,684.08,0,0.86
8683,2015-09-27 18:00,-2.7,7.68,95.08,684.38,0,0
8684,2015-09-27 19:00,-1.8,8.4,96.44,684.58,0,0
8685,2015-09-27 20:00,-1.7,7.04,96.09,684.58,0.056,0
8686,2015-09-27 21:00,-1.4,9.2,97.82,684.68,0,0
8687,2015-09-27 22:00,-1.3,10.08,92.41,684.58,0,0
8688,2015-09-27 23:00,-1.4,7.44,86.15,684.68,0,0
8689,2015-09-28 00:00,-3.2,9.2,97.32,684.68,0,0
8690,2015-09-28 01:00,-3.1,10.08,69.34,684.58,0,0
8691,2015-09-28 02:00,-3.3,6.72,72.58,684.58,0,0
8692,2015-09-28 03:00,-3.9,9.92,26.14,684.18,0.056,0
8693,2015-09-28 04:00,-4,10.8,15.84,683.98,0,0
8694,2015-09-28 05:00,-4.5,9.6,13.58,684.08,0,0
8695,2015-09-28 06:00,-4,10.56,11.74,683.98,0,1
8696,2015-09-28 07:00,-3.6,11.52,11.83,684.08,0,0.16
8697,2015-09-28 08:00,-3.8,13.28,12.95,683.98,0,0.1
8698,2015-09-28 09:00,-3.9,10.72,12.47,684.38,0,0
8699,2015-09-28 10:00,-3.7,7.68,18.87,684.08,0,0
8700,2015-09-28 11:00,-4.6,7.6,21.57,683.78,0,0
8701,2015-09-28 12:00,-4.5,5.44,30.45,683.48,0,0
8702,2015-09-28 13:00,-4.7,3.76,38.39,682.98,0,0
8703,2015-09-28 14:00,-4.9,2.4,49.4,682.68,0,0
8704,2015-09-28 15:00,-5.1,1.68,51.52,682.38,0,0
8705,2015-09-28 16:00,-6.9,3.28,62.01,682.08,0,0.71
8706,2015-09-28 17:00,-8.5,4.64,57.43,681.88,0,0.95
8707,2015-09-28 18:00,-7.7,4.88,71.01,681.68,0,0.54
8708,2015-09-28 19:00,-7.3,5.36,84.27,681.38,0.056,0
8709,2015-09-28 20:00,-8.9,2.16,89.44,681.28,0,0
8710,2015-09-28 21:00,-8.9,2.64,100,680.98,0.1682,0
8711,2015-09-28 22:00,-9.5,0.96,100,680.58,0.3363,0
8712,2015-09-28 23:00,-8.4,2.16,97.08,680.28,0.3363,0.82
8713,2015-09-29 00:00,-8.5,1.28,100,680.18,0.6726,0.73
8714,2015-09-29 01:00,-8.8,1.04,98.88,679.98,0.1682,1
8715,2015-09-29 02:00,-9.6,0.56,94.96,679.78,0.0841,1
8716,2015-09-29 03:00,-10.6,0.8,94.94,679.28,0.1682,1
8717,2015-09-29 04:00,-9.8,0.5,92.56,679.48,0.0841,1
8718,2015-09-29 05:00,-9.2,1.28,98.87,679.18,0,1
8719,2015-09-29 06:00,-7.6,0.88,100,679.38,0,1
8720,2015-09-29 07:00,-6.6,1.2,100,679.88,0,0.81
8721,2015-09-29 08:00,-5.8,3.52,100,680.18,0.2522,0.52
8722,2015-09-29 09:00,-5.7,2.56,92.98,680.58,0.3363,0.8
8723,2015-09-29 10:00,-5.7,1.68,94.98,680.98,0.1682,0.94
8724,2015-09-29 11:00,-5.3,2.8,91.41,681.08,0.0841,0.91
8725,2015-09-29 12:00,-4.8,1.92,89.11,681.28,0.0841,0.89
8726,2015-09-29 13:00,-4.7,1.12,90.58,681.08,0,0.88
8727,2015-09-29 14:00,-4.6,0.5,92.42,681.18,0.0841,0.94
8728,2015-09-29 15:00,-5.3,0.5,93.4,681.18,0,0.96
8729,2015-09-29 16:00,-5.8,0.5,90.89,681.28,0,0.94
8730,2015-09-29 17:00,-6.2,0.5,93.66,681.28,0.1121,1
8731,2015-09-29 18:00,-6.6,0.5,93.01,681.58,0.1121,1
8732,2015-09-29 19:00,-6.8,0.64,96.01,681.68,0,0.95
8733,2015-09-29 20:00,-6.8,0.5,91.98,682.08,0,0.65
8734,2015-09-29 21:00,-7.2,0.5,93.61,682.08,0,0.13
8735,2015-09-29 22:00,-8.1,5.23,93.62,682.18,0,0
8736,2015-09-29 23:00,-8.9,0.5,94.96,682.28,0,0
8737,2015-09-30 00:00,-8.7,0.5,100,682.48,0,0.88
8738,2015-09-30 01:00,-8,0.5,100,682.28,0,0.99
8739,2015-09-30 02:00,-8.3,0.5,100,682.08,0,1
8740,2015-09-30 03:00,-8.4,0.5,99.62,682.08,0,0.99
8741,2015-09-30 04:00,-8.2,0.5,80.03,681.98,0,0.99
8742,2015-09-30 05:00,-7.6,0.5,82.22,681.98,0,1
8743,2015-09-30 06:00,-7.4,4.16,75.95,682.08,0,0.79
8744,2015-09-30 07:00,-4.6,4.16,62.26,682.38,0,0.76
8745,2015-09-30 08:00,-4.1,0.5,65.12,682.48,0,0.83
8746,2015-09-30 09:00,-3.7,0.56,69.03,682.68,0,0.87
8747,2015-09-30 10:00,-3.4,1.52,71.9,682.68,0,0.98
8748,2015-09-30 11:00,-2.7,2.16,69.46,682.78,0,0.98
8749,2015-09-30 12:00,-3.4,4.08,69.31,682.68,0,0.97
8750,2015-09-30 13:00,-3,5.12,67.23,682.38,1.065,0.07
8751,2015-09-30 14:00,-4.3,7.28,65.88,681.98,0.1682,0
8752,2015-09-30 15:00,-5,8.24,63.82,681.78,0.056,0
8753,2015-09-30 16:00,-5.3,10,57.89,681.18,0,0.77
8754,2015-09-30 17:00,-6.1,8.96,75.54,681.08,0,0
8755,2015-09-30 18:00,-6.5,8.8,77.69,680.88,0,0
8756,2015-09-30 19:00,-7.1,7.2,90.14,680.58,0.1682,0
8757,2015-09-30 20:00,-7.9,7.6,100,680.18,0.3363,0.04
8758,2015-09-30 21:00,-7.7,6.48,100,679.78,0.1682,0.82
8759,2015-09-30 22:00,-7.8,5.6,100,679.38,0,1
8760,2015-09-30 23:00,-7.6,5.68,100,678.88,0.1682,1
